SID,SEASON,NAME,ISO_TIME,NATURE,LAT,LON,NEWDELHI_WIND,NEWDELHI_PRES,STORM_SPEED,STORM_DIR,lat_3h_ago,lon_3h_ago,lat_6h_ago,lon_6h_ago,lat_3h,lon_3h,lat_6h,lon_6h,lat_12h,lon_12h,lat_18h,lon_18h,lat_24h,lon_24h,direction_sin,direction_cos
2010136N09057,2010,BANDU,2010-05-15 18:00:00,DS,9.4,57.0,,,4,40,9.3,56.8,9.3,56.5,9.6,57.1,9.8,57.0,10.0,56.8,10.1,56.1,9.9,56.0,0.6427876096865393,0.766044443118978
2010136N09057,2010,BANDU,2010-05-15 21:00:00,DS,9.6,57.1,,,4,0,9.4,57.0,9.3,56.8,9.8,57.0,9.9,57.0,10.1,56.4,10.0,56.0,9.7,56.2,0.0,1.0
2010136N09057,2010,BANDU,2010-05-16 00:00:00,DS,9.8,57.0,,,3,345,9.6,57.1,9.4,57.0,9.9,57.0,10.0,56.8,10.1,56.1,9.9,56.0,9.6,56.6,-0.2588190451025207,0.9659258262890683
2010136N09057,2010,BANDU,2010-05-16 03:00:00,DS,9.9,57.0,,,3,315,9.8,57.0,9.6,57.1,10.0,56.8,10.1,56.4,10.0,56.0,9.7,56.2,9.7,57.0,-0.7071067811865477,0.7071067811865474
2010136N09057,2010,BANDU,2010-05-16 06:00:00,DS,10.0,56.8,,,5,285,9.9,57.0,9.8,57.0,10.1,56.4,10.1,56.1,9.9,56.0,9.6,56.6,9.7,57.3,-0.9659258262890684,0.2588190451025203
2010136N09057,2010,BANDU,2010-05-16 09:00:00,DS,10.1,56.4,,,7,280,10.0,56.8,9.9,57.0,10.1,56.1,10.0,56.0,9.7,56.2,9.7,57.0,9.5,57.5,-0.9848077530122081,0.17364817766692997
2010136N09057,2010,BANDU,2010-05-16 12:00:00,DS,10.1,56.1,,,5,265,10.1,56.4,10.0,56.8,10.0,56.0,9.9,56.0,9.6,56.6,9.7,57.3,9.3,57.6,-0.9961946980917455,-0.08715574274765825
2010136N09057,2010,BANDU,2010-05-16 15:00:00,DS,10.0,56.0,,,2,205,10.1,56.1,10.1,56.4,9.9,56.0,9.7,56.2,9.7,57.0,9.5,57.5,9.0,57.5,-0.4226182617406993,-0.90630778703665
2010136N09057,2010,BANDU,2010-05-16 18:00:00,DS,9.9,56.0,,,4,135,10.0,56.0,10.1,56.1,9.7,56.2,9.6,56.6,9.7,57.3,9.3,57.6,8.9,57.3,0.7071067811865476,-0.7071067811865475
2010136N09057,2010,BANDU,2010-05-16 21:00:00,DS,9.7,56.2,,,7,115,9.9,56.0,10.0,56.0,9.6,56.6,9.7,57.0,9.5,57.5,9.0,57.5,9.0,57.0,0.90630778703665,-0.42261826174069933
2010136N09057,2010,BANDU,2010-05-17 00:00:00,DS,9.6,56.6,,,7,95,9.7,56.2,9.9,56.0,9.7,57.0,9.7,57.3,9.3,57.6,8.9,57.3,9.2,56.7,0.9961946980917455,-0.08715574274765824
2010136N09057,2010,BANDU,2010-05-17 03:00:00,DS,9.7,57.0,,,7,80,9.6,56.6,9.7,56.2,9.7,57.3,9.5,57.5,9.0,57.5,9.0,57.0,9.4,56.6,0.984807753012208,0.17364817766693041
2010136N09057,2010,BANDU,2010-05-17 06:00:00,DS,9.7,57.3,,,6,100,9.7,57.0,9.6,56.6,9.5,57.5,9.3,57.6,8.9,57.3,9.2,56.7,9.6,56.5,0.984807753012208,-0.1736481776669303
2010136N09057,2010,BANDU,2010-05-17 09:00:00,DS,9.5,57.5,,,5,145,9.7,57.3,9.7,57.0,9.3,57.6,9.0,57.5,9.0,57.0,9.4,56.6,9.9,56.3,0.5735764363510459,-0.8191520442889919
2010136N09057,2010,BANDU,2010-05-17 12:00:00,DS,9.3,57.6,,,5,0,9.5,57.5,9.7,57.3,9.0,57.5,8.9,57.3,9.2,56.7,9.6,56.5,10.2,56.1,0.0,1.0
2010136N09057,2010,BANDU,2010-05-17 15:00:00,DS,9.0,57.5,,,5,215,9.3,57.6,9.5,57.5,8.9,57.3,9.0,57.0,9.4,56.6,9.9,56.3,10.4,55.8,-0.5735764363510462,-0.8191520442889918
2010136N09057,2010,BANDU,2010-05-17 18:00:00,DS,8.9,57.3,,,5,265,9.0,57.5,9.3,57.6,9.0,57.0,9.2,56.7,9.6,56.5,10.2,56.1,10.6,55.4,-0.9961946980917455,-0.08715574274765825
2010136N09057,2010,BANDU,2010-05-17 21:00:00,DS,9.0,57.0,,,7,295,8.9,57.3,9.0,57.5,9.2,56.7,9.4,56.6,9.9,56.3,10.4,55.8,10.8,54.9,-0.9063077870366499,0.4226182617406996
2010136N09057,2010,BANDU,2010-05-18 00:00:00,DS,9.2,56.7,,,6,315,9.0,57.0,8.9,57.3,9.4,56.6,9.6,56.5,10.2,56.1,10.6,55.4,10.9,54.5,-0.7071067811865477,0.7071067811865474
2010136N09057,2010,BANDU,2010-05-18 03:00:00,DS,9.4,56.6,,,4,335,9.2,56.7,9.0,57.0,9.6,56.5,9.9,56.3,10.4,55.8,10.8,54.9,11.0,54.2,-0.4226182617406992,0.90630778703665
2010136N09057,2010,BANDU,2010-05-18 06:00:00,DS,9.6,56.5,,,6,335,9.4,56.6,9.2,56.7,9.9,56.3,10.2,56.1,10.6,55.4,10.9,54.5,11.1,54.0,-0.4226182617406992,0.90630778703665
2010136N09057,2010,BANDU,2010-05-18 09:00:00,DS,9.9,56.3,,,7,325,9.6,56.5,9.4,56.6,10.2,56.1,10.4,55.8,10.8,54.9,11.0,54.2,11.1,53.8,-0.5735764363510465,0.8191520442889916
2010136N09057,2010,BANDU,2010-05-18 12:00:00,DS,10.2,56.1,,,8,315,9.9,56.3,9.6,56.5,10.4,55.8,10.6,55.4,10.9,54.5,11.1,54.0,11.2,53.7,-0.7071067811865477,0.7071067811865474
2010136N09057,2010,BANDU,2010-05-18 15:00:00,DS,10.4,55.8,,,8,300,10.2,56.1,9.9,56.3,10.6,55.4,10.8,54.9,11.0,54.2,11.1,53.8,11.4,53.4,-0.8660254037844386,0.5000000000000001
2010136N09057,2010,BANDU,2010-05-18 18:00:00,DS,10.6,55.4,,,9,290,10.4,55.8,10.2,56.1,10.8,54.9,10.9,54.5,11.1,54.0,11.2,53.7,11.5,53.3,-0.9396926207859083,0.342020143325669
2010136N09057,2010,BANDU,2010-05-18 21:00:00,DS,10.8,54.9,,,9,290,10.6,55.4,10.4,55.8,10.9,54.5,11.0,54.2,11.1,53.8,11.4,53.4,11.5,53.0,-0.9396926207859083,0.342020143325669
2010136N09057,2010,BANDU,2010-05-19 00:00:00,TS,10.9,54.5,,,7,290,10.8,54.9,10.6,55.4,11.0,54.2,11.1,54.0,11.2,53.7,11.5,53.3,11.6,53.0,-0.9396926207859083,0.342020143325669
2010136N09057,2010,BANDU,2010-05-19 03:00:00,TS,11.0,54.2,,,5,290,10.9,54.5,10.8,54.9,11.1,54.0,11.1,53.8,11.4,53.4,11.5,53.0,11.7,52.9,-0.9396926207859083,0.342020143325669
2010136N09057,2010,BANDU,2010-05-19 06:00:00,TS,11.1,54.0,,,4,280,11.0,54.2,10.9,54.5,11.1,53.8,11.2,53.7,11.5,53.3,11.6,53.0,11.8,52.9,-0.9848077530122081,0.17364817766692997
2010136N09057,2010,BANDU,2010-05-19 09:00:00,TS,11.1,53.8,25.0,1002.0,3,285,11.1,54.0,11.0,54.2,11.2,53.7,11.4,53.4,11.5,53.0,11.7,52.9,12.1,52.8,-0.9659258262890684,0.2588190451025203
2010136N09057,2010,BANDU,2010-05-19 12:00:00,TS,11.2,53.7,25.0,1002.0,5,310,11.1,53.8,11.1,54.0,11.4,53.4,11.5,53.3,11.6,53.0,11.8,52.9,12.4,52.5,-0.7660444431189781,0.6427876096865393
2010136N09057,2010,BANDU,2010-05-19 15:00:00,TS,11.4,53.4,25.0,1002.0,4,305,11.2,53.7,11.1,53.8,11.5,53.3,11.5,53.0,11.7,52.9,12.1,52.8,12.5,52.2,-0.8191520442889918,0.573576436351046
2010136N09057,2010,BANDU,2010-05-19 18:00:00,TS,11.5,53.3,30.0,1000.0,4,285,11.4,53.4,11.2,53.7,11.5,53.0,11.6,53.0,11.8,52.9,12.4,52.5,12.5,51.9,-0.9659258262890684,0.2588190451025203
2010136N09057,2010,BANDU,2010-05-19 21:00:00,TS,11.5,53.0,30.0,1000.0,4,295,11.5,53.3,11.4,53.4,11.6,53.0,11.7,52.9,12.1,52.8,12.5,52.2,12.5,51.8,-0.9063077870366499,0.4226182617406996
2010136N09057,2010,BANDU,2010-05-20 00:00:00,TS,11.6,53.0,30.0,1000.0,2,330,11.5,53.0,11.5,53.3,11.7,52.9,11.8,52.9,12.4,52.5,12.5,51.9,12.5,51.8,-0.5000000000000004,0.8660254037844384
2010136N09057,2010,BANDU,2010-05-20 03:00:00,TS,11.7,52.9,30.0,999.0,2,330,11.6,53.0,11.5,53.0,11.8,52.9,12.1,52.8,12.5,52.2,12.5,51.8,12.6,51.7,-0.5000000000000004,0.8660254037844384
2010136N09057,2010,BANDU,2010-05-20 06:00:00,TS,11.8,52.9,30.0,999.0,4,345,11.7,52.9,11.6,53.0,12.1,52.8,12.4,52.5,12.5,51.9,12.5,51.8,12.6,51.7,-0.2588190451025207,0.9659258262890683
2010136N09057,2010,BANDU,2010-05-20 09:00:00,TS,12.1,52.8,30.0,999.0,7,330,11.8,52.9,11.7,52.9,12.4,52.5,12.5,52.2,12.5,51.8,12.6,51.7,12.6,51.7,-0.5000000000000004,0.8660254037844384
2010136N09057,2010,BANDU,2010-05-20 12:00:00,TS,12.4,52.5,30.0,999.0,7,305,12.1,52.8,11.8,52.9,12.5,52.2,12.5,51.9,12.5,51.8,12.6,51.7,12.7,51.7,-0.8191520442889918,0.573576436351046
2010136N09057,2010,BANDU,2010-05-20 15:00:00,TS,12.5,52.2,30.0,999.0,6,280,12.4,52.5,12.1,52.8,12.5,51.9,12.5,51.8,12.6,51.7,12.6,51.7,12.6,51.7,-0.9848077530122081,0.17364817766692997
2010136N09057,2010,BANDU,2010-05-20 18:00:00,TS,12.5,51.9,30.0,999.0,3,280,12.5,52.2,12.4,52.5,12.5,51.8,12.5,51.8,12.6,51.7,12.7,51.7,12.6,51.7,-0.9848077530122081,0.17364817766692997
2010136N09057,2010,BANDU,2010-05-20 21:00:00,TS,12.5,51.8,30.0,999.0,1,315,12.5,51.9,12.5,52.2,12.5,51.8,12.6,51.7,12.6,51.7,12.6,51.7,12.5,51.3,-0.7071067811865477,0.7071067811865474
2010136N09057,2010,BANDU,2010-05-21 00:00:00,TS,12.5,51.8,30.0,998.0,1,305,12.5,51.8,12.5,51.9,12.6,51.7,12.6,51.7,12.7,51.7,12.6,51.7,12.6,51.0,-0.8191520442889918,0.573576436351046
2010136N09057,2010,BANDU,2010-05-21 03:00:00,TS,12.6,51.7,30.0,998.0,2,290,12.5,51.8,12.5,51.8,12.6,51.7,12.6,51.7,12.6,51.7,12.5,51.3,12.5,50.9,-0.9396926207859083,0.342020143325669
2010136N09057,2010,BANDU,2010-05-21 06:00:00,TS,12.6,51.7,30.0,998.0,1,325,12.6,51.7,12.5,51.8,12.6,51.7,12.7,51.7,12.6,51.7,12.6,51.0,12.6,50.9,-0.5735764363510465,0.8191520442889916
2010136N09057,2010,BANDU,2010-05-21 09:00:00,TS,12.6,51.7,30.0,996.0,1,50,12.6,51.7,12.6,51.7,12.7,51.7,12.6,51.7,12.5,51.3,12.5,50.9,12.5,50.6,0.766044443118978,0.6427876096865394
2010136N09057,2010,BANDU,2010-05-21 12:00:00,TS,12.7,51.7,40.0,994.0,0,145,12.6,51.7,12.6,51.7,12.6,51.7,12.6,51.7,12.6,51.0,12.6,50.9,12.6,50.6,0.5735764363510459,-0.8191520442889919
2010136N09057,2010,BANDU,2010-05-21 15:00:00,TS,12.6,51.7,40.0,994.0,1,205,12.7,51.7,12.6,51.7,12.6,51.7,12.5,51.3,12.5,50.9,12.5,50.6,12.6,50.5,-0.4226182617406993,-0.90630778703665
2010136N09057,2010,BANDU,2010-05-21 18:00:00,TS,12.6,51.7,40.0,994.0,4,260,12.6,51.7,12.7,51.7,12.5,51.3,12.6,51.0,12.6,50.9,12.6,50.6,12.6,50.4,-0.984807753012208,-0.17364817766693033
2010137N10090,2010,LAILA,2010-05-17 00:00:00,DS,10.5,89.7,,,10,305,10.2,90.1,9.8,90.4,10.7,89.3,10.8,88.7,11.2,87.9,11.6,87.2,11.8,86.3,-0.8191520442889918,0.573576436351046
2010137N10090,2010,LAILA,2010-05-17 03:00:00,DS,10.7,89.3,,,10,290,10.5,89.7,10.2,90.1,10.8,88.7,11.0,88.3,11.4,87.6,11.7,86.8,12.1,85.4,-0.9396926207859083,0.342020143325669
2010137N10090,2010,LAILA,2010-05-17 06:00:00,TS,10.8,88.7,25.0,1004.0,10,290,10.7,89.3,10.5,89.7,11.0,88.3,11.2,87.9,11.6,87.2,11.8,86.3,12.5,84.6,-0.9396926207859083,0.342020143325669
2010137N10090,2010,LAILA,2010-05-17 09:00:00,TS,11.0,88.3,28.0,1002.0,9,300,10.8,88.7,10.7,89.3,11.2,87.9,11.4,87.6,11.7,86.8,12.1,85.4,12.9,84.0,-0.8660254037844386,0.5000000000000001
2010137N10090,2010,LAILA,2010-05-17 12:00:00,TS,11.2,87.9,30.0,1000.0,8,300,11.0,88.3,10.8,88.7,11.4,87.6,11.6,87.2,11.8,86.3,12.5,84.6,13.1,83.5,-0.8660254037844386,0.5000000000000001
2010137N10090,2010,LAILA,2010-05-17 15:00:00,TS,11.4,87.6,30.0,999.0,8,295,11.2,87.9,11.0,88.3,11.6,87.2,11.7,86.8,12.1,85.4,12.9,84.0,13.1,83.0,-0.9063077870366499,0.4226182617406996
2010137N10090,2010,LAILA,2010-05-17 18:00:00,TS,11.6,87.2,30.0,998.0,8,285,11.4,87.6,11.2,87.9,11.7,86.8,11.8,86.3,12.5,84.6,13.1,83.5,13.1,82.6,-0.9659258262890684,0.2588190451025203
2010137N10090,2010,LAILA,2010-05-17 21:00:00,TS,11.7,86.8,33.0,998.0,10,280,11.6,87.2,11.4,87.6,11.8,86.3,12.1,85.4,12.9,84.0,13.1,83.0,13.1,82.1,-0.9848077530122081,0.17364817766692997
2010137N10090,2010,LAILA,2010-05-18 00:00:00,TS,11.8,86.3,35.0,998.0,14,290,11.7,86.8,11.6,87.2,12.1,85.4,12.5,84.6,13.1,83.5,13.1,82.6,13.5,82.0,-0.9396926207859083,0.342020143325669
2010137N10090,2010,LAILA,2010-05-18 03:00:00,TS,12.1,85.4,40.0,996.0,18,295,11.8,86.3,11.7,86.8,12.5,84.6,12.9,84.0,13.1,83.0,13.1,82.1,13.5,81.8,-0.9063077870366499,0.4226182617406996
2010137N10090,2010,LAILA,2010-05-18 06:00:00,TS,12.5,84.6,45.0,992.0,16,300,12.1,85.4,11.8,86.3,12.9,84.0,13.1,83.5,13.1,82.6,13.5,82.0,13.6,81.5,-0.8660254037844386,0.5000000000000001
2010137N10090,2010,LAILA,2010-05-18 09:00:00,TS,12.9,84.0,45.0,992.0,13,295,12.5,84.6,12.1,85.4,13.1,83.5,13.1,83.0,13.1,82.1,13.5,81.8,13.9,81.5,-0.9063077870366499,0.4226182617406996
2010137N10090,2010,LAILA,2010-05-18 12:00:00,TS,13.1,83.5,45.0,990.0,10,280,12.9,84.0,12.5,84.6,13.1,83.0,13.1,82.6,13.5,82.0,13.6,81.5,14.0,81.5,-0.9848077530122081,0.17364817766692997
2010137N10090,2010,LAILA,2010-05-18 15:00:00,TS,13.1,83.0,45.0,990.0,9,275,13.1,83.5,12.9,84.0,13.1,82.6,13.1,82.1,13.5,81.8,13.9,81.5,14.1,81.4,-0.9961946980917455,0.08715574274765789
2010137N10090,2010,LAILA,2010-05-18 18:00:00,TS,13.1,82.6,45.0,990.0,8,275,13.1,83.0,13.1,83.5,13.1,82.1,13.5,82.0,13.6,81.5,14.0,81.5,14.6,81.1,-0.9961946980917455,0.08715574274765789
2010137N10090,2010,LAILA,2010-05-18 21:00:00,TS,13.1,82.1,45.0,990.0,7,300,13.1,82.6,13.1,83.0,13.5,82.0,13.5,81.8,13.9,81.5,14.1,81.4,14.7,81.0,-0.8660254037844386,0.5000000000000001
2010137N10090,2010,LAILA,2010-05-19 00:00:00,TS,13.5,82.0,45.0,990.0,5,325,13.1,82.1,13.1,82.6,13.5,81.8,13.6,81.5,14.0,81.5,14.6,81.1,15.1,81.0,-0.5735764363510465,0.8191520442889916
2010137N10090,2010,LAILA,2010-05-19 03:00:00,TS,13.5,81.8,45.0,990.0,5,290,13.5,82.0,13.1,82.1,13.6,81.5,13.9,81.5,14.1,81.4,14.7,81.0,15.4,80.6,-0.9396926207859083,0.342020143325669
2010137N10090,2010,LAILA,2010-05-19 06:00:00,TS,13.6,81.5,55.0,986.0,5,320,13.5,81.8,13.5,82.0,13.9,81.5,14.0,81.5,14.6,81.1,15.1,81.0,15.6,80.6,-0.6427876096865396,0.7660444431189778
2010137N10090,2010,LAILA,2010-05-19 09:00:00,TS,13.9,81.5,55.0,986.0,4,350,13.6,81.5,13.5,81.8,14.0,81.5,14.1,81.4,14.7,81.0,15.4,80.6,15.7,80.5,-0.1736481776669304,0.984807753012208
2010137N10090,2010,LAILA,2010-05-19 12:00:00,TS,14.0,81.5,55.0,986.0,2,350,13.9,81.5,13.6,81.5,14.1,81.4,14.6,81.1,15.1,81.0,15.6,80.6,15.9,80.5,-0.1736481776669304,0.984807753012208
2010137N10090,2010,LAILA,2010-05-19 15:00:00,TS,14.1,81.4,55.0,986.0,6,330,14.0,81.5,13.9,81.5,14.6,81.1,14.7,81.0,15.4,80.6,15.7,80.5,15.9,80.5,-0.5000000000000004,0.8660254037844384
2010137N10090,2010,LAILA,2010-05-19 18:00:00,TS,14.6,81.1,55.0,986.0,7,325,14.1,81.4,14.0,81.5,14.7,81.0,15.1,81.0,15.6,80.6,15.9,80.5,16.0,80.6,-0.5735764363510465,0.8191520442889916
2010137N10090,2010,LAILA,2010-05-19 21:00:00,TS,14.7,81.0,55.0,986.0,5,345,14.6,81.1,14.1,81.4,15.1,81.0,15.4,80.6,15.7,80.5,15.9,80.5,16.1,80.7,-0.2588190451025207,0.9659258262890683
2010137N10090,2010,LAILA,2010-05-20 00:00:00,TS,15.1,81.0,55.0,986.0,8,330,14.7,81.0,14.6,81.1,15.4,80.6,15.6,80.6,15.9,80.5,16.0,80.6,16.3,80.8,-0.5000000000000004,0.8660254037844384
2010137N10090,2010,LAILA,2010-05-20 03:00:00,TS,15.4,80.6,55.0,986.0,6,320,15.1,81.0,14.7,81.0,15.6,80.6,15.7,80.5,15.9,80.5,16.1,80.7,16.5,81.0,-0.6427876096865396,0.7660444431189778
2010137N10090,2010,LAILA,2010-05-20 06:00:00,TS,15.6,80.6,55.0,986.0,3,340,15.4,80.6,15.1,81.0,15.7,80.5,15.9,80.5,16.0,80.6,16.3,80.8,16.8,81.2,-0.3420201433256686,0.9396926207859084
2010137N10090,2010,LAILA,2010-05-20 09:00:00,TS,15.7,80.5,55.0,986.0,3,355,15.6,80.6,15.4,80.6,15.9,80.5,15.9,80.5,16.1,80.7,16.5,81.0,16.8,81.3,-0.08715574274765832,0.9961946980917455
2010137N10090,2010,LAILA,2010-05-20 12:00:00,TS,15.9,80.5,45.0,990.0,2,5,15.7,80.5,15.6,80.6,15.9,80.5,16.0,80.6,16.3,80.8,16.8,81.2,16.9,81.5,0.08715574274765817,0.9961946980917455
2010137N10090,2010,LAILA,2010-05-20 15:00:00,TS,15.9,80.5,45.0,990.0,2,10,15.9,80.5,15.7,80.5,16.0,80.6,16.1,80.7,16.5,81.0,16.8,81.3,17.0,81.7,0.17364817766693033,0.984807753012208
2010137N10090,2010,LAILA,2010-05-20 18:00:00,TS,16.0,80.6,45.0,990.0,2,45,15.9,80.5,15.9,80.5,16.1,80.7,16.3,80.8,16.8,81.2,16.9,81.5,17.1,81.9,0.7071067811865475,0.7071067811865476
2010151N14065,2010,PHET,2010-05-30 18:00:00,DS,14.5,64.7,,,3,275,14.5,64.9,14.4,65.0,14.5,64.5,14.5,64.4,14.8,64.2,15.2,63.8,15.5,63.6,-0.9961946980917455,0.08715574274765789
2010151N14065,2010,PHET,2010-05-30 21:00:00,DS,14.5,64.5,,,3,270,14.5,64.7,14.5,64.9,14.5,64.4,14.6,64.3,15.0,64.0,15.4,63.7,15.5,63.5,-1.0,-1.8369701987210297e-16
2010151N14065,2010,PHET,2010-05-31 00:00:00,TS,14.5,64.4,,,3,290,14.5,64.5,14.5,64.7,14.6,64.3,14.8,64.2,15.2,63.8,15.5,63.6,15.7,63.4,-0.9396926207859083,0.342020143325669
2010151N14065,2010,PHET,2010-05-31 03:00:00,TS,14.6,64.3,,,4,320,14.5,64.4,14.5,64.5,14.8,64.2,15.0,64.0,15.4,63.7,15.5,63.5,15.8,63.2,-0.6427876096865396,0.7660444431189778
2010151N14065,2010,PHET,2010-05-31 06:00:00,TS,14.8,64.2,25.0,1001.0,5,325,14.6,64.3,14.5,64.4,15.0,64.0,15.2,63.8,15.5,63.6,15.7,63.4,16.2,62.9,-0.5735764363510465,0.8191520442889916
2010151N14065,2010,PHET,2010-05-31 09:00:00,TS,15.0,64.0,25.0,1001.0,6,320,14.8,64.2,14.6,64.3,15.2,63.8,15.4,63.7,15.5,63.5,15.8,63.2,16.3,62.8,-0.6427876096865396,0.7660444431189778
2010151N14065,2010,PHET,2010-05-31 12:00:00,TS,15.2,63.8,25.0,1001.0,5,320,15.0,64.0,14.8,64.2,15.4,63.7,15.5,63.6,15.7,63.4,16.2,62.9,16.7,62.4,-0.6427876096865396,0.7660444431189778
2010151N14065,2010,PHET,2010-05-31 15:00:00,TS,15.4,63.7,25.0,1000.0,3,325,15.2,63.8,15.0,64.0,15.5,63.6,15.5,63.5,15.8,63.2,16.3,62.8,16.7,62.2,-0.5735764363510465,0.8191520442889916
2010151N14065,2010,PHET,2010-05-31 18:00:00,TS,15.5,63.6,25.0,999.0,3,315,15.4,63.7,15.2,63.8,15.5,63.5,15.7,63.4,16.2,62.9,16.7,62.4,17.1,61.8,-0.7071067811865477,0.7071067811865474
2010151N14065,2010,PHET,2010-05-31 21:00:00,TS,15.5,63.5,28.0,999.0,3,310,15.5,63.6,15.4,63.7,15.7,63.4,15.8,63.2,16.3,62.8,16.7,62.2,17.1,61.6,-0.7660444431189781,0.6427876096865393
2010151N14065,2010,PHET,2010-06-01 00:00:00,TS,15.7,63.4,30.0,998.0,3,310,15.5,63.5,15.5,63.6,15.8,63.2,16.2,62.9,16.7,62.4,17.1,61.8,17.5,61.3,-0.7660444431189781,0.6427876096865393
2010151N14065,2010,PHET,2010-06-01 03:00:00,TS,15.8,63.2,30.0,998.0,7,315,15.7,63.4,15.5,63.5,16.2,62.9,16.3,62.8,16.7,62.2,17.1,61.6,17.5,60.9,-0.7071067811865477,0.7071067811865474
2010151N14065,2010,PHET,2010-06-01 06:00:00,TS,16.2,62.9,30.0,996.0,7,320,15.8,63.2,15.7,63.4,16.3,62.8,16.7,62.4,17.1,61.8,17.5,61.3,17.7,60.8,-0.6427876096865396,0.7660444431189778
2010151N14065,2010,PHET,2010-06-01 09:00:00,TS,16.3,62.8,35.0,995.0,7,320,16.2,62.9,15.8,63.2,16.7,62.4,16.7,62.2,17.1,61.6,17.5,60.9,18.0,60.4,-0.6427876096865396,0.7660444431189778
2010151N14065,2010,PHET,2010-06-01 12:00:00,TS,16.7,62.4,35.0,994.0,7,310,16.3,62.8,16.2,62.9,16.7,62.2,17.1,61.8,17.5,61.3,17.7,60.8,18.1,60.3,-0.7660444431189781,0.6427876096865393
2010151N14065,2010,PHET,2010-06-01 15:00:00,TS,16.7,62.2,40.0,992.0,7,305,16.7,62.4,16.3,62.8,17.1,61.8,17.1,61.6,17.5,60.9,18.0,60.4,18.4,59.9,-0.8191520442889918,0.573576436351046
2010151N14065,2010,PHET,2010-06-01 18:00:00,TS,17.1,61.8,45.0,990.0,7,305,16.7,62.2,16.7,62.4,17.1,61.6,17.5,61.3,17.7,60.8,18.1,60.3,18.5,59.9,-0.8191520442889918,0.573576436351046
2010151N14065,2010,PHET,2010-06-01 21:00:00,TS,17.1,61.6,45.0,990.0,7,305,17.1,61.8,16.7,62.2,17.5,61.3,17.5,60.9,18.0,60.4,18.4,59.9,18.5,59.8,-0.8191520442889918,0.573576436351046
2010151N14065,2010,PHET,2010-06-02 00:00:00,TS,17.5,61.3,55.0,986.0,9,300,17.1,61.6,17.1,61.8,17.5,60.9,17.7,60.8,18.1,60.3,18.5,59.9,18.5,59.6,-0.8660254037844386,0.5000000000000001
2010151N14065,2010,PHET,2010-06-02 03:00:00,TS,17.5,60.9,60.0,984.0,5,295,17.5,61.3,17.1,61.6,17.7,60.8,18.0,60.4,18.4,59.9,18.5,59.8,18.6,59.5,-0.9063077870366499,0.4226182617406996
2010151N14065,2010,PHET,2010-06-02 06:00:00,TS,17.7,60.8,70.0,978.0,7,315,17.5,60.9,17.5,61.3,18.0,60.4,18.1,60.3,18.5,59.9,18.5,59.6,19.1,59.6,-0.7071067811865477,0.7071067811865474
2010151N14065,2010,PHET,2010-06-02 09:00:00,TS,18.0,60.4,80.0,968.0,7,315,17.7,60.8,17.5,60.9,18.1,60.3,18.4,59.9,18.5,59.8,18.6,59.5,19.5,59.5,-0.7071067811865477,0.7071067811865474
2010151N14065,2010,PHET,2010-06-02 12:00:00,TS,18.1,60.3,85.0,964.0,6,315,18.0,60.4,17.7,60.8,18.4,59.9,18.5,59.9,18.5,59.6,19.1,59.6,20.0,59.5,-0.7071067811865477,0.7071067811865474
2010151N14065,2010,PHET,2010-06-02 15:00:00,TS,18.4,59.9,85.0,964.0,5,315,18.1,60.3,18.0,60.4,18.5,59.9,18.5,59.8,18.6,59.5,19.5,59.5,20.2,59.4,-0.7071067811865477,0.7071067811865474
2010151N14065,2010,PHET,2010-06-02 18:00:00,TS,18.5,59.9,85.0,966.0,1,300,18.4,59.9,18.1,60.3,18.5,59.8,18.5,59.6,19.1,59.6,20.0,59.5,20.7,59.4,-0.8660254037844386,0.5000000000000001
2010151N14065,2010,PHET,2010-06-02 21:00:00,TS,18.5,59.8,80.0,970.0,3,280,18.5,59.9,18.4,59.9,18.5,59.6,18.6,59.5,19.5,59.5,20.2,59.4,21.1,59.3,-0.9848077530122081,0.17364817766692997
2010151N14065,2010,PHET,2010-06-03 00:00:00,TS,18.5,59.6,75.0,974.0,3,305,18.5,59.8,18.5,59.9,18.6,59.5,19.1,59.6,20.0,59.5,20.7,59.4,21.5,59.3,-0.8191520442889918,0.573576436351046
2010151N14065,2010,PHET,2010-06-03 03:00:00,TS,18.6,59.5,75.0,974.0,6,0,18.5,59.6,18.5,59.8,19.1,59.6,19.5,59.5,20.2,59.4,21.1,59.3,21.9,59.3,0.0,1.0
2010151N14065,2010,PHET,2010-06-03 06:00:00,TS,19.1,59.6,70.0,978.0,9,360,18.6,59.5,18.5,59.6,19.5,59.5,20.0,59.5,20.7,59.4,21.5,59.3,22.2,59.4,-2.4492935982947064e-16,1.0
2010151N14065,2010,PHET,2010-06-03 09:00:00,TS,19.5,59.5,70.0,978.0,10,355,19.1,59.6,18.6,59.5,20.0,59.5,20.2,59.4,21.1,59.3,21.9,59.3,22.6,59.4,-0.08715574274765832,0.9961946980917455
2010151N14065,2010,PHET,2010-06-03 12:00:00,TS,20.0,59.5,70.0,978.0,7,350,19.5,59.5,19.1,59.6,20.2,59.4,20.7,59.4,21.5,59.3,22.2,59.4,23.0,59.5,-0.1736481776669304,0.984807753012208
2010151N14065,2010,PHET,2010-06-03 15:00:00,TS,20.2,59.4,70.0,978.0,7,350,20.0,59.5,19.5,59.5,20.7,59.4,21.1,59.3,21.9,59.3,22.6,59.4,23.2,59.5,-0.1736481776669304,0.984807753012208
2010151N14065,2010,PHET,2010-06-03 18:00:00,TS,20.7,59.4,65.0,980.0,9,355,20.2,59.4,20.0,59.5,21.1,59.3,21.5,59.3,22.2,59.4,23.0,59.5,23.3,59.6,-0.08715574274765832,0.9961946980917455
2010151N14065,2010,PHET,2010-06-03 21:00:00,TS,21.1,59.3,65.0,980.0,9,355,20.7,59.4,20.2,59.4,21.5,59.3,21.9,59.3,22.6,59.4,23.2,59.5,23.7,60.0,-0.08715574274765832,0.9961946980917455
2010151N14065,2010,PHET,2010-06-04 00:00:00,TS,21.5,59.3,65.0,980.0,9,0,21.1,59.3,20.7,59.4,21.9,59.3,22.2,59.4,23.0,59.5,23.3,59.6,24.0,60.4,0.0,1.0
2010151N14065,2010,PHET,2010-06-04 03:00:00,TS,21.9,59.3,60.0,982.0,7,5,21.5,59.3,21.1,59.3,22.2,59.4,22.6,59.4,23.2,59.5,23.7,60.0,24.2,60.8,0.08715574274765817,0.9961946980917455
2010151N14065,2010,PHET,2010-06-04 06:00:00,TS,22.2,59.4,60.0,984.0,6,5,21.9,59.3,21.5,59.3,22.6,59.4,23.0,59.5,23.3,59.6,24.0,60.4,24.2,61.0,0.08715574274765817,0.9961946980917455
2010151N14065,2010,PHET,2010-06-04 09:00:00,TS,22.6,59.4,60.0,984.0,9,5,22.2,59.4,21.9,59.3,23.0,59.5,23.2,59.5,23.7,60.0,24.2,60.8,24.1,61.1,0.08715574274765817,0.9961946980917455
2010151N14065,2010,PHET,2010-06-04 12:00:00,TS,23.0,59.5,60.0,984.0,6,10,22.6,59.4,22.2,59.4,23.2,59.5,23.3,59.6,24.0,60.4,24.2,61.0,24.0,61.6,0.17364817766693033,0.984807753012208
2010151N14065,2010,PHET,2010-06-04 15:00:00,TS,23.2,59.5,55.0,986.0,3,25,23.0,59.5,22.6,59.4,23.3,59.6,23.7,60.0,24.2,60.8,24.1,61.1,23.9,62.0,0.42261826174069944,0.9063077870366499
2010151N14065,2010,PHET,2010-06-04 18:00:00,TS,23.3,59.6,55.0,988.0,7,40,23.2,59.5,23.0,59.5,23.7,60.0,24.0,60.4,24.2,61.0,24.0,61.6,23.9,62.5,0.6427876096865393,0.766044443118978
2010151N14065,2010,PHET,2010-06-04 21:00:00,TS,23.7,60.0,50.0,990.0,10,50,23.3,59.6,23.2,59.5,24.0,60.4,24.2,60.8,24.1,61.1,23.9,62.0,23.7,63.1,0.766044443118978,0.6427876096865394
2010151N14065,2010,PHET,2010-06-05 00:00:00,TS,24.0,60.4,45.0,990.0,9,55,23.7,60.0,23.3,59.6,24.2,60.8,24.2,61.0,24.0,61.6,23.9,62.5,23.7,64.1,0.8191520442889918,0.5735764363510462
2010151N14065,2010,PHET,2010-06-05 03:00:00,TS,24.2,60.8,40.0,992.0,6,70,24.0,60.4,23.7,60.0,24.2,61.0,24.1,61.1,23.9,62.0,23.7,63.1,23.8,65.0,0.9396926207859083,0.3420201433256688
2010151N14065,2010,PHET,2010-06-05 06:00:00,TS,24.2,61.0,40.0,992.0,3,110,24.2,60.8,24.0,60.4,24.1,61.1,24.0,61.6,23.9,62.5,23.7,64.1,24.0,65.9,0.9396926207859084,-0.3420201433256687
2010151N14065,2010,PHET,2010-06-05 09:00:00,TS,24.1,61.1,40.0,992.0,5,105,24.2,61.0,24.2,60.8,24.0,61.6,23.9,62.0,23.7,63.1,23.8,65.0,24.2,66.6,0.9659258262890683,-0.25881904510252085
2010151N14065,2010,PHET,2010-06-05 12:00:00,TS,24.0,61.6,40.0,992.0,8,100,24.1,61.1,24.2,61.0,23.9,62.0,23.9,62.5,23.7,64.1,24.0,65.9,24.6,67.2,0.984807753012208,-0.1736481776669303
2010151N14065,2010,PHET,2010-06-05 15:00:00,TS,23.9,62.0,35.0,994.0,8,100,24.0,61.6,24.1,61.1,23.9,62.5,23.7,63.1,23.8,65.0,24.2,66.6,25.0,67.9,0.984807753012208,-0.1736481776669303
2010151N14065,2010,PHET,2010-06-05 18:00:00,TS,23.9,62.5,30.0,994.0,11,100,23.9,62.0,24.0,61.6,23.7,63.1,23.7,64.1,24.0,65.9,24.6,67.2,25.1,68.7,0.984807753012208,-0.1736481776669303
2010151N14065,2010,PHET,2010-06-05 21:00:00,TS,23.7,63.1,30.0,994.0,15,95,23.9,62.5,23.9,62.0,23.7,64.1,23.8,65.0,24.2,66.6,25.0,67.9,25.7,69.6,0.9961946980917455,-0.08715574274765824
2010151N14065,2010,PHET,2010-06-06 00:00:00,TS,23.7,64.1,30.0,994.0,17,90,23.7,63.1,23.9,62.5,23.8,65.0,24.0,65.9,24.6,67.2,25.1,68.7,26.4,70.5,1.0,6.123233995736766e-17
2010151N14065,2010,PHET,2010-06-06 03:00:00,TS,23.8,65.0,25.0,994.0,17,80,23.7,64.1,23.7,63.1,24.0,65.9,24.2,66.6,25.0,67.9,25.7,69.6,26.7,71.5,0.984807753012208,0.17364817766693041
2010151N14065,2010,PHET,2010-06-06 06:00:00,TS,24.0,65.9,25.0,994.0,15,70,23.8,65.0,23.7,64.1,24.2,66.6,24.6,67.2,25.1,68.7,26.4,70.5,27.1,72.9,0.9396926207859083,0.3420201433256688
2010280N17085,2010,UNNAMED,2010-10-07 09:00:00,TS,18.1,84.7,25.0,997.0,11,25,17.5,84.5,16.5,84.5,18.5,85.0,18.7,85.2,19.4,85.9,21.0,87.5,22.8,90.0,0.42261826174069944,0.9063077870366499
2010280N17085,2010,UNNAMED,2010-10-07 12:00:00,TS,18.5,85.0,25.0,996.0,8,40,18.1,84.7,17.5,84.5,18.7,85.2,19.0,85.5,20.0,86.5,22.0,89.0,23.5,90.5,0.6427876096865393,0.766044443118978
2010280N17085,2010,UNNAMED,2010-10-07 15:00:00,TS,18.7,85.2,25.0,996.0,7,45,18.5,85.0,18.1,84.7,19.0,85.5,19.4,85.9,21.0,87.5,22.8,90.0,24.0,90.8,0.7071067811865475,0.7071067811865476
2010280N17085,2010,UNNAMED,2010-10-07 18:00:00,TS,19.0,85.5,25.0,996.0,9,45,18.7,85.2,18.5,85.0,19.4,85.9,20.0,86.5,22.0,89.0,23.5,90.5,24.5,91.0,0.7071067811865475,0.7071067811865476
2010286N18090,2010,UNNAMED,2010-10-13 12:00:00,TS,17.5,89.0,25.0,998.0,8,295,17.4,89.5,17.5,90.0,17.7,88.7,18.0,88.5,18.0,88.5,18.0,88.5,18.0,88.0,-0.9063077870366499,0.4226182617406996
2010286N18090,2010,UNNAMED,2010-10-13 15:00:00,TS,17.7,88.7,25.0,998.0,7,315,17.5,89.0,17.4,89.5,18.0,88.5,18.0,88.5,18.0,88.5,18.0,88.3,18.0,88.0,-0.7071067811865477,0.7071067811865474
2010286N18090,2010,UNNAMED,2010-10-13 18:00:00,TS,18.0,88.5,25.0,998.0,3,325,17.7,88.7,17.5,89.0,18.0,88.5,18.0,88.5,18.0,88.5,18.0,88.0,18.0,88.0,-0.5735764363510465,0.8191520442889916
2010286N18090,2010,UNNAMED,2010-10-13 21:00:00,TS,18.0,88.5,25.0,998.0,0,0,18.0,88.5,17.7,88.7,18.0,88.5,18.0,88.5,18.0,88.3,18.0,88.0,18.2,87.8,0.0,1.0
2010286N18090,2010,UNNAMED,2010-10-14 00:00:00,TS,18.0,88.5,25.0,998.0,0,125,18.0,88.5,18.0,88.5,18.0,88.5,18.0,88.5,18.0,88.0,18.0,88.0,18.5,87.5,0.8191520442889917,-0.5735764363510462
2010286N18090,2010,UNNAMED,2010-10-14 03:00:00,TS,18.0,88.5,25.0,998.0,0,0,18.0,88.5,18.0,88.5,18.0,88.5,18.0,88.3,18.0,88.0,18.2,87.8,19.0,87.0,0.0,1.0
2010286N18090,2010,UNNAMED,2010-10-14 06:00:00,TS,18.0,88.5,25.0,998.0,2,270,18.0,88.5,18.0,88.5,18.0,88.3,18.0,88.0,18.0,88.0,18.5,87.5,19.5,86.0,-1.0,-1.8369701987210297e-16
2010286N18090,2010,UNNAMED,2010-10-14 09:00:00,TS,18.0,88.3,25.0,997.0,5,270,18.0,88.5,18.0,88.5,18.0,88.0,18.0,88.0,18.2,87.8,19.0,87.0,19.6,85.6,-1.0,-1.8369701987210297e-16
2010286N18090,2010,UNNAMED,2010-10-14 12:00:00,TS,18.0,88.0,25.0,996.0,3,260,18.0,88.3,18.0,88.5,18.0,88.0,18.0,88.0,18.5,87.5,19.5,86.0,19.5,85.5,-0.984807753012208,-0.17364817766693033
2010286N18090,2010,UNNAMED,2010-10-14 15:00:00,TS,18.0,88.0,25.0,996.0,0,0,18.0,88.0,18.0,88.3,18.0,88.0,18.2,87.8,19.0,87.0,19.6,85.6,19.3,85.0,0.0,1.0
2010286N18090,2010,UNNAMED,2010-10-14 18:00:00,TS,18.0,88.0,25.0,996.0,3,320,18.0,88.0,18.0,88.0,18.2,87.8,18.5,87.5,19.5,86.0,19.5,85.5,19.0,84.5,-0.6427876096865396,0.7660444431189778
2010286N18090,2010,UNNAMED,2010-10-14 21:00:00,TS,18.2,87.8,25.0,996.0,7,315,18.0,88.0,18.0,88.0,18.5,87.5,19.0,87.0,19.6,85.6,19.3,85.0,18.9,84.2,-0.7071067811865477,0.7071067811865474
2010286N18090,2010,UNNAMED,2010-10-15 00:00:00,TS,18.5,87.5,25.0,996.0,12,315,18.2,87.8,18.0,88.0,19.0,87.0,19.5,86.0,19.5,85.5,19.0,84.5,19.0,84.0,-0.7071067811865477,0.7071067811865474
2010293N17093,2010,GIRI,2010-10-19 18:00:00,DS,16.9,92.3,,,3,305,16.8,92.4,16.7,92.6,17.0,92.2,17.0,92.1,17.0,91.8,16.9,91.5,17.3,91.6,-0.8191520442889918,0.573576436351046
2010293N17093,2010,GIRI,2010-10-19 21:00:00,DS,17.0,92.2,,,2,300,16.9,92.3,16.8,92.4,17.0,92.1,17.0,92.0,16.9,91.6,17.1,91.5,17.4,91.5,-0.8660254037844386,0.5000000000000001
2010293N17093,2010,GIRI,2010-10-20 00:00:00,TS,17.0,92.1,,,2,285,17.0,92.2,16.9,92.3,17.0,92.0,17.0,91.8,16.9,91.5,17.3,91.6,17.4,91.5,-0.9659258262890684,0.2588190451025203
2010293N17093,2010,GIRI,2010-10-20 03:00:00,TS,17.0,92.0,,,3,270,17.0,92.1,17.0,92.2,17.0,91.8,16.9,91.6,17.1,91.5,17.4,91.5,17.4,91.6,-1.0,-1.8369701987210297e-16
2010293N17093,2010,GIRI,2010-10-20 06:00:00,TS,17.0,91.8,,,4,245,17.0,92.0,17.0,92.1,16.9,91.6,16.9,91.5,17.3,91.6,17.4,91.5,17.5,91.7,-0.90630778703665,-0.42261826174069916
2010293N17093,2010,GIRI,2010-10-20 09:00:00,TS,16.9,91.6,,,3,260,17.0,91.8,17.0,92.0,16.9,91.5,17.1,91.5,17.4,91.5,17.4,91.6,17.6,91.8,-0.984807753012208,-0.17364817766693033
2010293N17093,2010,GIRI,2010-10-20 12:00:00,TS,16.9,91.5,25.0,1002.0,3,340,16.9,91.6,17.0,91.8,17.1,91.5,17.3,91.6,17.4,91.5,17.5,91.7,17.9,92.1,-0.3420201433256686,0.9396926207859084
2010293N17093,2010,GIRI,2010-10-20 15:00:00,TS,17.1,91.5,25.0,1002.0,3,10,16.9,91.5,16.9,91.6,17.3,91.6,17.4,91.5,17.4,91.6,17.6,91.8,18.0,92.2,0.17364817766693033,0.984807753012208
2010293N17093,2010,GIRI,2010-10-20 18:00:00,TS,17.3,91.6,25.0,1002.0,2,355,17.1,91.5,16.9,91.5,17.4,91.5,17.4,91.5,17.5,91.7,17.9,92.1,18.1,92.2,-0.08715574274765832,0.9961946980917455
2010293N17093,2010,GIRI,2010-10-20 21:00:00,TS,17.4,91.5,25.0,1002.0,1,335,17.3,91.6,17.1,91.5,17.4,91.5,17.4,91.6,17.6,91.8,18.0,92.2,18.4,92.5,-0.4226182617406992,0.90630778703665
2010293N17093,2010,GIRI,2010-10-21 00:00:00,TS,17.4,91.5,25.0,1002.0,1,15,17.4,91.5,17.3,91.6,17.4,91.6,17.5,91.7,17.9,92.1,18.1,92.2,18.5,92.6,0.25881904510252074,0.9659258262890683
2010293N17093,2010,GIRI,2010-10-21 03:00:00,TS,17.4,91.6,30.0,1000.0,2,55,17.4,91.5,17.4,91.5,17.5,91.7,17.6,91.8,18.0,92.2,18.4,92.5,18.9,92.9,0.8191520442889918,0.5735764363510462
2010293N17093,2010,GIRI,2010-10-21 06:00:00,TS,17.5,91.7,35.0,998.0,2,55,17.4,91.6,17.4,91.5,17.6,91.8,17.9,92.1,18.1,92.2,18.5,92.6,19.0,93.0,0.8191520442889918,0.5735764363510462
2010293N17093,2010,GIRI,2010-10-21 09:00:00,TS,17.6,91.8,40.0,996.0,6,45,17.5,91.7,17.4,91.6,17.9,92.1,18.0,92.2,18.4,92.5,18.9,92.9,19.4,93.3,0.7071067811865475,0.7071067811865476
2010293N17093,2010,GIRI,2010-10-21 12:00:00,TS,17.9,92.1,45.0,990.0,6,45,17.6,91.8,17.5,91.7,18.0,92.2,18.1,92.2,18.5,92.6,19.0,93.0,19.8,93.4,0.7071067811865475,0.7071067811865476
2010293N17093,2010,GIRI,2010-10-21 15:00:00,TS,18.0,92.2,45.0,990.0,2,30,17.9,92.1,17.6,91.8,18.1,92.2,18.4,92.5,18.9,92.9,19.4,93.3,20.1,93.5,0.49999999999999994,0.8660254037844387
2010293N17093,2010,GIRI,2010-10-21 18:00:00,TS,18.1,92.2,50.0,988.0,5,35,18.0,92.2,17.9,92.1,18.4,92.5,18.5,92.6,19.0,93.0,19.8,93.4,20.5,93.9,0.573576436351046,0.8191520442889918
2010293N17093,2010,GIRI,2010-10-21 21:00:00,TS,18.4,92.5,55.0,984.0,6,35,18.1,92.2,18.0,92.2,18.5,92.6,18.9,92.9,19.4,93.3,20.1,93.5,20.7,94.2,0.573576436351046,0.8191520442889918
2010293N17093,2010,GIRI,2010-10-22 00:00:00,TS,18.5,92.6,60.0,980.0,6,40,18.4,92.5,18.1,92.2,18.9,92.9,19.0,93.0,19.8,93.4,20.5,93.9,21.2,94.8,0.6427876096865393,0.766044443118978
2010293N17093,2010,GIRI,2010-10-22 03:00:00,TS,18.9,92.9,80.0,974.0,7,40,18.5,92.6,18.4,92.5,19.0,93.0,19.4,93.3,20.1,93.5,20.7,94.2,21.6,95.2,0.6427876096865393,0.766044443118978
2010293N17093,2010,GIRI,2010-10-22 06:00:00,TS,19.0,93.0,90.0,964.0,7,35,18.9,92.9,18.5,92.6,19.4,93.3,19.8,93.4,20.5,93.9,21.2,94.8,22.1,95.5,0.573576436351046,0.8191520442889918
2010293N17093,2010,GIRI,2010-10-22 09:00:00,TS,19.4,93.3,105.0,950.0,9,25,19.0,93.0,18.9,92.9,19.8,93.4,20.1,93.5,20.7,94.2,21.6,95.2,22.4,95.8,0.42261826174069944,0.9063077870366499
2010293N17093,2010,GIRI,2010-10-22 12:00:00,TS,19.8,93.4,105.0,950.0,7,15,19.4,93.3,19.0,93.0,20.1,93.5,20.5,93.9,21.2,94.8,22.1,95.5,22.7,96.2,0.25881904510252074,0.9659258262890683
2010293N17093,2010,GIRI,2010-10-22 15:00:00,TS,20.1,93.5,80.0,966.0,8,35,19.8,93.4,19.4,93.3,20.5,93.9,20.7,94.2,21.6,95.2,22.4,95.8,22.8,96.7,0.573576436351046,0.8191520442889918
2010293N17093,2010,GIRI,2010-10-22 18:00:00,TS,20.5,93.9,70.0,976.0,9,45,20.1,93.5,19.8,93.4,20.7,94.2,21.2,94.8,22.1,95.5,22.7,96.2,23.0,97.4,0.7071067811865475,0.7071067811865476
2010293N17093,2010,GIRI,2010-10-22 21:00:00,TS,20.7,94.2,55.0,986.0,11,50,20.5,93.9,20.1,93.5,21.2,94.8,21.6,95.2,22.4,95.8,22.8,96.7,23.3,98.5,0.766044443118978,0.6427876096865394
2010293N17093,2010,GIRI,2010-10-23 00:00:00,TS,21.2,94.8,45.0,992.0,13,45,20.7,94.2,20.5,93.9,21.6,95.2,22.1,95.5,22.7,96.2,23.0,97.4,23.7,99.8,0.7071067811865475,0.7071067811865476
2010305N06105,2010,JAL,2010-11-01 00:00:00,DS,6.0,103.5,,,9,275,6.1,104.0,6.3,104.5,6.2,103.0,6.5,102.6,7.1,101.7,7.6,100.7,7.7,98.9,-0.9961946980917455,0.08715574274765789
2010305N06105,2010,JAL,2010-11-01 03:00:00,DS,6.2,103.0,,,10,300,6.0,103.5,6.1,104.0,6.5,102.6,6.8,102.2,7.4,101.3,7.6,99.8,8.1,98.3,-0.8660254037844386,0.5000000000000001
2010305N06105,2010,JAL,2010-11-01 06:00:00,DS,6.5,102.6,,,11,305,6.2,103.0,6.0,103.5,6.8,102.2,7.1,101.7,7.6,100.7,7.7,98.9,8.4,97.9,-0.8191520442889918,0.573576436351046
2010305N06105,2010,JAL,2010-11-01 09:00:00,DS,6.8,102.2,,,11,305,6.5,102.6,6.2,103.0,7.1,101.7,7.4,101.3,7.6,99.8,8.1,98.3,8.4,97.4,-0.8191520442889918,0.573576436351046
2010305N06105,2010,JAL,2010-11-01 12:00:00,DS,7.1,101.7,,,11,305,6.8,102.2,6.5,102.6,7.4,101.3,7.6,100.7,7.7,98.9,8.4,97.9,8.3,96.9,-0.8191520442889918,0.573576436351046
2010305N06105,2010,JAL,2010-11-01 15:00:00,DS,7.4,101.3,,,11,295,7.1,101.7,6.8,102.2,7.6,100.7,7.6,99.8,8.1,98.3,8.4,97.4,8.3,96.4,-0.9063077870366499,0.4226182617406996
2010305N06105,2010,JAL,2010-11-01 18:00:00,DS,7.6,100.7,,,15,280,7.4,101.3,7.1,101.7,7.6,99.8,7.7,98.9,8.4,97.9,8.3,96.9,8.3,95.9,-0.9848077530122081,0.17364817766692997
2010305N06105,2010,JAL,2010-11-01 21:00:00,DS,7.6,99.8,,,18,275,7.6,100.7,7.4,101.3,7.7,98.9,8.1,98.3,8.4,97.4,8.3,96.4,8.3,95.4,-0.9961946980917455,0.08715574274765789
2010305N06105,2010,JAL,2010-11-02 00:00:00,DS,7.7,98.9,,,15,285,7.6,99.8,7.6,100.7,8.1,98.3,8.4,97.9,8.3,96.9,8.3,95.9,8.3,94.9,-0.9659258262890684,0.2588190451025203
2010305N06105,2010,JAL,2010-11-02 03:00:00,DS,8.1,98.3,,,12,305,7.7,98.9,7.6,99.8,8.4,97.9,8.4,97.4,8.3,96.4,8.3,95.4,8.3,94.4,-0.8191520442889918,0.573576436351046
2010305N06105,2010,JAL,2010-11-02 06:00:00,DS,8.4,97.9,,,10,290,8.1,98.3,7.7,98.9,8.4,97.4,8.3,96.9,8.3,95.9,8.3,94.9,8.3,94.0,-0.9396926207859083,0.342020143325669
2010305N06105,2010,JAL,2010-11-02 09:00:00,DS,8.4,97.4,,,10,265,8.4,97.9,8.1,98.3,8.3,96.9,8.3,96.4,8.3,95.4,8.3,94.4,8.3,93.6,-0.9961946980917455,-0.08715574274765825
2010305N06105,2010,JAL,2010-11-02 12:00:00,DS,8.3,96.9,,,10,265,8.4,97.4,8.4,97.9,8.3,96.4,8.3,95.9,8.3,94.9,8.3,94.0,8.3,93.2,-0.9961946980917455,-0.08715574274765825
2010305N06105,2010,JAL,2010-11-02 15:00:00,DS,8.3,96.4,,,10,270,8.3,96.9,8.4,97.4,8.3,95.9,8.3,95.4,8.3,94.4,8.3,93.6,8.3,92.8,-1.0,-1.8369701987210297e-16
2010305N06105,2010,JAL,2010-11-02 18:00:00,TS,8.3,95.9,,,10,270,8.3,96.4,8.3,96.9,8.3,95.4,8.3,94.9,8.3,94.0,8.3,93.2,8.4,92.3,-1.0,-1.8369701987210297e-16
2010305N06105,2010,JAL,2010-11-02 21:00:00,TS,8.3,95.4,,,10,270,8.3,95.9,8.3,96.4,8.3,94.9,8.3,94.4,8.3,93.6,8.3,92.8,8.4,91.9,-1.0,-1.8369701987210297e-16
2010305N06105,2010,JAL,2010-11-03 00:00:00,TS,8.3,94.9,,,9,270,8.3,95.4,8.3,95.9,8.3,94.4,8.3,94.0,8.3,93.2,8.4,92.3,8.4,91.6,-1.0,-1.8369701987210297e-16
2010305N06105,2010,JAL,2010-11-03 03:00:00,TS,8.3,94.4,,,9,270,8.3,94.9,8.3,95.4,8.3,94.0,8.3,93.6,8.3,92.8,8.4,91.9,8.6,91.1,-1.0,-1.8369701987210297e-16
2010305N06105,2010,JAL,2010-11-03 06:00:00,TS,8.3,94.0,,,8,270,8.3,94.4,8.3,94.9,8.3,93.6,8.3,93.2,8.4,92.3,8.4,91.6,8.6,90.7,-1.0,-1.8369701987210297e-16
2010305N06105,2010,JAL,2010-11-03 09:00:00,TS,8.3,93.6,,,8,270,8.3,94.0,8.3,94.4,8.3,93.2,8.3,92.8,8.4,91.9,8.6,91.1,8.6,90.3,-1.0,-1.8369701987210297e-16
2010305N06105,2010,JAL,2010-11-03 12:00:00,TS,8.3,93.2,,,8,275,8.3,93.6,8.3,94.0,8.3,92.8,8.4,92.3,8.4,91.6,8.6,90.7,8.7,90.0,-0.9961946980917455,0.08715574274765789
2010305N06105,2010,JAL,2010-11-03 15:00:00,TS,8.3,92.8,,,9,275,8.3,93.2,8.3,93.6,8.4,92.3,8.4,91.9,8.6,91.1,8.6,90.3,8.7,89.7,-0.9961946980917455,0.08715574274765789
2010305N06105,2010,JAL,2010-11-03 18:00:00,TS,8.4,92.3,,,9,275,8.3,92.8,8.3,93.2,8.4,91.9,8.4,91.6,8.6,90.7,8.7,90.0,8.8,89.4,-0.9961946980917455,0.08715574274765789
2010305N06105,2010,JAL,2010-11-03 21:00:00,TS,8.4,91.9,,,7,270,8.4,92.3,8.3,92.8,8.4,91.6,8.6,91.1,8.6,90.3,8.7,89.7,8.9,89.0,-1.0,-1.8369701987210297e-16
2010305N06105,2010,JAL,2010-11-04 00:00:00,TS,8.4,91.6,25.0,1002.0,8,280,8.4,91.9,8.4,92.3,8.6,91.1,8.6,90.7,8.7,90.0,8.8,89.4,9.1,88.6,-0.9848077530122081,0.17364817766692997
2010305N06105,2010,JAL,2010-11-04 03:00:00,TS,8.6,91.1,25.0,1002.0,9,285,8.4,91.6,8.4,91.9,8.6,90.7,8.6,90.3,8.7,89.7,8.9,89.0,9.1,88.1,-0.9659258262890684,0.2588190451025203
2010305N06105,2010,JAL,2010-11-04 06:00:00,TS,8.6,90.7,25.0,1002.0,8,275,8.6,91.1,8.4,91.6,8.6,90.3,8.7,90.0,8.8,89.4,9.1,88.6,9.2,87.7,-0.9961946980917455,0.08715574274765789
2010305N06105,2010,JAL,2010-11-04 09:00:00,TS,8.6,90.3,25.0,1002.0,7,275,8.6,90.7,8.6,91.1,8.7,90.0,8.7,89.7,8.9,89.0,9.1,88.1,9.3,87.5,-0.9961946980917455,0.08715574274765789
2010305N06105,2010,JAL,2010-11-04 12:00:00,TS,8.7,90.0,25.0,1002.0,6,275,8.6,90.3,8.6,90.7,8.7,89.7,8.8,89.4,9.1,88.6,9.2,87.7,9.6,87.1,-0.9961946980917455,0.08715574274765789
2010305N06105,2010,JAL,2010-11-04 15:00:00,TS,8.7,89.7,25.0,1002.0,6,280,8.7,90.0,8.6,90.3,8.8,89.4,8.9,89.0,9.1,88.1,9.3,87.5,9.7,86.9,-0.9848077530122081,0.17364817766692997
2010305N06105,2010,JAL,2010-11-04 18:00:00,TS,8.8,89.4,25.0,1002.0,8,290,8.7,89.7,8.7,90.0,8.9,89.0,9.1,88.6,9.2,87.7,9.6,87.1,10.1,86.5,-0.9396926207859083,0.342020143325669
2010305N06105,2010,JAL,2010-11-04 21:00:00,TS,8.9,89.0,28.0,1001.0,9,295,8.8,89.4,8.7,89.7,9.1,88.6,9.1,88.1,9.3,87.5,9.7,86.9,10.1,86.1,-0.9063077870366499,0.4226182617406996
2010305N06105,2010,JAL,2010-11-05 00:00:00,TS,9.1,88.6,30.0,1000.0,9,285,8.9,89.0,8.8,89.4,9.1,88.1,9.2,87.7,9.6,87.1,10.1,86.5,10.2,85.8,-0.9659258262890684,0.2588190451025203
2010305N06105,2010,JAL,2010-11-05 03:00:00,TS,9.1,88.1,30.0,1000.0,8,275,9.1,88.6,8.9,89.0,9.2,87.7,9.3,87.5,9.7,86.9,10.1,86.1,10.3,85.6,-0.9961946980917455,0.08715574274765789
2010305N06105,2010,JAL,2010-11-05 06:00:00,TS,9.2,87.7,35.0,998.0,6,280,9.1,88.1,9.1,88.6,9.3,87.5,9.6,87.1,10.1,86.5,10.2,85.8,10.4,85.3,-0.9848077530122081,0.17364817766692997
2010305N06105,2010,JAL,2010-11-05 09:00:00,TS,9.3,87.5,40.0,996.0,8,300,9.2,87.7,9.1,88.1,9.6,87.1,9.7,86.9,10.1,86.1,10.3,85.6,10.5,85.1,-0.8660254037844386,0.5000000000000001
2010305N06105,2010,JAL,2010-11-05 12:00:00,TS,9.6,87.1,45.0,994.0,7,305,9.3,87.5,9.2,87.7,9.7,86.9,10.1,86.5,10.2,85.8,10.4,85.3,11.1,84.6,-0.8191520442889918,0.573576436351046
2010305N06105,2010,JAL,2010-11-05 15:00:00,TS,9.7,86.9,45.0,994.0,7,310,9.6,87.1,9.3,87.5,10.1,86.5,10.1,86.1,10.3,85.6,10.5,85.1,11.2,84.4,-0.7660444431189781,0.6427876096865393
2010305N06105,2010,JAL,2010-11-05 18:00:00,TS,10.1,86.5,50.0,992.0,9,300,9.7,86.9,9.6,87.1,10.1,86.1,10.2,85.8,10.4,85.3,11.1,84.6,11.3,84.0,-0.8660254037844386,0.5000000000000001
2010305N06105,2010,JAL,2010-11-05 21:00:00,TS,10.1,86.1,55.0,990.0,8,280,10.1,86.5,9.7,86.9,10.2,85.8,10.3,85.6,10.5,85.1,11.2,84.4,11.4,83.7,-0.9848077530122081,0.17364817766692997
2010305N06105,2010,JAL,2010-11-06 00:00:00,TS,10.2,85.8,55.0,990.0,5,285,10.1,86.1,10.1,86.5,10.3,85.6,10.4,85.3,11.1,84.6,11.3,84.0,11.6,83.2,-0.9659258262890684,0.2588190451025203
2010305N06105,2010,JAL,2010-11-06 03:00:00,TS,10.3,85.6,55.0,990.0,5,285,10.2,85.8,10.1,86.1,10.4,85.3,10.5,85.1,11.2,84.4,11.4,83.7,12.2,82.7,-0.9659258262890684,0.2588190451025203
2010305N06105,2010,JAL,2010-11-06 06:00:00,TS,10.4,85.3,55.0,990.0,6,290,10.3,85.6,10.2,85.8,10.5,85.1,11.1,84.6,11.3,84.0,11.6,83.2,12.3,82.2,-0.9396926207859083,0.342020143325669
2010305N06105,2010,JAL,2010-11-06 09:00:00,TS,10.5,85.1,55.0,990.0,10,320,10.4,85.3,10.3,85.6,11.1,84.6,11.2,84.4,11.4,83.7,12.2,82.7,12.3,81.5,-0.6427876096865396,0.7660444431189778
2010305N06105,2010,JAL,2010-11-06 12:00:00,TS,11.1,84.6,60.0,988.0,10,320,10.5,85.1,10.4,85.3,11.2,84.4,11.3,84.0,11.6,83.2,12.3,82.2,13.0,81.1,-0.6427876096865396,0.7660444431189778
2010305N06105,2010,JAL,2010-11-06 15:00:00,TS,11.2,84.4,60.0,988.0,7,285,11.1,84.6,10.5,85.1,11.3,84.0,11.4,83.7,12.2,82.7,12.3,81.5,13.0,80.6,-0.9659258262890684,0.2588190451025203
2010305N06105,2010,JAL,2010-11-06 18:00:00,TS,11.3,84.0,60.0,988.0,7,290,11.2,84.4,11.1,84.6,11.4,83.7,11.6,83.2,12.3,82.2,13.0,81.1,13.1,80.0,-0.9396926207859083,0.342020143325669
2010305N06105,2010,JAL,2010-11-06 21:00:00,TS,11.4,83.7,60.0,988.0,8,290,11.3,84.0,11.2,84.4,11.6,83.2,12.2,82.7,12.3,81.5,13.0,80.6,13.5,79.5,-0.9396926207859083,0.342020143325669
2010305N06105,2010,JAL,2010-11-07 00:00:00,TS,11.6,83.2,60.0,988.0,13,305,11.4,83.7,11.3,84.0,12.2,82.7,12.3,82.2,13.0,81.1,13.1,80.0,14.2,78.9,-0.8191520442889918,0.573576436351046
2010305N06105,2010,JAL,2010-11-07 03:00:00,TS,12.2,82.7,55.0,990.0,12,305,11.6,83.2,11.4,83.7,12.3,82.2,12.3,81.5,13.0,80.6,13.5,79.5,15.0,78.0,-0.8191520442889918,0.573576436351046
2011160N18070,2011,UNNAMED,2011-06-09 12:00:00,TS,18.3,70.3,,,4,55,18.2,70.1,18.1,69.9,18.4,70.5,18.6,70.6,19.0,70.7,19.1,71.1,19.0,71.7,0.8191520442889918,0.5735764363510462
2011160N18070,2011,UNNAMED,2011-06-09 15:00:00,TS,18.4,70.5,,,4,45,18.3,70.3,18.2,70.1,18.6,70.6,18.8,70.6,19.1,70.9,19.1,71.4,19.0,71.8,0.7071067811865475,0.7071067811865476
2011160N18070,2011,UNNAMED,2011-06-09 18:00:00,TS,18.6,70.6,,,4,25,18.4,70.5,18.3,70.3,18.8,70.6,19.0,70.7,19.1,71.1,19.0,71.7,19.1,71.9,0.42261826174069944,0.9063077870366499
2011160N18070,2011,UNNAMED,2011-06-09 21:00:00,TS,18.8,70.6,,,4,15,18.6,70.6,18.4,70.5,19.0,70.7,19.1,70.9,19.1,71.4,19.0,71.8,19.1,72.0,0.25881904510252074,0.9659258262890683
2011160N18070,2011,UNNAMED,2011-06-10 00:00:00,TS,19.0,70.7,,,3,35,18.8,70.6,18.6,70.6,19.1,70.9,19.1,71.1,19.0,71.7,19.1,71.9,19.2,72.1,0.573576436351046,0.8191520442889918
2011160N18070,2011,UNNAMED,2011-06-10 03:00:00,TS,19.1,70.9,,,4,75,19.0,70.7,18.8,70.6,19.1,71.1,19.1,71.4,19.0,71.8,19.1,72.0,19.3,72.1,0.9659258262890683,0.25881904510252074
2011160N18070,2011,UNNAMED,2011-06-10 06:00:00,TS,19.1,71.1,,,5,95,19.1,70.9,19.0,70.7,19.1,71.4,19.0,71.7,19.1,71.9,19.2,72.1,19.5,72.0,0.9961946980917455,-0.08715574274765824
2011160N18070,2011,UNNAMED,2011-06-10 09:00:00,TS,19.1,71.4,,,6,100,19.1,71.1,19.1,70.9,19.0,71.7,19.0,71.8,19.1,72.0,19.3,72.1,19.7,71.9,0.984807753012208,-0.1736481776669303
2011160N18070,2011,UNNAMED,2011-06-10 12:00:00,TS,19.0,71.7,,,4,90,19.1,71.4,19.1,71.1,19.0,71.8,19.1,71.9,19.2,72.1,19.5,72.0,20.0,71.7,1.0,6.123233995736766e-17
2011160N18070,2011,UNNAMED,2011-06-10 15:00:00,TS,19.0,71.8,,,2,60,19.0,71.7,19.1,71.4,19.1,71.9,19.1,72.0,19.3,72.1,19.7,71.9,20.1,71.6,0.8660254037844386,0.5000000000000001
2011160N18070,2011,UNNAMED,2011-06-10 18:00:00,TS,19.1,71.9,,,2,60,19.0,71.8,19.0,71.7,19.1,72.0,19.2,72.1,19.5,72.0,20.0,71.7,20.2,71.4,0.8660254037844386,0.5000000000000001
2011160N18070,2011,UNNAMED,2011-06-10 21:00:00,TS,19.1,72.0,,,2,60,19.1,71.9,19.0,71.8,19.2,72.1,19.3,72.1,19.7,71.9,20.1,71.6,20.5,71.0,0.8660254037844386,0.5000000000000001
2011160N18070,2011,UNNAMED,2011-06-11 00:00:00,TS,19.2,72.1,,,2,15,19.1,72.0,19.1,71.9,19.3,72.1,19.5,72.0,20.0,71.7,20.2,71.4,20.7,70.7,0.25881904510252074,0.9659258262890683
2011160N18070,2011,UNNAMED,2011-06-11 03:00:00,TS,19.3,72.1,,,3,345,19.2,72.1,19.1,72.0,19.5,72.0,19.7,71.9,20.1,71.6,20.5,71.0,20.6,70.6,-0.2588190451025207,0.9659258262890683
2011160N18070,2011,UNNAMED,2011-06-11 06:00:00,TS,19.5,72.0,,,5,335,19.3,72.1,19.2,72.1,19.7,71.9,20.0,71.7,20.2,71.4,20.7,70.7,20.6,70.4,-0.4226182617406992,0.90630778703665
2011160N18070,2011,UNNAMED,2011-06-11 09:00:00,TS,19.7,71.9,,,6,325,19.5,72.0,19.3,72.1,20.0,71.7,20.1,71.6,20.5,71.0,20.6,70.6,20.6,70.2,-0.5735764363510465,0.8191520442889916
2011160N18070,2011,UNNAMED,2011-06-11 12:00:00,TS,20.0,71.7,25.0,996.0,4,315,19.7,71.9,19.5,72.0,20.1,71.6,20.2,71.4,20.7,70.7,20.6,70.4,20.9,70.1,-0.7071067811865477,0.7071067811865474
2011167N22089,2011,UNNAMED,2011-06-16 09:00:00,TS,21.7,89.0,28.0,985.0,5,0,21.5,89.0,21.5,89.0,22.0,89.0,22.3,89.0,22.5,89.0,22.5,89.0,23.0,88.2,0.0,1.0
2011167N22089,2011,UNNAMED,2011-06-16 12:00:00,TS,22.0,89.0,30.0,984.0,6,0,21.7,89.0,21.5,89.0,22.3,89.0,22.5,89.0,22.5,89.0,22.8,88.5,23.0,88.0,0.0,1.0
2011167N22089,2011,UNNAMED,2011-06-16 15:00:00,TS,22.3,89.0,30.0,984.0,5,0,22.0,89.0,21.7,89.0,22.5,89.0,22.5,89.0,22.5,89.0,23.0,88.2,23.0,88.0,0.0,1.0
2011167N22089,2011,UNNAMED,2011-06-16 18:00:00,TS,22.5,89.0,30.0,984.0,2,5,22.3,89.0,22.0,89.0,22.5,89.0,22.5,89.0,22.8,88.5,23.0,88.0,23.0,88.0,0.08715574274765817,0.9961946980917455
2011167N22089,2011,UNNAMED,2011-06-16 21:00:00,TS,22.5,89.0,30.0,984.0,0,0,22.5,89.0,22.3,89.0,22.5,89.0,22.5,89.0,23.0,88.2,23.0,88.0,23.0,87.8,0.0,1.0
2011167N22089,2011,UNNAMED,2011-06-17 00:00:00,TS,22.5,89.0,30.0,984.0,0,150,22.5,89.0,22.5,89.0,22.5,89.0,22.8,88.5,23.0,88.0,23.0,88.0,23.0,87.5,0.49999999999999994,-0.8660254037844387
2011167N22089,2011,UNNAMED,2011-06-17 03:00:00,TS,22.5,89.0,30.0,984.0,6,305,22.5,89.0,22.5,89.0,22.8,88.5,23.0,88.2,23.0,88.0,23.0,87.8,23.0,87.0,-0.8191520442889918,0.573576436351046
2011167N22089,2011,UNNAMED,2011-06-17 06:00:00,TS,22.8,88.5,35.0,978.0,9,300,22.5,89.0,22.5,89.0,23.0,88.2,23.0,88.0,23.0,88.0,23.0,87.5,23.0,87.0,-0.8660254037844386,0.5000000000000001
2011167N22089,2011,UNNAMED,2011-06-17 09:00:00,TS,23.0,88.2,30.0,980.0,5,295,22.8,88.5,22.5,89.0,23.0,88.0,23.0,88.0,23.0,87.8,23.0,87.0,23.0,87.0,-0.9063077870366499,0.4226182617406996
2011167N22089,2011,UNNAMED,2011-06-17 12:00:00,TS,23.0,88.0,25.0,982.0,2,290,23.0,88.2,22.8,88.5,23.0,88.0,23.0,88.0,23.0,87.5,23.0,87.0,23.0,87.0,-0.9396926207859083,0.342020143325669
2011167N22089,2011,UNNAMED,2011-06-17 15:00:00,TS,23.0,88.0,25.0,983.0,0,0,23.0,88.0,23.0,88.2,23.0,88.0,23.0,87.8,23.0,87.0,23.0,87.0,23.0,86.8,0.0,1.0
2011167N22089,2011,UNNAMED,2011-06-17 18:00:00,TS,23.0,88.0,25.0,984.0,2,265,23.0,88.0,23.0,88.0,23.0,87.8,23.0,87.5,23.0,87.0,23.0,87.0,23.0,86.5,-0.9961946980917455,-0.08715574274765825
2011167N22089,2011,UNNAMED,2011-06-17 21:00:00,TS,23.0,87.8,25.0,984.0,5,270,23.0,88.0,23.0,88.0,23.0,87.5,23.0,87.0,23.0,87.0,23.0,86.8,22.9,86.3,-1.0,-1.8369701987210297e-16
2011167N22089,2011,UNNAMED,2011-06-18 00:00:00,TS,23.0,87.5,25.0,984.0,8,270,23.0,87.8,23.0,88.0,23.0,87.0,23.0,87.0,23.0,87.0,23.0,86.5,23.0,86.0,-1.0,-1.8369701987210297e-16
2011167N22089,2011,UNNAMED,2011-06-18 03:00:00,TS,23.0,87.0,25.0,984.0,5,270,23.0,87.5,23.0,87.8,23.0,87.0,23.0,87.0,23.0,86.8,22.9,86.3,23.5,85.5,-1.0,-1.8369701987210297e-16
2011167N22089,2011,UNNAMED,2011-06-18 06:00:00,TS,23.0,87.0,25.0,984.0,0,90,23.0,87.0,23.0,87.5,23.0,87.0,23.0,87.0,23.0,86.5,23.0,86.0,23.5,85.5,1.0,6.123233995736766e-17
2011167N22089,2011,UNNAMED,2011-06-18 09:00:00,TS,23.0,87.0,25.0,984.0,0,0,23.0,87.0,23.0,87.0,23.0,87.0,23.0,86.8,22.9,86.3,23.5,85.5,23.5,85.3,0.0,1.0
2011167N22089,2011,UNNAMED,2011-06-18 12:00:00,TS,23.0,87.0,25.0,984.0,2,270,23.0,87.0,23.0,87.0,23.0,86.8,23.0,86.5,23.0,86.0,23.5,85.5,23.5,85.0,-1.0,-1.8369701987210297e-16
2011167N22089,2011,UNNAMED,2011-06-18 15:00:00,TS,23.0,86.8,25.0,985.0,5,270,23.0,87.0,23.0,87.0,23.0,86.5,22.9,86.3,23.5,85.5,23.5,85.3,23.5,84.8,-1.0,-1.8369701987210297e-16
2011167N22089,2011,UNNAMED,2011-06-18 18:00:00,TS,23.0,86.5,25.0,986.0,5,255,23.0,86.8,23.0,87.0,22.9,86.3,23.0,86.0,23.5,85.5,23.5,85.0,23.5,84.5,-0.9659258262890683,-0.25881904510252063
2011167N22089,2011,UNNAMED,2011-06-18 21:00:00,TS,22.9,86.3,25.0,986.0,5,270,23.0,86.5,23.0,86.8,23.0,86.0,23.5,85.5,23.5,85.3,23.5,84.8,23.5,84.3,-1.0,-1.8369701987210297e-16
2011167N22089,2011,UNNAMED,2011-06-19 00:00:00,TS,23.0,86.0,25.0,986.0,10,310,22.9,86.3,23.0,86.5,23.5,85.5,23.5,85.5,23.5,85.0,23.5,84.5,23.5,84.0,-0.7660444431189781,0.6427876096865393
2011167N22089,2011,UNNAMED,2011-06-19 03:00:00,TS,23.5,85.5,25.0,987.0,7,315,23.0,86.0,22.9,86.3,23.5,85.5,23.5,85.3,23.5,84.8,23.5,84.3,23.7,83.5,-0.7071067811865477,0.7071067811865474
2011167N22089,2011,UNNAMED,2011-06-19 06:00:00,TS,23.5,85.5,25.0,987.0,2,270,23.5,85.5,23.0,86.0,23.5,85.3,23.5,85.0,23.5,84.5,23.5,84.0,23.7,83.5,-1.0,-1.8369701987210297e-16
2011167N22089,2011,UNNAMED,2011-06-19 09:00:00,TS,23.5,85.3,25.0,987.0,5,270,23.5,85.5,23.5,85.5,23.5,85.0,23.5,84.8,23.5,84.3,23.7,83.5,23.8,83.3,-1.0,-1.8369701987210297e-16
2011167N22089,2011,UNNAMED,2011-06-19 12:00:00,TS,23.5,85.0,25.0,987.0,5,270,23.5,85.3,23.5,85.5,23.5,84.8,23.5,84.5,23.5,84.0,23.7,83.5,24.0,83.0,-1.0,-1.8369701987210297e-16
2011167N22089,2011,UNNAMED,2011-06-19 15:00:00,TS,23.5,84.8,25.0,987.0,5,270,23.5,85.0,23.5,85.3,23.5,84.5,23.5,84.3,23.7,83.5,23.8,83.3,24.0,83.0,-1.0,-1.8369701987210297e-16
2011167N22089,2011,UNNAMED,2011-06-19 18:00:00,TS,23.5,84.5,25.0,987.0,4,265,23.5,84.8,23.5,85.0,23.5,84.3,23.5,84.0,23.7,83.5,24.0,83.0,24.0,83.0,-0.9961946980917455,-0.08715574274765825
2011167N22089,2011,UNNAMED,2011-06-19 21:00:00,TS,23.5,84.3,25.0,987.0,5,270,23.5,84.5,23.5,84.8,23.5,84.0,23.7,83.5,23.8,83.3,24.0,83.0,24.3,82.8,-1.0,-1.8369701987210297e-16
2011167N22089,2011,UNNAMED,2011-06-20 00:00:00,TS,23.5,84.0,25.0,987.0,8,290,23.5,84.3,23.5,84.5,23.7,83.5,23.7,83.5,24.0,83.0,24.0,83.0,24.5,82.5,-0.9396926207859083,0.342020143325669
2011167N22089,2011,UNNAMED,2011-06-20 03:00:00,TS,23.7,83.5,25.0,987.0,5,295,23.5,84.0,23.5,84.3,23.7,83.5,23.8,83.3,24.0,83.0,24.3,82.8,24.5,82.0,-0.9063077870366499,0.4226182617406996
2011167N22089,2011,UNNAMED,2011-06-20 06:00:00,TS,23.7,83.5,20.0,990.0,3,305,23.7,83.5,23.5,84.0,23.8,83.3,24.0,83.0,24.0,83.0,24.5,82.5,24.5,81.5,-0.8191520442889918,0.573576436351046
2011167N22089,2011,UNNAMED,2011-06-20 09:00:00,TS,23.8,83.3,20.0,990.0,5,305,23.7,83.5,23.7,83.5,24.0,83.0,24.0,83.0,24.3,82.8,24.5,82.0,24.5,81.2,-0.8191520442889918,0.573576436351046
2011167N22089,2011,UNNAMED,2011-06-20 12:00:00,TS,24.0,83.0,20.0,990.0,3,300,23.8,83.3,23.7,83.5,24.0,83.0,24.0,83.0,24.5,82.5,24.5,81.5,24.5,81.0,-0.8660254037844386,0.5000000000000001
2011167N22089,2011,UNNAMED,2011-06-20 15:00:00,TS,24.0,83.0,20.0,990.0,0,0,24.0,83.0,23.8,83.3,24.0,83.0,24.3,82.8,24.5,82.0,24.5,81.2,24.5,81.0,0.0,1.0
2011167N22089,2011,UNNAMED,2011-06-20 18:00:00,TS,24.0,83.0,20.0,990.0,3,330,24.0,83.0,24.0,83.0,24.3,82.8,24.5,82.5,24.5,81.5,24.5,81.0,24.5,81.0,-0.5000000000000004,0.8660254037844384
2011167N22089,2011,UNNAMED,2011-06-20 21:00:00,TS,24.3,82.8,20.0,990.0,7,320,24.0,83.0,24.0,83.0,24.5,82.5,24.5,82.0,24.5,81.2,24.5,81.0,24.5,80.8,-0.6427876096865396,0.7660444431189778
2011167N22089,2011,UNNAMED,2011-06-21 00:00:00,TS,24.5,82.5,20.0,990.0,8,285,24.3,82.8,24.0,83.0,24.5,82.0,24.5,81.5,24.5,81.0,24.5,81.0,24.5,80.5,-0.9659258262890684,0.2588190451025203
2011167N22089,2011,UNNAMED,2011-06-21 03:00:00,TS,24.5,82.0,20.0,990.0,9,270,24.5,82.5,24.3,82.8,24.5,81.5,24.5,81.2,24.5,81.0,24.5,80.8,24.5,80.0,-1.0,-1.8369701987210297e-16
2011167N22089,2011,UNNAMED,2011-06-21 06:00:00,TS,24.5,81.5,20.0,990.0,8,270,24.5,82.0,24.5,82.5,24.5,81.2,24.5,81.0,24.5,81.0,24.5,80.5,24.5,80.0,-1.0,-1.8369701987210297e-16
2011167N22089,2011,UNNAMED,2011-06-21 09:00:00,TS,24.5,81.2,20.0,990.0,5,270,24.5,81.5,24.5,82.0,24.5,81.0,24.5,81.0,24.5,80.8,24.5,80.0,24.5,79.6,-1.0,-1.8369701987210297e-16
2011167N22089,2011,UNNAMED,2011-06-21 12:00:00,TS,24.5,81.0,20.0,990.0,1,270,24.5,81.2,24.5,81.5,24.5,81.0,24.5,81.0,24.5,80.5,24.5,80.0,24.5,79.1,-1.0,-1.8369701987210297e-16
2011167N22089,2011,UNNAMED,2011-06-21 15:00:00,TS,24.5,81.0,20.0,990.0,0,0,24.5,81.0,24.5,81.2,24.5,81.0,24.5,80.8,24.5,80.0,24.5,79.6,24.5,78.7,0.0,1.0
2011167N22089,2011,UNNAMED,2011-06-21 18:00:00,TS,24.5,81.0,20.0,990.0,1,270,24.5,81.0,24.5,81.0,24.5,80.8,24.5,80.5,24.5,80.0,24.5,79.1,24.5,78.5,-1.0,-1.8369701987210297e-16
2011290N15090,2011,UNNAMED,2011-10-17 06:00:00,DS,15.5,89.2,,,5,310,15.3,89.4,15.2,89.5,15.7,89.0,15.9,88.8,16.6,88.6,17.4,88.6,18.3,88.4,-0.7660444431189781,0.6427876096865393
2011290N15090,2011,UNNAMED,2011-10-17 09:00:00,DS,15.7,89.0,,,6,315,15.5,89.2,15.3,89.4,15.9,88.8,16.2,88.7,17.0,88.6,17.8,88.4,18.8,88.7,-0.7071067811865477,0.7071067811865474
2011290N15090,2011,UNNAMED,2011-10-17 12:00:00,DS,15.9,88.8,,,6,330,15.7,89.0,15.5,89.2,16.2,88.7,16.6,88.6,17.4,88.6,18.3,88.4,19.2,89.2,-0.5000000000000004,0.8660254037844384
2011290N15090,2011,UNNAMED,2011-10-17 15:00:00,DS,16.2,88.7,,,7,345,15.9,88.8,15.7,89.0,16.6,88.6,17.0,88.6,17.8,88.4,18.8,88.7,19.5,89.7,-0.2588190451025207,0.9659258262890683
2011290N15090,2011,UNNAMED,2011-10-17 18:00:00,DS,16.6,88.6,,,8,355,16.2,88.7,15.9,88.8,17.0,88.6,17.4,88.6,18.3,88.4,19.2,89.2,19.7,90.1,-0.08715574274765832,0.9961946980917455
2011290N15090,2011,UNNAMED,2011-10-17 21:00:00,DS,17.0,88.6,,,8,0,16.6,88.6,16.2,88.7,17.4,88.6,17.8,88.4,18.8,88.7,19.5,89.7,20.0,90.5,0.0,1.0
2011290N15090,2011,UNNAMED,2011-10-18 00:00:00,DS,17.4,88.6,,,9,350,17.0,88.6,16.6,88.6,17.8,88.4,18.3,88.4,19.2,89.2,19.7,90.1,20.2,90.8,-0.1736481776669304,0.984807753012208
2011290N15090,2011,UNNAMED,2011-10-18 03:00:00,DS,17.8,88.4,,,9,350,17.4,88.6,17.0,88.6,18.3,88.4,18.8,88.7,19.5,89.7,20.0,90.5,20.3,91.1,-0.1736481776669304,0.984807753012208
2011290N15090,2011,UNNAMED,2011-10-18 06:00:00,DS,18.3,88.4,,,10,15,17.8,88.4,17.4,88.6,18.8,88.7,19.2,89.2,19.7,90.1,20.2,90.8,20.6,91.5,0.25881904510252074,0.9659258262890683
2011290N15090,2011,UNNAMED,2011-10-18 09:00:00,DS,18.8,88.7,,,12,40,18.3,88.4,17.8,88.4,19.2,89.2,19.5,89.7,20.0,90.5,20.3,91.1,20.9,91.8,0.6427876096865393,0.766044443118978
2011290N15090,2011,UNNAMED,2011-10-18 12:00:00,TS,19.2,89.2,,,11,50,18.8,88.7,18.3,88.4,19.5,89.7,19.7,90.1,20.2,90.8,20.6,91.5,21.2,92.0,0.766044443118978,0.6427876096865394
2011290N15090,2011,UNNAMED,2011-10-18 15:00:00,TS,19.5,89.7,,,10,60,19.2,89.2,18.8,88.7,19.7,90.1,20.0,90.5,20.3,91.1,20.9,91.8,21.4,92.3,0.8660254037844386,0.5000000000000001
2011290N15090,2011,UNNAMED,2011-10-18 18:00:00,TS,19.7,90.1,,,10,60,19.5,89.7,19.2,89.2,20.0,90.5,20.2,90.8,20.6,91.5,21.2,92.0,21.5,92.7,0.8660254037844386,0.5000000000000001
2011290N15090,2011,UNNAMED,2011-10-18 21:00:00,TS,20.0,90.5,,,8,55,19.7,90.1,19.5,89.7,20.2,90.8,20.3,91.1,20.9,91.8,21.4,92.3,21.6,93.0,0.8191520442889918,0.5735764363510462
2011290N15090,2011,UNNAMED,2011-10-19 00:00:00,TS,20.2,90.8,3.0,1002.0,7,60,20.0,90.5,19.7,90.1,20.3,91.1,20.6,91.5,21.2,92.0,21.5,92.7,21.5,93.5,0.8660254037844386,0.5000000000000001
2011302N13062,2011,KEILA,2011-10-29 12:00:00,TS,13.0,61.0,25.0,1004.0,4,270,13.0,61.4,13.0,62.0,13.0,61.0,13.0,61.0,13.0,60.5,13.0,60.0,13.5,59.5,-1.0,-1.8369701987210297e-16
2011302N13062,2011,KEILA,2011-10-29 15:00:00,TS,13.0,61.0,25.0,1004.0,0,0,13.0,61.0,13.0,61.4,13.0,61.0,13.0,60.8,13.0,60.0,13.2,59.8,13.8,59.2,0.0,1.0
2011302N13062,2011,KEILA,2011-10-29 18:00:00,TS,13.0,61.0,25.0,1004.0,1,270,13.0,61.0,13.0,61.0,13.0,60.8,13.0,60.5,13.0,60.0,13.5,59.5,14.0,59.0,-1.0,-1.8369701987210297e-16
2011302N13062,2011,KEILA,2011-10-29 21:00:00,TS,13.0,60.8,25.0,1004.0,5,270,13.0,61.0,13.0,61.0,13.0,60.5,13.0,60.0,13.2,59.8,13.8,59.2,14.2,59.1,-1.0,-1.8369701987210297e-16
2011302N13062,2011,KEILA,2011-10-30 00:00:00,TS,13.0,60.5,25.0,1004.0,8,270,13.0,60.8,13.0,61.0,13.0,60.0,13.0,60.0,13.5,59.5,14.0,59.0,14.5,59.0,-1.0,-1.8369701987210297e-16
2011302N13062,2011,KEILA,2011-10-30 03:00:00,TS,13.0,60.0,25.0,1004.0,5,270,13.0,60.5,13.0,60.8,13.0,60.0,13.2,59.8,13.8,59.2,14.2,59.1,15.0,58.5,-1.0,-1.8369701987210297e-16
2011302N13062,2011,KEILA,2011-10-30 06:00:00,TS,13.0,60.0,25.0,1002.0,3,315,13.0,60.0,13.0,60.5,13.2,59.8,13.5,59.5,14.0,59.0,14.5,59.0,16.0,57.0,-0.7071067811865477,0.7071067811865474
2011302N13062,2011,KEILA,2011-10-30 09:00:00,TS,13.2,59.8,25.0,1002.0,7,315,13.0,60.0,13.0,60.0,13.5,59.5,13.8,59.2,14.2,59.1,15.0,58.5,16.2,57.0,-0.7071067811865477,0.7071067811865474
2011302N13062,2011,KEILA,2011-10-30 12:00:00,TS,13.5,59.5,25.0,1002.0,8,315,13.2,59.8,13.0,60.0,13.8,59.2,14.0,59.0,14.5,59.0,16.0,57.0,16.0,57.5,-0.7071067811865477,0.7071067811865474
2011302N13062,2011,KEILA,2011-10-30 15:00:00,TS,13.8,59.2,25.0,1002.0,7,315,13.5,59.5,13.2,59.8,14.0,59.0,14.2,59.1,15.0,58.5,16.2,57.0,16.0,57.3,-0.7071067811865477,0.7071067811865474
2011302N13062,2011,KEILA,2011-10-30 18:00:00,TS,14.0,59.0,25.0,1002.0,5,340,13.8,59.2,13.5,59.5,14.2,59.1,14.5,59.0,16.0,57.0,16.0,57.5,16.0,57.0,-0.3420201433256686,0.9396926207859084
2011302N13062,2011,KEILA,2011-10-30 21:00:00,TS,14.2,59.1,25.0,1002.0,5,0,14.0,59.0,13.8,59.2,14.5,59.0,15.0,58.5,16.2,57.0,16.0,57.3,16.0,56.8,0.0,1.0
2011302N13062,2011,KEILA,2011-10-31 00:00:00,TS,14.5,59.0,25.0,1002.0,10,325,14.2,59.1,14.0,59.0,15.0,58.5,16.0,57.0,16.0,57.5,16.0,57.0,15.9,56.6,-0.5735764363510465,0.8191520442889916
2011302N13062,2011,KEILA,2011-10-31 03:00:00,TS,15.0,58.5,25.0,1000.0,25,310,14.5,59.0,14.2,59.1,16.0,57.0,16.2,57.0,16.0,57.3,16.0,56.8,15.9,56.2,-0.7660444431189781,0.6427876096865393
2011302N13062,2011,KEILA,2011-10-31 06:00:00,TS,16.0,57.0,25.0,1000.0,19,310,15.0,58.5,14.5,59.0,16.2,57.0,16.0,57.5,16.0,57.0,15.9,56.6,15.9,56.1,-0.7660444431189781,0.6427876096865393
2011302N13062,2011,KEILA,2011-10-31 09:00:00,TS,16.2,57.0,25.0,1000.0,5,90,16.0,57.0,15.0,58.5,16.0,57.5,16.0,57.3,16.0,56.8,15.9,56.2,15.9,55.9,1.0,6.123233995736766e-17
2011302N13062,2011,KEILA,2011-10-31 12:00:00,TS,16.0,57.5,25.0,1000.0,4,120,16.2,57.0,16.0,57.0,16.0,57.3,16.0,57.0,15.9,56.6,15.9,56.1,16.0,55.7,0.8660254037844387,-0.4999999999999998
2011302N13062,2011,KEILA,2011-10-31 15:00:00,TS,16.0,57.3,25.0,1000.0,5,270,16.0,57.5,16.2,57.0,16.0,57.0,16.0,56.8,15.9,56.2,15.9,55.9,16.0,55.5,-1.0,-1.8369701987210297e-16
2011302N13062,2011,KEILA,2011-10-31 18:00:00,TS,16.0,57.0,25.0,1000.0,5,270,16.0,57.3,16.0,57.5,16.0,56.8,15.9,56.6,15.9,56.1,16.0,55.7,16.0,55.5,-1.0,-1.8369701987210297e-16
2011302N13062,2011,KEILA,2011-10-31 21:00:00,TS,16.0,56.8,25.0,1000.0,4,260,16.0,57.0,16.0,57.3,15.9,56.6,15.9,56.2,15.9,55.9,16.0,55.5,16.0,55.4,-0.984807753012208,-0.17364817766693033
2011302N13062,2011,KEILA,2011-11-01 00:00:00,MX,15.9,56.6,25.0,1000.0,6,260,16.0,56.8,16.0,57.0,15.9,56.2,15.9,56.1,16.0,55.7,16.0,55.5,16.1,55.3,-0.984807753012208,-0.17364817766693033
2011302N13062,2011,KEILA,2011-11-01 03:00:00,MX,15.9,56.2,30.0,1000.0,4,265,15.9,56.6,16.0,56.8,15.9,56.1,15.9,55.9,16.0,55.5,16.0,55.4,16.2,55.0,-0.9961946980917455,-0.08715574274765825
2011302N13062,2011,KEILA,2011-11-01 06:00:00,MX,15.9,56.1,30.0,1000.0,3,270,15.9,56.2,15.9,56.6,15.9,55.9,16.0,55.7,16.0,55.5,16.1,55.3,16.3,54.8,-1.0,-1.8369701987210297e-16
2011302N13062,2011,KEILA,2011-11-01 09:00:00,MX,15.9,55.9,30.0,1000.0,5,275,15.9,56.1,15.9,56.2,16.0,55.7,16.0,55.5,16.0,55.4,16.2,55.0,16.4,54.7,-0.9961946980917455,0.08715574274765789
2011302N13062,2011,KEILA,2011-11-01 12:00:00,TS,16.0,55.7,30.0,1000.0,4,275,15.9,55.9,15.9,56.1,16.0,55.5,16.0,55.5,16.1,55.3,16.3,54.8,16.7,54.8,-0.9961946980917455,0.08715574274765789
2011302N13062,2011,KEILA,2011-11-01 15:00:00,TS,16.0,55.5,30.0,1000.0,2,285,16.0,55.7,15.9,55.9,16.0,55.5,16.0,55.4,16.2,55.0,16.4,54.7,16.9,54.6,-0.9659258262890684,0.2588190451025203
2011302N13062,2011,KEILA,2011-11-01 18:00:00,TS,16.0,55.5,30.0,1000.0,2,295,16.0,55.5,16.0,55.7,16.0,55.4,16.1,55.3,16.3,54.8,16.7,54.8,17.0,54.5,-0.9063077870366499,0.4226182617406996
2011302N13062,2011,KEILA,2011-11-01 21:00:00,TS,16.0,55.4,30.0,1000.0,2,295,16.0,55.5,16.0,55.5,16.1,55.3,16.2,55.0,16.4,54.7,16.9,54.6,17.0,54.5,-0.9063077870366499,0.4226182617406996
2011302N13062,2011,KEILA,2011-11-02 00:00:00,TS,16.1,55.3,30.0,1000.0,3,290,16.0,55.4,16.0,55.5,16.2,55.0,16.3,54.8,16.7,54.8,17.0,54.5,17.0,54.6,-0.9396926207859083,0.342020143325669
2011302N13062,2011,KEILA,2011-11-02 03:00:00,TS,16.2,55.0,35.0,998.0,5,285,16.1,55.3,16.0,55.4,16.3,54.8,16.4,54.7,16.9,54.6,17.0,54.5,17.0,54.6,-0.9659258262890684,0.2588190451025203
2011302N13062,2011,KEILA,2011-11-02 06:00:00,TS,16.3,54.8,35.0,996.0,3,305,16.2,55.0,16.1,55.3,16.4,54.7,16.7,54.8,17.0,54.5,17.0,54.6,17.1,54.6,-0.8191520442889918,0.573576436351046
2011302N13062,2011,KEILA,2011-11-02 09:00:00,TS,16.4,54.7,35.0,996.0,5,0,16.3,54.8,16.2,55.0,16.7,54.8,16.9,54.6,17.0,54.5,17.0,54.6,17.1,54.7,0.0,1.0
2011302N13062,2011,KEILA,2011-11-02 12:00:00,TS,16.7,54.8,35.0,996.0,5,345,16.4,54.7,16.3,54.8,16.9,54.6,17.0,54.5,17.0,54.6,17.1,54.6,17.1,54.9,-0.2588190451025207,0.9659258262890683
2011302N13062,2011,KEILA,2011-11-02 15:00:00,TS,16.9,54.6,35.0,996.0,4,320,16.7,54.8,16.4,54.7,17.0,54.5,17.0,54.5,17.0,54.6,17.1,54.7,17.1,55.1,-0.6427876096865396,0.7660444431189778
2011302N13062,2011,KEILA,2011-11-02 18:00:00,TS,17.0,54.5,30.0,1000.0,2,325,16.9,54.6,16.7,54.8,17.0,54.5,17.0,54.6,17.1,54.6,17.1,54.9,17.1,55.2,-0.5735764363510465,0.8191520442889916
2011302N13062,2011,KEILA,2011-11-02 21:00:00,TS,17.0,54.5,30.0,1000.0,1,135,17.0,54.5,16.9,54.6,17.0,54.6,17.0,54.6,17.1,54.7,17.1,55.1,17.0,55.1,0.7071067811865476,-0.7071067811865475
2011302N13062,2011,KEILA,2011-11-03 00:00:00,TS,17.0,54.6,30.0,1000.0,1,65,17.0,54.5,17.0,54.5,17.0,54.6,17.1,54.6,17.1,54.9,17.1,55.2,16.7,54.9,0.9063077870366499,0.42261826174069944
2011302N13062,2011,KEILA,2011-11-03 03:00:00,TS,17.0,54.6,30.0,1000.0,2,10,17.0,54.6,17.0,54.5,17.1,54.6,17.1,54.7,17.1,55.1,17.0,55.1,16.4,54.7,0.17364817766693033,0.984807753012208
2011302N13062,2011,KEILA,2011-11-03 06:00:00,TS,17.1,54.6,30.0,1000.0,2,60,17.0,54.6,17.0,54.6,17.1,54.7,17.1,54.9,17.1,55.2,16.7,54.9,16.3,54.3,0.8660254037844386,0.5000000000000001
2011302N13062,2011,KEILA,2011-11-03 09:00:00,TS,17.1,54.7,30.0,1000.0,3,90,17.1,54.6,17.0,54.6,17.1,54.9,17.1,55.1,17.0,55.1,16.4,54.7,16.1,54.1,1.0,6.123233995736766e-17
2011302N13062,2011,KEILA,2011-11-03 12:00:00,TS,17.1,54.9,30.0,1000.0,3,95,17.1,54.7,17.1,54.6,17.1,55.1,17.1,55.2,16.7,54.9,16.3,54.3,16.0,53.9,0.9961946980917455,-0.08715574274765824
2011302N13062,2011,KEILA,2011-11-03 15:00:00,TS,17.1,55.1,30.0,1001.0,2,100,17.1,54.9,17.1,54.7,17.1,55.2,17.0,55.1,16.4,54.7,16.1,54.1,15.9,53.7,0.984807753012208,-0.1736481776669303
2011302N13062,2011,KEILA,2011-11-03 18:00:00,TS,17.1,55.2,30.0,1001.0,1,160,17.1,55.1,17.1,54.9,17.0,55.1,16.7,54.9,16.3,54.3,16.0,53.9,15.9,53.5,0.3420201433256689,-0.9396926207859083
2011302N13062,2011,KEILA,2011-11-03 21:00:00,TS,17.0,55.1,30.0,1001.0,4,215,17.1,55.2,17.1,55.1,16.7,54.9,16.4,54.7,16.1,54.1,15.9,53.7,15.9,53.2,-0.5735764363510462,-0.8191520442889918
2011302N13062,2011,KEILA,2011-11-04 00:00:00,TS,16.7,54.9,30.0,1001.0,7,220,17.0,55.1,17.1,55.2,16.4,54.7,16.3,54.3,16.0,53.9,15.9,53.5,16.0,53.0,-0.6427876096865393,-0.766044443118978
2011302N13062,2011,KEILA,2011-11-04 03:00:00,TS,16.4,54.7,25.0,1002.0,7,235,16.7,54.9,17.0,55.1,16.3,54.3,16.1,54.1,15.9,53.7,15.9,53.2,16.3,52.8,-0.8191520442889916,-0.5735764363510464
2011302N13062,2011,KEILA,2011-11-04 06:00:00,TS,16.3,54.3,,,6,240,16.4,54.7,16.7,54.9,16.1,54.1,16.0,53.9,15.9,53.5,16.0,53.0,16.6,52.6,-0.8660254037844384,-0.5000000000000004
2011310N11066,2011,UNNAMED,2011-11-06 12:00:00,TS,10.5,65.5,25.0,1004.0,6,295,10.4,65.6,10.5,65.5,10.7,65.0,11.0,64.5,11.5,64.0,12.5,62.0,13.4,60.5,-0.9063077870366499,0.4226182617406996
2011310N11066,2011,UNNAMED,2011-11-06 15:00:00,TS,10.7,65.0,25.0,1004.0,11,295,10.5,65.5,10.4,65.6,11.0,64.5,11.3,64.3,11.5,63.5,13.2,61.0,13.4,60.3,-0.9063077870366499,0.4226182617406996
2011310N11066,2011,UNNAMED,2011-11-06 18:00:00,TS,11.0,64.5,25.0,1004.0,10,310,10.7,65.0,10.5,65.5,11.3,64.3,11.5,64.0,12.5,62.0,13.4,60.5,13.4,60.2,-0.7660444431189781,0.6427876096865393
2011310N11066,2011,UNNAMED,2011-11-06 21:00:00,TS,11.3,64.3,25.0,1003.0,7,315,11.0,64.5,10.7,65.0,11.5,64.0,11.5,63.5,13.2,61.0,13.4,60.3,13.5,60.0,-0.7071067811865477,0.7071067811865474
2011310N11066,2011,UNNAMED,2011-11-07 00:00:00,TS,11.5,64.0,25.0,1002.0,8,285,11.3,64.3,11.0,64.5,11.5,63.5,12.5,62.0,13.4,60.5,13.4,60.2,13.6,59.8,-0.9659258262890684,0.2588190451025203
2011310N11066,2011,UNNAMED,2011-11-07 03:00:00,TS,11.5,63.5,25.0,1002.0,22,295,11.5,64.0,11.3,64.3,12.5,62.0,13.2,61.0,13.4,60.3,13.5,60.0,13.6,59.7,-0.9063077870366499,0.4226182617406996
2011310N11066,2011,UNNAMED,2011-11-07 06:00:00,TS,12.5,62.0,25.0,1002.0,30,305,11.5,63.5,11.5,64.0,13.2,61.0,13.4,60.5,13.4,60.2,13.6,59.8,13.8,59.3,-0.8191520442889918,0.573576436351046
2011310N11066,2011,UNNAMED,2011-11-07 09:00:00,TS,13.2,61.0,25.0,1002.0,17,300,12.5,62.0,11.5,63.5,13.4,60.5,13.4,60.3,13.5,60.0,13.6,59.7,13.9,59.1,-0.8660254037844386,0.5000000000000001
2011310N11066,2011,UNNAMED,2011-11-07 12:00:00,MX,13.4,60.5,25.0,1002.0,7,290,13.2,61.0,12.5,62.0,13.4,60.3,13.4,60.2,13.6,59.8,13.8,59.3,14.2,59.0,-0.9396926207859083,0.342020143325669
2011310N11066,2011,UNNAMED,2011-11-07 15:00:00,MX,13.4,60.3,25.0,1002.0,3,260,13.4,60.5,13.2,61.0,13.4,60.2,13.5,60.0,13.6,59.7,13.9,59.1,14.4,58.8,-0.984807753012208,-0.17364817766693033
2011310N11066,2011,UNNAMED,2011-11-07 18:00:00,TS,13.4,60.2,25.0,1002.0,3,280,13.4,60.3,13.4,60.5,13.5,60.0,13.6,59.8,13.8,59.3,14.2,59.0,14.7,58.7,-0.9848077530122081,0.17364817766692997
2011310N11066,2011,UNNAMED,2011-11-07 21:00:00,TS,13.5,60.0,25.0,1002.0,5,300,13.4,60.2,13.4,60.3,13.6,59.8,13.6,59.7,13.9,59.1,14.4,58.8,14.9,58.6,-0.8660254037844386,0.5000000000000001
2011310N11066,2011,UNNAMED,2011-11-08 00:00:00,TS,13.6,59.8,25.0,1002.0,3,295,13.5,60.0,13.4,60.2,13.6,59.7,13.8,59.3,14.2,59.0,14.7,58.7,15.1,58.6,-0.9063077870366499,0.4226182617406996
2011310N11066,2011,UNNAMED,2011-11-08 03:00:00,TS,13.6,59.7,30.0,1000.0,5,285,13.6,59.8,13.5,60.0,13.8,59.3,13.9,59.1,14.4,58.8,14.9,58.6,15.2,58.5,-0.9659258262890684,0.2588190451025203
2011310N11066,2011,UNNAMED,2011-11-08 06:00:00,TS,13.8,59.3,30.0,1000.0,6,300,13.6,59.7,13.6,59.8,13.9,59.1,14.2,59.0,14.7,58.7,15.1,58.6,15.3,58.5,-0.8660254037844386,0.5000000000000001
2011310N11066,2011,UNNAMED,2011-11-08 09:00:00,TS,13.9,59.1,30.0,1000.0,5,325,13.8,59.3,13.6,59.7,14.2,59.0,14.4,58.8,14.9,58.6,15.2,58.5,15.4,58.5,-0.5735764363510465,0.8191520442889916
2011310N11066,2011,UNNAMED,2011-11-08 12:00:00,TS,14.2,59.0,30.0,1000.0,5,330,13.9,59.1,13.8,59.3,14.4,58.8,14.7,58.7,15.1,58.6,15.3,58.5,15.7,58.5,-0.5000000000000004,0.8660254037844384
2011310N11066,2011,UNNAMED,2011-11-08 15:00:00,TS,14.4,58.8,30.0,1000.0,6,330,14.2,59.0,13.9,59.1,14.7,58.7,14.9,58.6,15.2,58.5,15.4,58.5,15.7,58.5,-0.5000000000000004,0.8660254037844384
2011310N11066,2011,UNNAMED,2011-11-08 18:00:00,TS,14.7,58.7,30.0,1000.0,6,340,14.4,58.8,14.2,59.0,14.9,58.6,15.1,58.6,15.3,58.5,15.7,58.5,15.8,58.6,-0.3420201433256686,0.9396926207859084
2011310N11066,2011,UNNAMED,2011-11-08 21:00:00,TS,14.9,58.6,30.0,1000.0,5,350,14.7,58.7,14.4,58.8,15.1,58.6,15.2,58.5,15.4,58.5,15.7,58.5,16.0,58.5,-0.1736481776669304,0.984807753012208
2011310N11066,2011,UNNAMED,2011-11-09 00:00:00,TS,15.1,58.6,30.0,1000.0,3,340,14.9,58.6,14.7,58.7,15.2,58.5,15.3,58.5,15.7,58.5,15.8,58.6,16.2,58.5,-0.3420201433256686,0.9396926207859084
2011310N11066,2011,UNNAMED,2011-11-09 03:00:00,TS,15.2,58.5,30.0,1000.0,2,330,15.1,58.6,14.9,58.6,15.3,58.5,15.4,58.5,15.7,58.5,16.0,58.5,16.2,58.4,-0.5000000000000004,0.8660254037844384
2011310N11066,2011,UNNAMED,2011-11-09 06:00:00,TS,15.3,58.5,30.0,1000.0,3,350,15.2,58.5,15.1,58.6,15.4,58.5,15.7,58.5,15.8,58.6,16.2,58.5,15.9,58.3,-0.1736481776669304,0.984807753012208
2011310N11066,2011,UNNAMED,2011-11-09 09:00:00,TS,15.4,58.5,28.0,1001.0,4,0,15.3,58.5,15.2,58.5,15.7,58.5,15.7,58.5,16.0,58.5,16.2,58.4,15.4,58.6,0.0,1.0
2011310N11066,2011,UNNAMED,2011-11-09 12:00:00,TS,15.7,58.5,25.0,1002.0,3,5,15.4,58.5,15.3,58.5,15.7,58.5,15.8,58.6,16.2,58.5,15.9,58.3,14.9,58.8,0.08715574274765817,0.9961946980917455
2011310N11066,2011,UNNAMED,2011-11-09 15:00:00,TS,15.7,58.5,25.0,1002.0,1,15,15.7,58.5,15.4,58.5,15.8,58.6,16.0,58.5,16.2,58.4,15.4,58.6,14.7,58.8,0.25881904510252074,0.9659258262890683
2011310N11066,2011,UNNAMED,2011-11-09 18:00:00,TS,15.8,58.6,25.0,1002.0,3,0,15.7,58.5,15.7,58.5,16.0,58.5,16.2,58.5,15.9,58.3,14.9,58.8,14.5,58.6,0.0,1.0
2011310N11066,2011,UNNAMED,2011-11-09 21:00:00,TS,16.0,58.5,25.0,1002.0,5,355,15.8,58.6,15.7,58.5,16.2,58.5,16.2,58.4,15.4,58.6,14.7,58.8,14.3,58.1,-0.08715574274765832,0.9961946980917455
2011310N11066,2011,UNNAMED,2011-11-10 00:00:00,TS,16.2,58.5,25.0,1002.0,2,315,16.0,58.5,15.8,58.6,16.2,58.4,15.9,58.3,14.9,58.8,14.5,58.6,14.1,57.5,-0.7071067811865477,0.7071067811865474
2011310N11066,2011,UNNAMED,2011-11-10 03:00:00,TS,16.2,58.4,25.0,1002.0,4,215,16.2,58.5,16.0,58.5,15.9,58.3,15.4,58.6,14.7,58.8,14.3,58.1,13.9,57.1,-0.5735764363510462,-0.8191520442889918
2011310N11066,2011,UNNAMED,2011-11-10 06:00:00,TS,15.9,58.3,,,8,170,16.2,58.4,16.2,58.5,15.4,58.6,14.9,58.8,14.5,58.6,14.1,57.5,13.7,56.8,0.17364817766693028,-0.984807753012208
2011310N11066,2011,UNNAMED,2011-11-10 09:00:00,TS,15.4,58.6,,,11,155,15.9,58.3,16.2,58.4,14.9,58.8,14.7,58.8,14.3,58.1,13.9,57.1,13.6,56.5,0.4226182617406995,-0.9063077870366499
2011310N11066,2011,UNNAMED,2011-11-10 12:00:00,TS,14.9,58.8,,,8,160,15.4,58.6,15.9,58.3,14.7,58.8,14.5,58.6,14.1,57.5,13.7,56.8,13.5,56.3,0.3420201433256689,-0.9396926207859083
2011330N06078,2011,UNNAMED,2011-11-25 18:00:00,TS,6.8,77.2,,,12,315,6.4,77.6,6.0,78.1,7.2,76.8,7.6,76.4,8.2,75.6,8.7,74.9,9.1,74.5,-0.7071067811865477,0.7071067811865474
2011330N06078,2011,UNNAMED,2011-11-25 21:00:00,TS,7.2,76.8,,,11,315,6.8,77.2,6.4,77.6,7.6,76.4,7.9,76.1,8.5,75.2,8.8,74.7,9.4,74.1,-0.7071067811865477,0.7071067811865474
2011330N06078,2011,UNNAMED,2011-11-26 00:00:00,TS,7.6,76.4,,,9,315,7.2,76.8,6.8,77.2,7.9,76.1,8.2,75.6,8.7,74.9,9.1,74.5,10.0,73.6,-0.7071067811865477,0.7071067811865474
2011330N06078,2011,UNNAMED,2011-11-26 03:00:00,TS,7.9,76.1,25.0,1002.0,10,310,7.6,76.4,7.2,76.8,8.2,75.6,8.5,75.2,8.8,74.7,9.4,74.1,10.7,72.9,-0.7660444431189781,0.6427876096865393
2011330N06078,2011,UNNAMED,2011-11-26 06:00:00,TS,8.2,75.6,25.0,1002.0,11,305,7.9,76.1,7.6,76.4,8.5,75.2,8.7,74.9,9.1,74.5,10.0,73.6,11.2,72.4,-0.8191520442889918,0.573576436351046
2011330N06078,2011,UNNAMED,2011-11-26 09:00:00,TS,8.5,75.2,25.0,1001.0,9,305,8.2,75.6,7.9,76.1,8.7,74.9,8.8,74.7,9.4,74.1,10.7,72.9,11.6,71.9,-0.8191520442889918,0.573576436351046
2011330N06078,2011,UNNAMED,2011-11-26 12:00:00,TS,8.7,74.9,25.0,1000.0,6,310,8.5,75.2,8.2,75.6,8.8,74.7,9.1,74.5,10.0,73.6,11.2,72.4,12.1,71.5,-0.7660444431189781,0.6427876096865393
2011330N06078,2011,UNNAMED,2011-11-26 15:00:00,TS,8.8,74.7,25.0,1000.0,5,310,8.7,74.9,8.5,75.2,9.1,74.5,9.4,74.1,10.7,72.9,11.6,71.9,12.4,71.1,-0.7660444431189781,0.6427876096865393
2011330N06078,2011,UNNAMED,2011-11-26 18:00:00,TS,9.1,74.5,25.0,1000.0,8,315,8.8,74.7,8.7,74.9,9.4,74.1,10.0,73.6,11.2,72.4,12.1,71.5,12.8,70.7,-0.7071067811865477,0.7071067811865474
2011330N06078,2011,UNNAMED,2011-11-26 21:00:00,TS,9.4,74.1,25.0,1000.0,13,315,9.1,74.5,8.8,74.7,10.0,73.6,10.7,72.9,11.6,71.9,12.4,71.1,13.2,70.2,-0.7071067811865477,0.7071067811865474
2011330N06078,2011,UNNAMED,2011-11-27 00:00:00,TS,10.0,73.6,25.0,1000.0,18,315,9.4,74.1,9.1,74.5,10.7,72.9,11.2,72.4,12.1,71.5,12.8,70.7,13.7,69.8,-0.7071067811865477,0.7071067811865474
2011330N06078,2011,UNNAMED,2011-11-27 03:00:00,TS,10.7,72.9,25.0,1000.0,17,315,10.0,73.6,9.4,74.1,11.2,72.4,11.6,71.9,12.4,71.1,13.2,70.2,14.1,69.3,-0.7071067811865477,0.7071067811865474
2011330N06078,2011,UNNAMED,2011-11-27 06:00:00,TS,11.2,72.4,25.0,1000.0,14,315,10.7,72.9,10.0,73.6,11.6,71.9,12.1,71.5,12.8,70.7,13.7,69.8,14.6,68.9,-0.7071067811865477,0.7071067811865474
2011330N06078,2011,UNNAMED,2011-11-27 09:00:00,TS,11.6,71.9,25.0,1000.0,13,315,11.2,72.4,10.7,72.9,12.1,71.5,12.4,71.1,13.2,70.2,14.1,69.3,14.8,68.4,-0.7071067811865477,0.7071067811865474
2011330N06078,2011,UNNAMED,2011-11-27 12:00:00,TS,12.1,71.5,25.0,1000.0,11,315,11.6,71.9,11.2,72.4,12.4,71.1,12.8,70.7,13.7,69.8,14.6,68.9,15.1,68.1,-0.7071067811865477,0.7071067811865474
2011330N06078,2011,UNNAMED,2011-11-27 15:00:00,TS,12.4,71.1,25.0,1000.0,10,310,12.1,71.5,11.6,71.9,12.8,70.7,13.2,70.2,14.1,69.3,14.8,68.4,15.3,67.8,-0.7660444431189781,0.6427876096865393
2011330N06078,2011,UNNAMED,2011-11-27 18:00:00,TS,12.8,70.7,25.0,1000.0,11,315,12.4,71.1,12.1,71.5,13.2,70.2,13.7,69.8,14.6,68.9,15.1,68.1,15.5,67.6,-0.7071067811865477,0.7071067811865474
2011330N06078,2011,UNNAMED,2011-11-27 21:00:00,TS,13.2,70.2,28.0,999.0,13,315,12.8,70.7,12.4,71.1,13.7,69.8,14.1,69.3,14.8,68.4,15.3,67.8,15.5,67.3,-0.7071067811865477,0.7071067811865474
2011330N06078,2011,UNNAMED,2011-11-28 00:00:00,TS,13.7,69.8,30.0,998.0,13,315,13.2,70.2,12.8,70.7,14.1,69.3,14.6,68.9,15.1,68.1,15.5,67.6,15.6,67.1,-0.7071067811865477,0.7071067811865474
2011330N06078,2011,UNNAMED,2011-11-28 03:00:00,TS,14.1,69.3,30.0,998.0,13,315,13.7,69.8,13.2,70.2,14.6,68.9,14.8,68.4,15.3,67.8,15.5,67.3,15.6,66.8,-0.7071067811865477,0.7071067811865474
2011330N06078,2011,UNNAMED,2011-11-28 06:00:00,TS,14.6,68.9,30.0,998.0,11,310,14.1,69.3,13.7,69.8,14.8,68.4,15.1,68.1,15.5,67.6,15.6,67.1,15.9,66.6,-0.7660444431189781,0.6427876096865393
2011330N06078,2011,UNNAMED,2011-11-28 09:00:00,TS,14.8,68.4,30.0,998.0,9,305,14.6,68.9,14.1,69.3,15.1,68.1,15.3,67.8,15.5,67.3,15.6,66.8,16.1,66.4,-0.8191520442889918,0.573576436351046
2011330N06078,2011,UNNAMED,2011-11-28 12:00:00,TS,15.1,68.1,30.0,998.0,8,305,14.8,68.4,14.6,68.9,15.3,67.8,15.5,67.6,15.6,67.1,15.9,66.6,16.3,66.3,-0.8191520442889918,0.573576436351046
2011330N06078,2011,UNNAMED,2011-11-28 15:00:00,TS,15.3,67.8,30.0,998.0,7,315,15.1,68.1,14.8,68.4,15.5,67.6,15.5,67.3,15.6,66.8,16.1,66.4,16.5,65.9,-0.7071067811865477,0.7071067811865474
2011330N06078,2011,UNNAMED,2011-11-28 18:00:00,TS,15.5,67.6,30.0,998.0,5,295,15.3,67.8,15.1,68.1,15.5,67.3,15.6,67.1,15.9,66.6,16.3,66.3,16.7,65.4,-0.9063077870366499,0.4226182617406996
2011330N06078,2011,UNNAMED,2011-11-28 21:00:00,TS,15.5,67.3,30.0,998.0,5,275,15.5,67.6,15.3,67.8,15.6,67.1,15.6,66.8,16.1,66.4,16.5,65.9,16.9,64.9,-0.9961946980917455,0.08715574274765789
2011330N06078,2011,UNNAMED,2011-11-29 00:00:00,TS,15.6,67.1,30.0,998.0,5,285,15.5,67.3,15.5,67.6,15.6,66.8,15.9,66.6,16.3,66.3,16.7,65.4,17.1,64.5,-0.9659258262890684,0.2588190451025203
2011330N06078,2011,UNNAMED,2011-11-29 03:00:00,TS,15.6,66.8,30.0,998.0,6,300,15.6,67.1,15.5,67.3,15.9,66.6,16.1,66.4,16.5,65.9,16.9,64.9,17.2,64.3,-0.8660254037844386,0.5000000000000001
2011330N06078,2011,UNNAMED,2011-11-29 06:00:00,TS,15.9,66.6,30.0,998.0,6,320,15.6,66.8,15.6,67.1,16.1,66.4,16.3,66.3,16.7,65.4,17.1,64.5,17.7,63.7,-0.6427876096865396,0.7660444431189778
2011330N06078,2011,UNNAMED,2011-11-29 09:00:00,TS,16.1,66.4,28.0,999.0,5,330,15.9,66.6,15.6,66.8,16.3,66.3,16.5,65.9,16.9,64.9,17.2,64.3,18.1,63.5,-0.5000000000000004,0.8660254037844384
2011330N06078,2011,UNNAMED,2011-11-29 12:00:00,TS,16.3,66.3,25.0,1000.0,7,305,16.1,66.4,15.9,66.6,16.5,65.9,16.7,65.4,17.1,64.5,17.7,63.7,18.4,63.4,-0.8191520442889918,0.573576436351046
2011330N06078,2011,UNNAMED,2011-11-29 15:00:00,TS,16.5,65.9,25.0,1000.0,10,295,16.3,66.3,16.1,66.4,16.7,65.4,16.9,64.9,17.2,64.3,18.1,63.5,18.7,63.0,-0.9063077870366499,0.4226182617406996
2011330N06078,2011,UNNAMED,2011-11-29 18:00:00,TS,16.7,65.4,25.0,1000.0,11,290,16.5,65.9,16.3,66.3,16.9,64.9,17.1,64.5,17.7,63.7,18.4,63.4,19.0,62.7,-0.9396926207859083,0.342020143325669
2011330N06078,2011,UNNAMED,2011-11-29 21:00:00,TS,16.9,64.9,25.0,1000.0,10,295,16.7,65.4,16.5,65.9,17.1,64.5,17.2,64.3,18.1,63.5,18.7,63.0,19.2,62.6,-0.9063077870366499,0.4226182617406996
2011330N06078,2011,UNNAMED,2011-11-30 00:00:00,TS,17.1,64.5,25.0,1000.0,6,305,16.9,64.9,16.7,65.4,17.2,64.3,17.7,63.7,18.4,63.4,19.0,62.7,19.3,62.6,-0.8191520442889918,0.573576436351046
2011330N06078,2011,UNNAMED,2011-11-30 03:00:00,TS,17.2,64.3,25.0,1000.0,9,310,17.1,64.5,16.9,64.9,17.7,63.7,18.1,63.5,18.7,63.0,19.2,62.6,19.4,62.5,-0.7660444431189781,0.6427876096865393
2011330N06078,2011,UNNAMED,2011-11-30 06:00:00,TS,17.7,63.7,25.0,1000.0,12,315,17.2,64.3,17.1,64.5,18.1,63.5,18.4,63.4,19.0,62.7,19.3,62.6,19.5,62.4,-0.7071067811865477,0.7071067811865474
2011360N09088,2011,THANE,2011-12-25 18:00:00,TS,9.3,88.3,25.0,1000.0,6,335,9.1,88.3,8.9,88.4,9.6,88.1,9.8,88.0,10.3,88.0,10.8,87.9,11.3,87.7,-0.4226182617406992,0.90630778703665
2011360N09088,2011,THANE,2011-12-25 21:00:00,TS,9.6,88.1,28.0,999.0,6,335,9.3,88.3,9.1,88.3,9.8,88.0,9.9,88.0,10.6,87.9,11.1,87.8,11.4,87.6,-0.4226182617406992,0.90630778703665
2011360N09088,2011,THANE,2011-12-26 00:00:00,TS,9.8,88.0,30.0,998.0,4,340,9.6,88.1,9.3,88.3,9.9,88.0,10.3,88.0,10.8,87.9,11.3,87.7,11.7,87.5,-0.3420201433256686,0.9396926207859084
2011360N09088,2011,THANE,2011-12-26 03:00:00,TS,9.9,88.0,30.0,998.0,5,355,9.8,88.0,9.6,88.1,10.3,88.0,10.6,87.9,11.1,87.8,11.4,87.6,12.0,87.2,-0.08715574274765832,0.9961946980917455
2011360N09088,2011,THANE,2011-12-26 06:00:00,TS,10.3,88.0,30.0,998.0,7,355,9.9,88.0,9.8,88.0,10.6,87.9,10.8,87.9,11.3,87.7,11.7,87.5,12.1,87.1,-0.08715574274765832,0.9961946980917455
2011360N09088,2011,THANE,2011-12-26 09:00:00,TS,10.6,87.9,30.0,998.0,6,350,10.3,88.0,9.9,88.0,10.8,87.9,11.1,87.8,11.4,87.6,12.0,87.2,12.2,86.8,-0.1736481776669304,0.984807753012208
2011360N09088,2011,THANE,2011-12-26 12:00:00,TS,10.8,87.9,30.0,998.0,5,345,10.6,87.9,10.3,88.0,11.1,87.8,11.3,87.7,11.7,87.5,12.1,87.1,12.4,86.6,-0.2588190451025207,0.9659258262890683
2011360N09088,2011,THANE,2011-12-26 15:00:00,TS,11.1,87.8,33.0,997.0,5,335,10.8,87.9,10.6,87.9,11.3,87.7,11.4,87.6,12.0,87.2,12.2,86.8,12.4,86.4,-0.4226182617406992,0.90630778703665
2011360N09088,2011,THANE,2011-12-26 18:00:00,TS,11.3,87.7,35.0,996.0,3,325,11.1,87.8,10.8,87.9,11.4,87.6,11.7,87.5,12.1,87.1,12.4,86.6,12.3,86.0,-0.5735764363510465,0.8191520442889916
2011360N09088,2011,THANE,2011-12-26 21:00:00,TS,11.4,87.6,35.0,996.0,4,340,11.3,87.7,11.1,87.8,11.7,87.5,12.0,87.2,12.2,86.8,12.4,86.4,12.2,85.8,-0.3420201433256686,0.9396926207859084
2011360N09088,2011,THANE,2011-12-27 00:00:00,TS,11.7,87.5,40.0,994.0,7,330,11.4,87.6,11.3,87.7,12.0,87.2,12.1,87.1,12.4,86.6,12.3,86.0,12.2,85.4,-0.5000000000000004,0.8660254037844384
2011360N09088,2011,THANE,2011-12-27 03:00:00,TS,12.0,87.2,40.0,994.0,5,310,11.7,87.5,11.4,87.6,12.1,87.1,12.2,86.8,12.4,86.4,12.2,85.8,12.2,85.2,-0.7660444431189781,0.6427876096865393
2011360N09088,2011,THANE,2011-12-27 06:00:00,TS,12.1,87.1,40.0,994.0,4,300,12.0,87.2,11.7,87.5,12.2,86.8,12.4,86.6,12.3,86.0,12.2,85.4,12.3,84.9,-0.8660254037844386,0.5000000000000001
2011360N09088,2011,THANE,2011-12-27 09:00:00,TS,12.2,86.8,40.0,992.0,6,305,12.1,87.1,12.0,87.2,12.4,86.6,12.4,86.4,12.2,85.8,12.2,85.2,12.3,84.7,-0.8191520442889918,0.573576436351046
2011360N09088,2011,THANE,2011-12-27 12:00:00,TS,12.4,86.6,40.0,992.0,5,290,12.2,86.8,12.1,87.1,12.4,86.4,12.3,86.0,12.2,85.4,12.3,84.9,12.4,84.4,-0.9396926207859083,0.342020143325669
2011360N09088,2011,THANE,2011-12-27 15:00:00,TS,12.4,86.4,45.0,992.0,6,260,12.4,86.6,12.2,86.8,12.3,86.0,12.2,85.8,12.2,85.2,12.3,84.7,12.3,83.9,-0.984807753012208,-0.17364817766693033
2011360N09088,2011,THANE,2011-12-27 18:00:00,TS,12.3,86.0,45.0,992.0,6,255,12.4,86.4,12.4,86.6,12.2,85.8,12.2,85.4,12.3,84.9,12.4,84.4,12.3,83.8,-0.9659258262890683,-0.25881904510252063
2011360N09088,2011,THANE,2011-12-27 21:00:00,TS,12.2,85.8,45.0,992.0,5,260,12.3,86.0,12.4,86.4,12.2,85.4,12.2,85.2,12.3,84.7,12.3,83.9,12.2,83.3,-0.984807753012208,-0.17364817766693033
2011360N09088,2011,THANE,2011-12-28 00:00:00,TS,12.2,85.4,45.0,992.0,5,265,12.2,85.8,12.3,86.0,12.2,85.2,12.3,84.9,12.4,84.4,12.3,83.8,12.1,82.9,-0.9961946980917455,-0.08715574274765825
2011360N09088,2011,THANE,2011-12-28 03:00:00,TS,12.2,85.2,45.0,987.0,5,275,12.2,85.4,12.2,85.8,12.3,84.9,12.3,84.7,12.3,83.9,12.2,83.3,11.9,82.5,-0.9961946980917455,0.08715574274765789
2011360N09088,2011,THANE,2011-12-28 06:00:00,TS,12.3,84.9,45.0,988.0,5,280,12.2,85.2,12.2,85.4,12.3,84.7,12.4,84.4,12.3,83.8,12.1,82.9,12.0,82.1,-0.9848077530122081,0.17364817766692997
2011360N09088,2011,THANE,2011-12-28 09:00:00,TS,12.3,84.7,55.0,986.0,5,280,12.3,84.9,12.2,85.2,12.4,84.4,12.3,83.9,12.2,83.3,11.9,82.5,12.0,81.7,-0.9848077530122081,0.17364817766692997
2011360N09088,2011,THANE,2011-12-28 12:00:00,TS,12.4,84.4,65.0,982.0,8,270,12.3,84.7,12.3,84.9,12.3,83.9,12.3,83.8,12.1,82.9,12.0,82.1,12.0,81.3,-1.0,-1.8369701987210297e-16
2011360N09088,2011,THANE,2011-12-28 15:00:00,TS,12.3,83.9,65.0,980.0,6,260,12.4,84.4,12.3,84.7,12.3,83.8,12.2,83.3,11.9,82.5,12.0,81.7,11.9,81.0,-0.984807753012208,-0.17364817766693033
2011360N09088,2011,THANE,2011-12-28 18:00:00,TS,12.3,83.8,65.0,978.0,6,260,12.3,83.9,12.4,84.4,12.2,83.3,12.1,82.9,12.0,82.1,12.0,81.3,11.8,80.6,-0.984807753012208,-0.17364817766693033
2011360N09088,2011,THANE,2011-12-28 21:00:00,TS,12.2,83.3,65.0,976.0,8,260,12.3,83.8,12.3,83.9,12.1,82.9,11.9,82.5,12.0,81.7,11.9,81.0,11.8,80.3,-0.984807753012208,-0.17364817766693033
2011360N09088,2011,THANE,2011-12-29 00:00:00,TS,12.1,82.9,70.0,974.0,9,250,12.2,83.3,12.3,83.8,11.9,82.5,12.0,82.1,12.0,81.3,11.8,80.6,11.7,79.9,-0.9396926207859084,-0.34202014332566855
2011360N09088,2011,THANE,2011-12-29 03:00:00,TS,11.9,82.5,75.0,976.0,8,260,12.1,82.9,12.2,83.3,12.0,82.1,12.0,81.7,11.9,81.0,11.8,80.3,11.6,79.5,-0.984807753012208,-0.17364817766693033
2011360N09088,2011,THANE,2011-12-29 06:00:00,TS,12.0,82.1,75.0,972.0,8,270,11.9,82.5,12.1,82.9,12.0,81.7,12.0,81.3,11.8,80.6,11.7,79.9,11.6,79.1,-1.0,-1.8369701987210297e-16
2011360N09088,2011,THANE,2011-12-29 09:00:00,TS,12.0,81.7,75.0,972.0,7,270,12.0,82.1,11.9,82.5,12.0,81.3,11.9,81.0,11.8,80.3,11.6,79.5,11.8,78.6,-1.0,-1.8369701987210297e-16
2011360N09088,2011,THANE,2011-12-29 12:00:00,TS,12.0,81.3,75.0,972.0,7,270,12.0,81.7,12.0,82.1,11.9,81.0,11.8,80.6,11.7,79.9,11.6,79.1,12.2,78.2,-1.0,-1.8369701987210297e-16
2012297N11067,2012,MURJAN,2012-10-22 21:00:00,MX,11.2,65.6,25.0,1004.0,10,285,11.1,66.0,11.0,66.5,11.3,65.1,11.4,64.4,11.5,63.2,11.2,61.4,10.9,59.4,-0.9659258262890684,0.2588190451025203
2012297N11067,2012,MURJAN,2012-10-23 00:00:00,MX,11.3,65.1,25.0,1004.0,12,285,11.2,65.6,11.1,66.0,11.4,64.4,11.5,63.8,11.4,62.4,11.0,60.4,10.7,58.6,-0.9659258262890684,0.2588190451025203
2012297N11067,2012,MURJAN,2012-10-23 03:00:00,MX,11.4,64.4,25.0,1003.0,13,280,11.3,65.1,11.2,65.6,11.5,63.8,11.5,63.2,11.2,61.4,10.9,59.4,10.6,57.8,-0.9848077530122081,0.17364817766692997
2012297N11067,2012,MURJAN,2012-10-23 06:00:00,MX,11.5,63.8,25.0,1003.0,12,270,11.4,64.4,11.3,65.1,11.5,63.2,11.4,62.4,11.0,60.4,10.7,58.6,10.5,57.1,-1.0,-1.8369701987210297e-16
2012297N11067,2012,MURJAN,2012-10-23 09:00:00,MX,11.5,63.2,30.0,1002.0,14,265,11.5,63.8,11.4,64.4,11.4,62.4,11.2,61.4,10.9,59.4,10.6,57.8,10.5,56.5,-0.9961946980917455,-0.08715574274765825
2012297N11067,2012,MURJAN,2012-10-23 12:00:00,MX,11.4,62.4,30.0,1002.0,17,260,11.5,63.2,11.5,63.8,11.2,61.4,11.0,60.4,10.7,58.6,10.5,57.1,10.5,55.9,-0.984807753012208,-0.17364817766693033
2012297N11067,2012,MURJAN,2012-10-23 15:00:00,MX,11.2,61.4,30.0,1002.0,20,260,11.4,62.4,11.5,63.2,11.0,60.4,10.9,59.4,10.6,57.8,10.5,56.5,10.5,55.2,-0.984807753012208,-0.17364817766693033
2012297N11067,2012,MURJAN,2012-10-23 18:00:00,MX,11.0,60.4,30.0,1002.0,20,260,11.2,61.4,11.4,62.4,10.9,59.4,10.7,58.6,10.5,57.1,10.5,55.9,10.5,54.5,-0.984807753012208,-0.17364817766693033
2012297N11067,2012,MURJAN,2012-10-23 21:00:00,MX,10.9,59.4,30.0,1002.0,18,260,11.0,60.4,11.2,61.4,10.7,58.6,10.6,57.8,10.5,56.5,10.5,55.2,10.4,53.9,-0.984807753012208,-0.17364817766693033
2012297N11067,2012,MURJAN,2012-10-24 00:00:00,MX,10.7,58.6,32.0,1001.0,17,260,10.9,59.4,11.0,60.4,10.6,57.8,10.5,57.1,10.5,55.9,10.5,54.5,10.1,53.4,-0.984807753012208,-0.17364817766693033
2012297N11067,2012,MURJAN,2012-10-24 03:00:00,MX,10.6,57.8,33.0,1001.0,15,260,10.7,58.6,10.9,59.4,10.5,57.1,10.5,56.5,10.5,55.2,10.4,53.9,9.9,52.7,-0.984807753012208,-0.17364817766693033
2012297N11067,2012,MURJAN,2012-10-24 06:00:00,MX,10.5,57.1,35.0,1000.0,13,265,10.6,57.8,10.7,58.6,10.5,56.5,10.5,55.9,10.5,54.5,10.1,53.4,9.7,52.0,-0.9961946980917455,-0.08715574274765825
2012297N11067,2012,MURJAN,2012-10-24 09:00:00,MX,10.5,56.5,38.0,999.0,11,270,10.5,57.1,10.6,57.8,10.5,55.9,10.5,55.2,10.4,53.9,9.9,52.7,9.6,51.4,-1.0,-1.8369701987210297e-16
2012297N11067,2012,MURJAN,2012-10-24 12:00:00,TS,10.5,55.9,40.0,998.0,13,270,10.5,56.5,10.5,57.1,10.5,55.2,10.5,54.5,10.1,53.4,9.7,52.0,9.6,50.9,-1.0,-1.8369701987210297e-16
2012297N11067,2012,MURJAN,2012-10-24 15:00:00,TS,10.5,55.2,38.0,999.0,14,270,10.5,55.9,10.5,56.5,10.5,54.5,10.4,53.9,9.9,52.7,9.6,51.4,9.5,50.5,-1.0,-1.8369701987210297e-16
2012297N11067,2012,MURJAN,2012-10-24 18:00:00,TS,10.5,54.5,35.0,1000.0,13,265,10.5,55.2,10.5,55.9,10.4,53.9,10.1,53.4,9.7,52.0,9.6,50.9,9.5,49.9,-0.9961946980917455,-0.08715574274765825
2012297N11067,2012,MURJAN,2012-10-24 21:00:00,TS,10.4,53.9,35.0,1000.0,12,255,10.5,54.5,10.5,55.2,10.1,53.4,9.9,52.7,9.6,51.4,9.5,50.5,9.4,48.8,-0.9659258262890683,-0.25881904510252063
2012297N11067,2012,MURJAN,2012-10-25 00:00:00,TS,10.1,53.4,35.0,1000.0,13,245,10.4,53.9,10.5,54.5,9.9,52.7,9.7,52.0,9.6,50.9,9.5,49.9,9.2,47.7,-0.90630778703665,-0.42261826174069916
2012301N11087,2012,NILAM,2012-10-27 12:00:00,DS,10.7,86.8,,,6,215,10.9,87.0,11.1,87.1,10.4,86.6,10.2,86.4,10.0,85.9,9.7,85.5,9.6,84.9,-0.5735764363510462,-0.8191520442889918
2012301N11087,2012,NILAM,2012-10-27 15:00:00,DS,10.4,86.6,,,6,220,10.7,86.8,10.9,87.0,10.2,86.4,10.1,86.2,9.9,85.7,9.6,85.3,9.5,84.6,-0.6427876096865393,-0.766044443118978
2012301N11087,2012,NILAM,2012-10-27 18:00:00,DS,10.2,86.4,,,6,230,10.4,86.6,10.7,86.8,10.1,86.2,10.0,85.9,9.7,85.5,9.6,84.9,9.5,84.4,-0.7660444431189779,-0.6427876096865395
2012301N11087,2012,NILAM,2012-10-27 21:00:00,DS,10.1,86.2,,,5,250,10.2,86.4,10.4,86.6,10.0,85.9,9.9,85.7,9.6,85.3,9.5,84.6,9.6,84.0,-0.9396926207859084,-0.34202014332566855
2012301N11087,2012,NILAM,2012-10-28 00:00:00,TS,10.0,85.9,,,5,250,10.1,86.2,10.2,86.4,9.9,85.7,9.7,85.5,9.6,84.9,9.5,84.4,9.6,83.7,-0.9396926207859084,-0.34202014332566855
2012301N11087,2012,NILAM,2012-10-28 03:00:00,TS,9.9,85.7,,,5,235,10.0,85.9,10.1,86.2,9.7,85.5,9.6,85.3,9.5,84.6,9.6,84.0,9.5,83.3,-0.8191520442889916,-0.5735764363510464
2012301N11087,2012,NILAM,2012-10-28 06:00:00,TS,9.7,85.5,25.0,1004.0,5,235,9.9,85.7,10.0,85.9,9.6,85.3,9.6,84.9,9.5,84.4,9.6,83.7,9.1,82.9,-0.8191520442889916,-0.5735764363510464
2012301N11087,2012,NILAM,2012-10-28 09:00:00,TS,9.6,85.3,25.0,1004.0,6,250,9.7,85.5,9.9,85.7,9.6,84.9,9.5,84.6,9.6,84.0,9.5,83.3,8.9,82.6,-0.9396926207859084,-0.34202014332566855
2012301N11087,2012,NILAM,2012-10-28 12:00:00,TS,9.6,84.9,25.0,1003.0,6,260,9.6,85.3,9.7,85.5,9.5,84.6,9.5,84.4,9.6,83.7,9.1,82.9,8.8,82.5,-0.984807753012208,-0.17364817766693033
2012301N11087,2012,NILAM,2012-10-28 15:00:00,TS,9.5,84.6,25.0,1003.0,6,265,9.6,84.9,9.6,85.3,9.5,84.4,9.6,84.0,9.5,83.3,8.9,82.6,8.7,82.4,-0.9961946980917455,-0.08715574274765825
2012301N11087,2012,NILAM,2012-10-28 18:00:00,TS,9.5,84.4,25.0,1002.0,6,275,9.5,84.6,9.6,84.9,9.6,84.0,9.6,83.7,9.1,82.9,8.8,82.5,8.7,82.5,-0.9961946980917455,0.08715574274765789
2012301N11087,2012,NILAM,2012-10-28 21:00:00,TS,9.6,84.0,28.0,1001.0,6,280,9.5,84.4,9.5,84.6,9.6,83.7,9.5,83.3,8.9,82.6,8.7,82.4,8.7,82.6,-0.9848077530122081,0.17364817766692997
2012301N11087,2012,NILAM,2012-10-29 00:00:00,TS,9.6,83.7,30.0,1000.0,8,265,9.6,84.0,9.5,84.4,9.5,83.3,9.1,82.9,8.8,82.5,8.7,82.5,8.8,82.8,-0.9961946980917455,-0.08715574274765825
2012301N11087,2012,NILAM,2012-10-29 03:00:00,TS,9.5,83.3,30.0,1000.0,10,235,9.6,83.7,9.6,84.0,9.1,82.9,8.9,82.6,8.7,82.4,8.7,82.6,8.9,82.7,-0.8191520442889916,-0.5735764363510464
2012301N11087,2012,NILAM,2012-10-29 06:00:00,TS,9.1,82.9,30.0,1000.0,9,225,9.5,83.3,9.6,83.7,8.9,82.6,8.8,82.5,8.7,82.5,8.8,82.8,9.1,82.7,-0.7071067811865475,-0.7071067811865477
2012301N11087,2012,NILAM,2012-10-29 09:00:00,TS,8.9,82.6,30.0,1000.0,5,240,9.1,82.9,9.5,83.3,8.8,82.5,8.7,82.4,8.7,82.6,8.9,82.7,9.5,82.6,-0.8660254037844384,-0.5000000000000004
2012301N11087,2012,NILAM,2012-10-29 12:00:00,TS,8.8,82.5,30.0,1000.0,2,235,8.9,82.6,9.1,82.9,8.7,82.4,8.7,82.5,8.8,82.8,9.1,82.7,9.7,82.6,-0.8191520442889916,-0.5735764363510464
2012301N11087,2012,NILAM,2012-10-29 15:00:00,TS,8.7,82.4,30.0,1000.0,1,155,8.8,82.5,8.9,82.6,8.7,82.5,8.7,82.6,8.9,82.7,9.5,82.6,9.9,82.6,0.4226182617406995,-0.9063077870366499
2012301N11087,2012,NILAM,2012-10-29 18:00:00,TS,8.7,82.5,30.0,1000.0,2,90,8.7,82.4,8.8,82.5,8.7,82.6,8.8,82.8,9.1,82.7,9.7,82.6,10.4,82.5,1.0,6.123233995736766e-17
2012301N11087,2012,NILAM,2012-10-29 21:00:00,TS,8.7,82.6,30.0,1000.0,3,70,8.7,82.5,8.7,82.4,8.8,82.8,8.9,82.7,9.5,82.6,9.9,82.6,10.5,82.3,0.9396926207859083,0.3420201433256688
2012301N11087,2012,NILAM,2012-10-30 00:00:00,TS,8.8,82.8,30.0,999.0,2,25,8.7,82.6,8.7,82.5,8.9,82.7,9.1,82.7,9.7,82.6,10.4,82.5,10.9,81.8,0.42261826174069944,0.9063077870366499
2012301N11087,2012,NILAM,2012-10-30 03:00:00,TS,8.9,82.7,35.0,998.0,3,340,8.8,82.8,8.7,82.6,9.1,82.7,9.5,82.6,9.9,82.6,10.5,82.3,11.3,81.3,-0.3420201433256686,0.9396926207859084
2012301N11087,2012,NILAM,2012-10-30 06:00:00,TS,9.1,82.7,35.0,996.0,6,350,8.9,82.7,8.8,82.8,9.5,82.6,9.7,82.6,10.4,82.5,10.9,81.8,11.7,81.0,-0.1736481776669304,0.984807753012208
2012301N11087,2012,NILAM,2012-10-30 09:00:00,TS,9.5,82.6,35.0,996.0,7,355,9.1,82.7,8.9,82.7,9.7,82.6,9.9,82.6,10.5,82.3,11.3,81.3,12.3,80.5,-0.08715574274765832,0.9961946980917455
2012301N11087,2012,NILAM,2012-10-30 12:00:00,TS,9.7,82.6,40.0,994.0,5,355,9.5,82.6,9.1,82.7,9.9,82.6,10.4,82.5,10.9,81.8,11.7,81.0,12.7,79.8,-0.08715574274765832,0.9961946980917455
2012301N11087,2012,NILAM,2012-10-30 15:00:00,TS,9.9,82.6,40.0,994.0,7,350,9.7,82.6,9.5,82.6,10.4,82.5,10.5,82.3,11.3,81.3,12.3,80.5,13.0,79.2,-0.1736481776669304,0.984807753012208
2012301N11087,2012,NILAM,2012-10-30 18:00:00,TS,10.4,82.5,40.0,992.0,7,335,9.9,82.6,9.7,82.6,10.5,82.3,10.9,81.8,11.7,81.0,12.7,79.8,13.2,78.3,-0.4226182617406992,0.90630778703665
2012301N11087,2012,NILAM,2012-10-30 21:00:00,TS,10.5,82.3,40.0,990.0,9,305,10.4,82.5,9.9,82.6,10.9,81.8,11.3,81.3,12.3,80.5,13.0,79.2,13.3,77.7,-0.8191520442889918,0.573576436351046
2012301N11087,2012,NILAM,2012-10-31 00:00:00,TS,10.9,81.8,45.0,988.0,13,305,10.5,82.3,10.4,82.5,11.3,81.3,11.7,81.0,12.7,79.8,13.2,78.3,13.3,77.3,-0.8191520442889918,0.573576436351046
2012301N11087,2012,NILAM,2012-10-31 03:00:00,TS,11.3,81.3,45.0,987.0,11,315,10.9,81.8,10.5,82.3,11.7,81.0,12.3,80.5,13.0,79.2,13.3,77.7,13.5,77.0,-0.7071067811865477,0.7071067811865474
2012301N11087,2012,NILAM,2012-10-31 06:00:00,TS,11.7,81.0,45.0,987.0,13,325,11.3,81.3,10.9,81.8,12.3,80.5,12.7,79.8,13.2,78.3,13.3,77.3,13.5,77.0,-0.5735764363510465,0.8191520442889916
2012301N11087,2012,NILAM,2012-10-31 09:00:00,TS,12.3,80.5,45.0,987.0,15,310,11.7,81.0,11.3,81.3,12.7,79.8,13.0,79.2,13.3,77.7,13.5,77.0,13.7,77.0,-0.7660444431189781,0.6427876096865393
2012301N11087,2012,NILAM,2012-10-31 12:00:00,TS,12.7,79.8,35.0,991.0,14,300,12.3,80.5,11.7,81.0,13.0,79.2,13.2,78.3,13.3,77.3,13.5,77.0,14.0,77.0,-0.8660254037844386,0.5000000000000001
2012301N11087,2012,NILAM,2012-10-31 15:00:00,TS,13.0,79.2,35.0,996.0,16,290,12.7,79.8,12.3,80.5,13.2,78.3,13.3,77.7,13.5,77.0,13.7,77.0,14.3,77.0,-0.9396926207859083,0.342020143325669
2012301N11087,2012,NILAM,2012-10-31 18:00:00,TS,13.2,78.3,30.0,998.0,15,280,13.0,79.2,12.7,79.8,13.3,77.7,13.3,77.3,13.5,77.0,14.0,77.0,14.5,77.0,-0.9848077530122081,0.17364817766692997
2012321N14090,2012,UNNAMED,2012-11-16 06:00:00,DS,14.6,89.9,,,5,320,14.4,90.1,14.2,90.2,14.8,89.7,14.9,89.6,15.1,89.3,15.4,89.1,15.7,89.3,-0.6427876096865396,0.7660444431189778
2012321N14090,2012,UNNAMED,2012-11-16 09:00:00,DS,14.8,89.7,,,4,315,14.6,89.9,14.4,90.1,14.9,89.6,15.0,89.4,15.2,89.2,15.6,89.1,15.8,89.2,-0.7071067811865477,0.7071067811865474
2012321N14090,2012,UNNAMED,2012-11-16 12:00:00,DS,14.9,89.6,,,4,310,14.8,89.7,14.6,89.9,15.0,89.4,15.1,89.3,15.4,89.1,15.7,89.3,16.1,89.0,-0.7660444431189781,0.6427876096865393
2012321N14090,2012,UNNAMED,2012-11-16 15:00:00,DS,15.0,89.4,,,4,305,14.9,89.6,14.8,89.7,15.1,89.3,15.2,89.2,15.6,89.1,15.8,89.2,16.2,88.9,-0.8191520442889918,0.573576436351046
2012321N14090,2012,UNNAMED,2012-11-16 18:00:00,TS,15.1,89.3,,,3,315,15.0,89.4,14.9,89.6,15.2,89.2,15.4,89.1,15.7,89.3,16.1,89.0,16.2,88.9,-0.7071067811865477,0.7071067811865474
2012321N14090,2012,UNNAMED,2012-11-16 21:00:00,TS,15.2,89.2,,,4,325,15.1,89.3,15.0,89.4,15.4,89.1,15.6,89.1,15.8,89.2,16.2,88.9,16.1,88.6,-0.5735764363510465,0.8191520442889916
2012321N14090,2012,UNNAMED,2012-11-17 00:00:00,TS,15.4,89.1,,,4,345,15.2,89.2,15.1,89.3,15.6,89.1,15.7,89.3,16.1,89.0,16.2,88.9,16.1,88.5,-0.2588190451025207,0.9659258262890683
2012321N14090,2012,UNNAMED,2012-11-17 03:00:00,TS,15.6,89.1,,,4,25,15.4,89.1,15.2,89.2,15.7,89.3,15.8,89.2,16.2,88.9,16.1,88.6,16.0,88.4,0.42261826174069944,0.9063077870366499
2012321N14090,2012,UNNAMED,2012-11-17 06:00:00,MX,15.7,89.3,25.0,1004.0,3,25,15.6,89.1,15.4,89.1,15.8,89.2,16.1,89.0,16.2,88.9,16.1,88.5,16.0,88.0,0.42261826174069944,0.9063077870366499
2012321N14090,2012,UNNAMED,2012-11-17 09:00:00,MX,15.8,89.2,30.0,1003.0,5,325,15.7,89.3,15.6,89.1,16.1,89.0,16.2,88.9,16.1,88.6,16.0,88.4,15.9,87.7,-0.5735764363510465,0.8191520442889916
2012321N14090,2012,UNNAMED,2012-11-17 12:00:00,MX,16.1,89.0,30.0,1002.0,5,320,15.8,89.2,15.7,89.3,16.2,88.9,16.2,88.9,16.1,88.5,16.0,88.0,15.9,87.6,-0.6427876096865396,0.7660444431189778
2012321N14090,2012,UNNAMED,2012-11-17 15:00:00,MX,16.2,88.9,30.0,1002.0,1,285,16.1,89.0,15.8,89.2,16.2,88.9,16.1,88.6,16.0,88.4,15.9,87.7,15.8,87.5,-0.9659258262890684,0.2588190451025203
2012321N14090,2012,UNNAMED,2012-11-17 18:00:00,TS,16.2,88.9,30.0,1002.0,3,250,16.2,88.9,16.1,89.0,16.1,88.6,16.1,88.5,16.0,88.0,15.9,87.6,15.7,87.4,-0.9396926207859084,-0.34202014332566855
2012321N14090,2012,UNNAMED,2012-11-17 21:00:00,TS,16.1,88.6,30.0,1002.0,4,255,16.2,88.9,16.2,88.9,16.1,88.5,16.0,88.4,15.9,87.7,15.8,87.5,15.6,87.2,-0.9659258262890683,-0.25881904510252063
2012321N14090,2012,UNNAMED,2012-11-18 00:00:00,TS,16.1,88.5,30.0,1002.0,3,255,16.1,88.6,16.2,88.9,16.0,88.4,16.0,88.0,15.9,87.6,15.7,87.4,15.4,86.9,-0.9659258262890683,-0.25881904510252063
2012321N14090,2012,UNNAMED,2012-11-18 03:00:00,TS,16.0,88.4,30.0,1002.0,4,265,16.1,88.5,16.1,88.6,16.0,88.0,15.9,87.7,15.8,87.5,15.6,87.2,15.1,86.6,-0.9961946980917455,-0.08715574274765825
2012321N14090,2012,UNNAMED,2012-11-18 06:00:00,TS,16.0,88.0,30.0,1002.0,6,260,16.0,88.4,16.1,88.5,15.9,87.7,15.9,87.6,15.7,87.4,15.4,86.9,15.1,86.4,-0.984807753012208,-0.17364817766693033
2012321N14090,2012,UNNAMED,2012-11-18 09:00:00,TS,15.9,87.7,30.0,1002.0,5,250,16.0,88.0,16.0,88.4,15.9,87.6,15.8,87.5,15.6,87.2,15.1,86.6,15.1,86.3,-0.9396926207859084,-0.34202014332566855
2012321N14090,2012,UNNAMED,2012-11-18 12:00:00,TS,15.9,87.6,30.0,1002.0,3,240,15.9,87.7,16.0,88.0,15.8,87.5,15.7,87.4,15.4,86.9,15.1,86.4,15.1,86.0,-0.8660254037844384,-0.5000000000000004
2012321N14090,2012,UNNAMED,2012-11-18 15:00:00,TS,15.8,87.5,30.0,1002.0,2,230,15.9,87.6,15.9,87.7,15.7,87.4,15.6,87.2,15.1,86.6,15.1,86.3,15.1,85.8,-0.7660444431189779,-0.6427876096865395
2012321N14090,2012,UNNAMED,2012-11-18 18:00:00,TS,15.7,87.4,30.0,1002.0,4,230,15.8,87.5,15.9,87.6,15.6,87.2,15.4,86.9,15.1,86.4,15.1,86.0,15.1,85.5,-0.7660444431189779,-0.6427876096865395
2012321N14090,2012,UNNAMED,2012-11-18 21:00:00,TS,15.6,87.2,28.0,1003.0,6,230,15.7,87.4,15.8,87.5,15.4,86.9,15.1,86.6,15.1,86.3,15.1,85.8,15.1,85.3,-0.7660444431189779,-0.6427876096865395
2012321N14090,2012,UNNAMED,2012-11-19 00:00:00,TS,15.4,86.9,25.0,1004.0,8,230,15.6,87.2,15.7,87.4,15.1,86.6,15.1,86.4,15.1,86.0,15.1,85.5,15.2,85.0,-0.7660444431189779,-0.6427876096865395
2012321N14090,2012,UNNAMED,2012-11-19 03:00:00,TS,15.1,86.6,25.0,1004.0,5,235,15.4,86.9,15.6,87.2,15.1,86.4,15.1,86.3,15.1,85.8,15.1,85.3,15.2,84.8,-0.8191520442889916,-0.5735764363510464
2012321N14090,2012,UNNAMED,2012-11-19 06:00:00,TS,15.1,86.4,25.0,1004.0,3,270,15.1,86.6,15.4,86.9,15.1,86.3,15.1,86.0,15.1,85.5,15.2,85.0,15.2,84.5,-1.0,-1.8369701987210297e-16
2012321N14090,2012,UNNAMED,2012-11-19 09:00:00,TS,15.1,86.3,23.0,1005.0,4,275,15.1,86.4,15.1,86.6,15.1,86.0,15.1,85.8,15.1,85.3,15.2,84.8,15.0,84.2,-0.9961946980917455,0.08715574274765789
2012321N14090,2012,UNNAMED,2012-11-19 12:00:00,TS,15.1,86.0,20.0,1005.0,5,270,15.1,86.3,15.1,86.4,15.1,85.8,15.1,85.5,15.2,85.0,15.2,84.5,14.8,84.0,-1.0,-1.8369701987210297e-16
2012321N14090,2012,UNNAMED,2012-11-19 15:00:00,TS,15.1,85.8,,,5,270,15.1,86.0,15.1,86.3,15.1,85.5,15.1,85.3,15.2,84.8,15.0,84.2,14.7,83.8,-1.0,-1.8369701987210297e-16
2012321N14090,2012,UNNAMED,2012-11-19 18:00:00,TS,15.1,85.5,,,5,275,15.1,85.8,15.1,86.0,15.1,85.3,15.2,85.0,15.2,84.5,14.8,84.0,14.5,83.6,-0.9961946980917455,0.08715574274765789
2012321N14090,2012,UNNAMED,2012-11-19 21:00:00,TS,15.1,85.3,,,5,280,15.1,85.5,15.1,85.8,15.2,85.0,15.2,84.8,15.0,84.2,14.7,83.8,14.3,83.5,-0.9848077530122081,0.17364817766692997
2012321N14090,2012,UNNAMED,2012-11-20 00:00:00,TS,15.2,85.0,,,5,280,15.1,85.3,15.1,85.5,15.2,84.8,15.2,84.5,14.8,84.0,14.5,83.6,14.0,83.3,-0.9848077530122081,0.17364817766692997
2012321N14090,2012,UNNAMED,2012-11-20 03:00:00,TS,15.2,84.8,,,5,270,15.2,85.0,15.1,85.3,15.2,84.5,15.0,84.2,14.7,83.8,14.3,83.5,13.7,83.1,-1.0,-1.8369701987210297e-16
2012321N14090,2012,UNNAMED,2012-11-20 06:00:00,TS,15.2,84.5,,,5,245,15.2,84.8,15.2,85.0,15.0,84.2,14.8,84.0,14.5,83.6,14.0,83.3,13.5,82.9,-0.90630778703665,-0.42261826174069916
2012321N14090,2012,UNNAMED,2012-11-20 09:00:00,TS,15.0,84.2,,,6,230,15.2,84.5,15.2,84.8,14.8,84.0,14.7,83.8,14.3,83.5,13.7,83.1,13.3,82.7,-0.7660444431189779,-0.6427876096865395
2012321N14090,2012,UNNAMED,2012-11-20 12:00:00,TS,14.8,84.0,,,6,230,15.0,84.2,15.2,84.5,14.7,83.8,14.5,83.6,14.0,83.3,13.5,82.9,13.1,82.5,-0.7660444431189779,-0.6427876096865395
2012321N14090,2012,UNNAMED,2012-11-20 15:00:00,TS,14.7,83.8,,,5,230,14.8,84.0,15.0,84.2,14.5,83.6,14.3,83.5,13.7,83.1,13.3,82.7,13.1,82.3,-0.7660444431189779,-0.6427876096865395
2012321N14090,2012,UNNAMED,2012-11-20 18:00:00,TS,14.5,83.6,,,5,220,14.7,83.8,14.8,84.0,14.3,83.5,14.0,83.3,13.5,82.9,13.1,82.5,13.1,82.1,-0.6427876096865393,-0.766044443118978
2012321N14090,2012,UNNAMED,2012-11-20 21:00:00,TS,14.3,83.5,,,6,210,14.5,83.6,14.7,83.8,14.0,83.3,13.7,83.1,13.3,82.7,13.1,82.3,13.0,81.8,-0.5000000000000001,-0.8660254037844386
2012321N14090,2012,UNNAMED,2012-11-21 00:00:00,TS,14.0,83.3,,,6,210,14.3,83.5,14.5,83.6,13.7,83.1,13.5,82.9,13.1,82.5,13.1,82.1,12.9,81.6,-0.5000000000000001,-0.8660254037844386
2012321N14090,2012,UNNAMED,2012-11-21 03:00:00,TS,13.7,83.1,,,6,220,14.0,83.3,14.3,83.5,13.5,82.9,13.3,82.7,13.1,82.3,13.0,81.8,12.9,81.4,-0.6427876096865393,-0.766044443118978
2012321N14090,2012,UNNAMED,2012-11-21 06:00:00,TS,13.5,82.9,,,6,220,13.7,83.1,14.0,83.3,13.3,82.7,13.1,82.5,13.1,82.1,12.9,81.6,12.9,81.2,-0.6427876096865393,-0.766044443118978
2012321N14090,2012,UNNAMED,2012-11-21 09:00:00,TS,13.3,82.7,,,6,225,13.5,82.9,13.7,83.1,13.1,82.5,13.1,82.3,13.0,81.8,12.9,81.4,12.9,81.0,-0.7071067811865475,-0.7071067811865477
2012321N14090,2012,UNNAMED,2012-11-21 12:00:00,TS,13.1,82.5,,,4,245,13.3,82.7,13.5,82.9,13.1,82.3,13.1,82.1,12.9,81.6,12.9,81.2,12.9,80.7,-0.90630778703665,-0.42261826174069916
2012321N14090,2012,UNNAMED,2012-11-21 15:00:00,TS,13.1,82.3,,,4,270,13.1,82.5,13.3,82.7,13.1,82.1,13.0,81.8,12.9,81.4,12.9,81.0,12.9,80.5,-1.0,-1.8369701987210297e-16
2012321N14090,2012,UNNAMED,2012-11-21 18:00:00,TS,13.1,82.1,,,5,260,13.1,82.3,13.1,82.5,13.0,81.8,12.9,81.6,12.9,81.2,12.9,80.7,12.8,80.2,-0.984807753012208,-0.17364817766693033
2012321N14090,2012,UNNAMED,2012-11-21 21:00:00,TS,13.0,81.8,,,5,250,13.1,82.1,13.1,82.3,12.9,81.6,12.9,81.4,12.9,81.0,12.9,80.5,12.8,79.9,-0.9396926207859084,-0.34202014332566855
2012321N14090,2012,UNNAMED,2012-11-22 00:00:00,TS,12.9,81.6,,,5,255,13.0,81.8,13.1,82.1,12.9,81.4,12.9,81.2,12.9,80.7,12.8,80.2,12.7,79.5,-0.9659258262890683,-0.25881904510252063
2012321N14090,2012,UNNAMED,2012-11-22 03:00:00,TS,12.9,81.4,,,4,270,12.9,81.6,13.0,81.8,12.9,81.2,12.9,81.0,12.9,80.5,12.8,79.9,12.7,79.2,-1.0,-1.8369701987210297e-16
2012321N14090,2012,UNNAMED,2012-11-22 06:00:00,TS,12.9,81.2,,,4,275,12.9,81.4,12.9,81.6,12.9,81.0,12.9,80.7,12.8,80.2,12.7,79.5,12.6,78.9,-0.9961946980917455,0.08715574274765789
2012357N09064,2012,UNNAMED,2012-12-22 12:00:00,MX,8.9,62.6,25.0,1003.0,11,260,9.0,63.1,9.1,63.8,8.8,62.0,8.7,61.4,8.7,60.2,8.6,58.8,8.5,57.1,-0.984807753012208,-0.17364817766693033
2012357N09064,2012,UNNAMED,2012-12-22 15:00:00,MX,8.8,62.0,26.0,1003.0,11,260,8.9,62.6,9.0,63.1,8.7,61.4,8.7,60.8,8.7,59.5,8.6,57.9,8.4,56.4,-0.984807753012208,-0.17364817766693033
2012357N09064,2012,UNNAMED,2012-12-22 18:00:00,TS,8.7,61.4,28.0,1003.0,12,265,8.8,62.0,8.9,62.6,8.7,60.8,8.7,60.2,8.6,58.8,8.5,57.1,8.4,55.8,-0.9961946980917455,-0.08715574274765825
2012357N09064,2012,UNNAMED,2012-12-22 21:00:00,TS,8.7,60.8,29.0,1002.0,12,270,8.7,61.4,8.8,62.0,8.7,60.2,8.7,59.5,8.6,57.9,8.4,56.4,8.3,55.1,-1.0,-1.8369701987210297e-16
2012357N09064,2012,UNNAMED,2012-12-23 00:00:00,TS,8.7,60.2,30.0,1002.0,12,265,8.7,60.8,8.7,61.4,8.7,59.5,8.6,58.8,8.5,57.1,8.4,55.8,8.2,54.5,-0.9961946980917455,-0.08715574274765825
2012357N09064,2012,UNNAMED,2012-12-23 03:00:00,TS,8.7,59.5,30.0,1002.0,14,265,8.7,60.2,8.7,60.8,8.6,58.8,8.6,57.9,8.4,56.4,8.3,55.1,8.0,53.9,-0.9961946980917455,-0.08715574274765825
2012357N09064,2012,UNNAMED,2012-12-23 06:00:00,TS,8.6,58.8,30.0,1002.0,16,265,8.7,59.5,8.7,60.2,8.6,57.9,8.5,57.1,8.4,55.8,8.2,54.5,7.7,53.2,-0.9961946980917455,-0.08715574274765825
2012357N09064,2012,UNNAMED,2012-12-23 09:00:00,TS,8.6,57.9,30.0,1002.0,17,265,8.6,58.8,8.7,59.5,8.5,57.1,8.4,56.4,8.3,55.1,8.0,53.9,7.4,52.6,-0.9961946980917455,-0.08715574274765825
2012357N09064,2012,UNNAMED,2012-12-23 12:00:00,TS,8.5,57.1,30.0,1002.0,15,265,8.6,57.9,8.6,58.8,8.4,56.4,8.4,55.8,8.2,54.5,7.7,53.2,7.2,51.9,-0.9961946980917455,-0.08715574274765825
2012357N09064,2012,UNNAMED,2012-12-23 15:00:00,TS,8.4,56.4,,,13,265,8.5,57.1,8.6,57.9,8.4,55.8,8.3,55.1,8.0,53.9,7.4,52.6,6.9,51.3,-0.9961946980917455,-0.08715574274765825
2012357N09064,2012,UNNAMED,2012-12-23 18:00:00,TS,8.4,55.8,,,13,265,8.4,56.4,8.5,57.1,8.3,55.1,8.2,54.5,7.7,53.2,7.2,51.9,6.7,50.7,-0.9961946980917455,-0.08715574274765825
2012357N09064,2012,UNNAMED,2012-12-23 21:00:00,TS,8.3,55.1,,,12,265,8.4,55.8,8.4,56.4,8.2,54.5,8.0,53.9,7.4,52.6,6.9,51.3,6.5,50.1,-0.9961946980917455,-0.08715574274765825
2012357N09064,2012,UNNAMED,2012-12-24 00:00:00,TS,8.2,54.5,,,13,255,8.3,55.1,8.4,55.8,8.0,53.9,7.7,53.2,7.2,51.9,6.7,50.7,6.2,49.6,-0.9659258262890683,-0.25881904510252063
2013130N04093,2013,MAHASEN:VIYARU,2013-05-10 00:00:00,TS,4.5,93.5,,,3,0,4.4,93.3,4.4,93.0,4.7,93.3,4.9,93.0,5.4,92.3,6.1,91.7,6.8,91.0,0.0,1.0
2013130N04093,2013,MAHASEN:VIYARU,2013-05-10 03:00:00,TS,4.7,93.3,,,6,310,4.5,93.5,4.4,93.3,4.9,93.0,5.1,92.6,5.8,92.0,6.4,91.3,7.3,90.4,-0.7660444431189781,0.6427876096865393
2013130N04093,2013,MAHASEN:VIYARU,2013-05-10 06:00:00,TS,4.9,93.0,,,8,300,4.7,93.3,4.5,93.5,5.1,92.6,5.4,92.3,6.1,91.7,6.8,91.0,7.8,90.2,-0.8660254037844386,0.5000000000000001
2013130N04093,2013,MAHASEN:VIYARU,2013-05-10 09:00:00,TS,5.1,92.6,25.0,1004.0,9,310,4.9,93.0,4.7,93.3,5.4,92.3,5.8,92.0,6.4,91.3,7.3,90.4,7.9,89.7,-0.7660444431189781,0.6427876096865393
2013130N04093,2013,MAHASEN:VIYARU,2013-05-10 12:00:00,TS,5.4,92.3,30.0,1002.0,9,320,5.1,92.6,4.9,93.0,5.8,92.0,6.1,91.7,6.8,91.0,7.8,90.2,8.3,89.2,-0.6427876096865396,0.7660444431189778
2013130N04093,2013,MAHASEN:VIYARU,2013-05-10 15:00:00,TS,5.8,92.0,30.0,1001.0,10,315,5.4,92.3,5.1,92.6,6.1,91.7,6.4,91.3,7.3,90.4,7.9,89.7,8.7,88.8,-0.7071067811865477,0.7071067811865474
2013130N04093,2013,MAHASEN:VIYARU,2013-05-10 18:00:00,TS,6.1,91.7,30.0,1000.0,9,315,5.8,92.0,5.4,92.3,6.4,91.3,6.8,91.0,7.8,90.2,8.3,89.2,9.1,88.7,-0.7071067811865477,0.7071067811865474
2013130N04093,2013,MAHASEN:VIYARU,2013-05-10 21:00:00,TS,6.4,91.3,30.0,999.0,10,315,6.1,91.7,5.8,92.0,6.8,91.0,7.3,90.4,7.9,89.7,8.7,88.8,9.4,88.3,-0.7071067811865477,0.7071067811865474
2013130N04093,2013,MAHASEN:VIYARU,2013-05-11 00:00:00,TS,6.8,91.0,30.0,998.0,13,315,6.4,91.3,6.1,91.7,7.3,90.4,7.8,90.2,8.3,89.2,9.1,88.7,9.8,87.9,-0.7071067811865477,0.7071067811865474
2013130N04093,2013,MAHASEN:VIYARU,2013-05-11 03:00:00,TS,7.3,90.4,35.0,996.0,12,320,6.8,91.0,6.4,91.3,7.8,90.2,7.9,89.7,8.7,88.8,9.4,88.3,9.8,87.5,-0.6427876096865396,0.7660444431189778
2013130N04093,2013,MAHASEN:VIYARU,2013-05-11 06:00:00,TS,7.8,90.2,35.0,996.0,10,310,7.3,90.4,6.8,91.0,7.9,89.7,8.3,89.2,9.1,88.7,9.8,87.9,10.0,87.5,-0.7660444431189781,0.6427876096865393
2013130N04093,2013,MAHASEN:VIYARU,2013-05-11 09:00:00,TS,7.9,89.7,35.0,996.0,11,300,7.8,90.2,7.3,90.4,8.3,89.2,8.7,88.8,9.4,88.3,9.8,87.5,10.3,87.1,-0.8660254037844386,0.5000000000000001
2013130N04093,2013,MAHASEN:VIYARU,2013-05-11 12:00:00,TS,8.3,89.2,40.0,994.0,12,310,7.9,89.7,7.8,90.2,8.7,88.8,9.1,88.7,9.8,87.9,10.0,87.5,10.4,87.0,-0.7660444431189781,0.6427876096865393
2013130N04093,2013,MAHASEN:VIYARU,2013-05-11 15:00:00,TS,8.7,88.8,40.0,994.0,9,325,8.3,89.2,7.9,89.7,9.1,88.7,9.4,88.3,9.8,87.5,10.3,87.1,10.5,86.7,-0.5735764363510465,0.8191520442889916
2013130N04093,2013,MAHASEN:VIYARU,2013-05-11 18:00:00,TS,9.1,88.7,40.0,994.0,9,325,8.7,88.8,8.3,89.2,9.4,88.3,9.8,87.9,10.0,87.5,10.4,87.0,10.9,86.6,-0.5735764363510465,0.8191520442889916
2013130N04093,2013,MAHASEN:VIYARU,2013-05-11 21:00:00,TS,9.4,88.3,40.0,994.0,10,315,9.1,88.7,8.7,88.8,9.8,87.9,9.8,87.5,10.3,87.1,10.5,86.7,11.0,86.5,-0.7071067811865477,0.7071067811865474
2013130N04093,2013,MAHASEN:VIYARU,2013-05-12 00:00:00,TS,9.8,87.9,40.0,994.0,8,300,9.4,88.3,9.1,88.7,9.8,87.5,10.0,87.5,10.4,87.0,10.9,86.6,11.5,86.5,-0.8660254037844386,0.5000000000000001
2013130N04093,2013,MAHASEN:VIYARU,2013-05-12 03:00:00,TS,9.8,87.5,40.0,994.0,5,295,9.8,87.9,9.4,88.3,10.0,87.5,10.3,87.1,10.5,86.7,11.0,86.5,11.8,86.4,-0.9063077870366499,0.4226182617406996
2013130N04093,2013,MAHASEN:VIYARU,2013-05-12 06:00:00,TS,10.0,87.5,40.0,994.0,6,315,9.8,87.5,9.8,87.9,10.3,87.1,10.4,87.0,10.9,86.6,11.5,86.5,12.0,86.4,-0.7071067811865477,0.7071067811865474
2013130N04093,2013,MAHASEN:VIYARU,2013-05-12 09:00:00,TS,10.3,87.1,40.0,994.0,6,315,10.0,87.5,9.8,87.5,10.4,87.0,10.5,86.7,11.0,86.5,11.8,86.4,12.0,85.9,-0.7071067811865477,0.7071067811865474
2013130N04093,2013,MAHASEN:VIYARU,2013-05-12 12:00:00,TS,10.4,87.0,40.0,994.0,5,300,10.3,87.1,10.0,87.5,10.5,86.7,10.9,86.6,11.5,86.5,12.0,86.4,12.2,85.8,-0.8660254037844386,0.5000000000000001
2013130N04093,2013,MAHASEN:VIYARU,2013-05-12 15:00:00,TS,10.5,86.7,40.0,994.0,6,320,10.4,87.0,10.3,87.1,10.9,86.6,11.0,86.5,11.8,86.4,12.0,85.9,12.6,85.7,-0.6427876096865396,0.7660444431189778
2013130N04093,2013,MAHASEN:VIYARU,2013-05-12 18:00:00,TS,10.9,86.6,40.0,994.0,5,350,10.5,86.7,10.4,87.0,11.0,86.5,11.5,86.5,12.0,86.4,12.2,85.8,12.8,85.5,-0.1736481776669304,0.984807753012208
2013130N04093,2013,MAHASEN:VIYARU,2013-05-12 21:00:00,TS,11.0,86.5,40.0,994.0,6,350,10.9,86.6,10.5,86.7,11.5,86.5,11.8,86.4,12.0,85.9,12.6,85.7,13.2,85.4,-0.1736481776669304,0.984807753012208
2013130N04093,2013,MAHASEN:VIYARU,2013-05-13 00:00:00,TS,11.5,86.5,40.0,994.0,8,350,11.0,86.5,10.9,86.6,11.8,86.4,12.0,86.4,12.2,85.8,12.8,85.5,13.6,85.5,-0.1736481776669304,0.984807753012208
2013130N04093,2013,MAHASEN:VIYARU,2013-05-13 03:00:00,TS,11.8,86.4,40.0,994.0,5,345,11.5,86.5,11.0,86.5,12.0,86.4,12.0,85.9,12.6,85.7,13.2,85.4,13.7,85.5,-0.2588190451025207,0.9659258262890683
2013130N04093,2013,MAHASEN:VIYARU,2013-05-13 06:00:00,TS,12.0,86.4,40.0,994.0,5,295,11.8,86.4,11.5,86.5,12.0,85.9,12.2,85.8,12.8,85.5,13.6,85.5,14.1,85.7,-0.9063077870366499,0.4226182617406996
2013130N04093,2013,MAHASEN:VIYARU,2013-05-13 09:00:00,TS,12.0,85.9,40.0,994.0,6,290,12.0,86.4,11.8,86.4,12.2,85.8,12.6,85.7,13.2,85.4,13.7,85.5,14.2,85.7,-0.9396926207859083,0.342020143325669
2013130N04093,2013,MAHASEN:VIYARU,2013-05-13 12:00:00,TS,12.2,85.8,40.0,994.0,6,340,12.0,85.9,12.0,86.4,12.6,85.7,12.8,85.5,13.6,85.5,14.1,85.7,14.6,86.1,-0.3420201433256686,0.9396926207859084
2013130N04093,2013,MAHASEN:VIYARU,2013-05-13 15:00:00,TS,12.6,85.7,40.0,994.0,7,330,12.2,85.8,12.0,85.9,12.8,85.5,13.2,85.4,13.7,85.5,14.2,85.7,14.8,86.2,-0.5000000000000004,0.8660254037844384
2013130N04093,2013,MAHASEN:VIYARU,2013-05-13 18:00:00,TS,12.8,85.5,40.0,994.0,7,335,12.6,85.7,12.2,85.8,13.2,85.4,13.6,85.5,14.1,85.7,14.6,86.1,15.3,86.6,-0.4226182617406992,0.90630778703665
2013130N04093,2013,MAHASEN:VIYARU,2013-05-13 21:00:00,TS,13.2,85.4,40.0,994.0,8,0,12.8,85.5,12.6,85.7,13.6,85.5,13.7,85.5,14.2,85.7,14.8,86.2,15.8,86.7,0.0,1.0
2013130N04093,2013,MAHASEN:VIYARU,2013-05-14 00:00:00,TS,13.6,85.5,40.0,994.0,5,10,13.2,85.4,12.8,85.5,13.7,85.5,14.1,85.7,14.6,86.1,15.3,86.6,16.3,87.1,0.17364817766693033,0.984807753012208
2013130N04093,2013,MAHASEN:VIYARU,2013-05-14 03:00:00,TS,13.7,85.5,40.0,994.0,5,20,13.6,85.5,13.2,85.4,14.1,85.7,14.2,85.7,14.8,86.2,15.8,86.7,16.7,87.2,0.3420201433256687,0.9396926207859084
2013130N04093,2013,MAHASEN:VIYARU,2013-05-14 06:00:00,TS,14.1,85.7,40.0,994.0,5,25,13.7,85.5,13.6,85.5,14.2,85.7,14.6,86.1,15.3,86.6,16.3,87.1,17.3,87.6,0.42261826174069944,0.9063077870366499
2013130N04093,2013,MAHASEN:VIYARU,2013-05-14 09:00:00,TS,14.2,85.7,40.0,994.0,7,40,14.1,85.7,13.7,85.5,14.6,86.1,14.8,86.2,15.8,86.7,16.7,87.2,17.7,87.7,0.6427876096865393,0.766044443118978
2013130N04093,2013,MAHASEN:VIYARU,2013-05-14 12:00:00,TS,14.6,86.1,40.0,994.0,8,35,14.2,85.7,14.1,85.7,14.8,86.2,15.3,86.6,16.3,87.1,17.3,87.6,18.3,88.2,0.573576436351046,0.8191520442889918
2013130N04093,2013,MAHASEN:VIYARU,2013-05-14 15:00:00,TS,14.8,86.2,40.0,994.0,9,35,14.6,86.1,14.2,85.7,15.3,86.6,15.8,86.7,16.7,87.2,17.7,87.7,18.8,88.6,0.573576436351046,0.8191520442889918
2013130N04093,2013,MAHASEN:VIYARU,2013-05-14 18:00:00,TS,15.3,86.6,40.0,994.0,11,25,14.8,86.2,14.6,86.1,15.8,86.7,16.3,87.1,17.3,87.6,18.3,88.2,19.3,88.8,0.42261826174069944,0.9063077870366499
2013130N04093,2013,MAHASEN:VIYARU,2013-05-14 21:00:00,TS,15.8,86.7,40.0,994.0,11,25,15.3,86.6,14.8,86.2,16.3,87.1,16.7,87.2,17.7,87.7,18.8,88.6,19.8,89.2,0.42261826174069944,0.9063077870366499
2013130N04093,2013,MAHASEN:VIYARU,2013-05-15 00:00:00,TS,16.3,87.1,40.0,994.0,11,25,15.8,86.7,15.3,86.6,16.7,87.2,17.3,87.6,18.3,88.2,19.3,88.8,20.4,89.7,0.42261826174069944,0.9063077870366499
2013130N04093,2013,MAHASEN:VIYARU,2013-05-15 03:00:00,TS,16.7,87.2,40.0,992.0,11,25,16.3,87.1,15.8,86.7,17.3,87.6,17.7,87.7,18.8,88.6,19.8,89.2,21.2,90.2,0.42261826174069944,0.9063077870366499
2013130N04093,2013,MAHASEN:VIYARU,2013-05-15 06:00:00,TS,17.3,87.6,45.0,990.0,11,30,16.7,87.2,16.3,87.1,17.7,87.7,18.3,88.2,19.3,88.8,20.4,89.7,22.5,91.0,0.49999999999999994,0.8660254037844387
2013130N04093,2013,MAHASEN:VIYARU,2013-05-15 09:00:00,TS,17.7,87.7,45.0,990.0,12,30,17.3,87.6,16.7,87.2,18.3,88.2,18.8,88.6,19.8,89.2,21.2,90.2,23.4,91.9,0.49999999999999994,0.8660254037844387
2013130N04093,2013,MAHASEN:VIYARU,2013-05-15 12:00:00,TS,18.3,88.2,45.0,990.0,13,35,17.7,87.7,17.3,87.6,18.8,88.6,19.3,88.8,20.4,89.7,22.5,91.0,24.1,92.5,0.573576436351046,0.8191520442889918
2013130N04093,2013,MAHASEN:VIYARU,2013-05-15 15:00:00,TS,18.8,88.6,45.0,990.0,12,25,18.3,88.2,17.7,87.7,19.3,88.8,19.8,89.2,21.2,90.2,23.4,91.9,24.5,93.0,0.42261826174069944,0.9063077870366499
2013130N04093,2013,MAHASEN:VIYARU,2013-05-15 18:00:00,TS,19.3,88.8,45.0,990.0,12,30,18.8,88.6,18.3,88.2,19.8,89.2,20.4,89.7,22.5,91.0,24.1,92.5,25.0,93.5,0.49999999999999994,0.8660254037844387
2013149N21090,2013,UNNAMED,2013-05-29 09:00:00,TS,21.5,89.0,25.0,996.0,6,310,21.3,89.3,21.0,89.5,21.7,88.8,22.0,88.7,22.1,88.1,22.3,87.5,22.5,87.4,-0.7660444431189781,0.6427876096865393
2013149N21090,2013,UNNAMED,2013-05-29 12:00:00,TS,21.7,88.8,25.0,994.0,6,330,21.5,89.0,21.3,89.3,22.0,88.7,22.1,88.4,22.2,87.8,22.3,87.5,22.7,87.3,-0.5000000000000004,0.8660254037844384
2013149N21090,2013,UNNAMED,2013-05-29 15:00:00,TS,22.0,88.7,20.0,994.0,5,315,21.7,88.8,21.5,89.0,22.1,88.4,22.1,88.1,22.3,87.5,22.5,87.4,22.7,87.2,-0.7071067811865477,0.7071067811865474
2013149N21090,2013,UNNAMED,2013-05-29 18:00:00,TS,22.1,88.4,20.0,994.0,6,285,22.0,88.7,21.7,88.8,22.1,88.1,22.2,87.8,22.3,87.5,22.7,87.3,22.8,87.2,-0.9659258262890684,0.2588190451025203
2013149N21090,2013,UNNAMED,2013-05-29 21:00:00,TS,22.1,88.1,20.0,994.0,6,280,22.1,88.4,22.0,88.7,22.2,87.8,22.3,87.5,22.5,87.4,22.7,87.2,23.1,87.2,-0.9848077530122081,0.17364817766692997
2013149N21090,2013,UNNAMED,2013-05-30 00:00:00,TS,22.2,87.8,20.0,994.0,6,285,22.1,88.1,22.1,88.4,22.3,87.5,22.3,87.5,22.7,87.3,22.8,87.2,23.5,87.1,-0.9659258262890684,0.2588190451025203
2013149N21090,2013,UNNAMED,2013-05-30 03:00:00,TS,22.3,87.5,20.0,990.0,3,290,22.2,87.8,22.1,88.1,22.3,87.5,22.5,87.4,22.7,87.2,23.1,87.2,24.0,87.0,-0.9396926207859083,0.342020143325669
2013149N21090,2013,UNNAMED,2013-05-30 06:00:00,TS,22.3,87.5,20.0,990.0,2,335,22.3,87.5,22.2,87.8,22.5,87.4,22.7,87.3,22.8,87.2,23.5,87.1,24.5,87.0,-0.4226182617406992,0.90630778703665
2013149N21090,2013,UNNAMED,2013-05-30 09:00:00,TS,22.5,87.4,20.0,990.0,4,335,22.3,87.5,22.3,87.5,22.7,87.3,22.7,87.2,23.1,87.2,24.0,87.0,25.0,87.0,-0.4226182617406992,0.90630778703665
2013211N21088,2013,UNNAMED,2013-07-30 09:00:00,TS,21.7,87.3,25.0,990.0,5,295,21.5,87.5,21.0,88.0,21.7,87.0,21.7,86.3,21.8,84.8,21.8,83.0,21.9,81.5,-0.9063077870366499,0.4226182617406996
2013211N21088,2013,UNNAMED,2013-07-30 12:00:00,TS,21.7,87.0,25.0,990.0,9,270,21.7,87.3,21.5,87.5,21.7,86.3,21.7,85.5,21.8,84.0,21.8,82.5,22.0,80.5,-1.0,-1.8369701987210297e-16
2013211N21088,2013,UNNAMED,2013-07-30 15:00:00,TS,21.7,86.3,23.0,991.0,14,270,21.7,87.0,21.7,87.3,21.7,85.5,21.8,84.8,21.8,83.0,21.9,81.5,22.1,79.9,-1.0,-1.8369701987210297e-16
2013211N21088,2013,UNNAMED,2013-07-30 18:00:00,TS,21.7,85.5,20.0,992.0,14,270,21.7,86.3,21.7,87.0,21.8,84.8,21.8,84.0,21.8,82.5,22.0,80.5,22.2,79.7,-1.0,-1.8369701987210297e-16
2013211N21088,2013,UNNAMED,2013-07-30 21:00:00,TS,21.8,84.8,20.0,992.0,14,275,21.7,85.5,21.7,86.3,21.8,84.0,21.8,83.0,21.9,81.5,22.1,79.9,22.4,79.8,-0.9961946980917455,0.08715574274765789
2013211N21088,2013,UNNAMED,2013-07-31 00:00:00,TS,21.8,84.0,20.0,992.0,17,270,21.8,84.8,21.7,85.5,21.8,83.0,21.8,82.5,22.0,80.5,22.2,79.7,22.5,80.0,-1.0,-1.8369701987210297e-16
2013232N22088,2013,UNNAMED,2013-08-20 06:00:00,TS,22.0,87.5,25.0,990.0,1,0,22.0,87.5,22.0,87.5,22.1,87.5,22.3,87.5,22.5,87.5,23.3,87.0,23.2,85.7,0.0,1.0
2013232N22088,2013,UNNAMED,2013-08-20 09:00:00,TS,22.1,87.5,25.0,990.0,3,0,22.0,87.5,22.0,87.5,22.3,87.5,22.4,87.5,22.9,87.4,23.3,86.0,23.2,85.0,0.0,1.0
2013232N22088,2013,UNNAMED,2013-08-20 12:00:00,TS,22.3,87.5,25.0,990.0,2,10,22.1,87.5,22.0,87.5,22.4,87.5,22.5,87.5,23.3,87.0,23.2,85.7,23.2,84.0,0.17364817766693033,0.984807753012208
2013232N22088,2013,UNNAMED,2013-08-20 15:00:00,TS,22.4,87.5,25.0,990.0,2,10,22.3,87.5,22.1,87.5,22.5,87.5,22.9,87.4,23.3,86.0,23.2,85.0,23.2,83.0,0.17364817766693033,0.984807753012208
2013232N22088,2013,UNNAMED,2013-08-20 18:00:00,TS,22.5,87.5,25.0,990.0,6,350,22.4,87.5,22.3,87.5,22.9,87.4,23.3,87.0,23.2,85.7,23.2,84.0,23.2,82.2,-0.1736481776669304,0.984807753012208
2013232N22088,2013,UNNAMED,2013-08-20 21:00:00,TS,22.9,87.4,23.0,990.0,9,330,22.5,87.5,22.4,87.5,23.3,87.0,23.3,86.0,23.2,85.0,23.2,83.0,23.2,82.2,-0.5000000000000004,0.8660254037844384
2013232N22088,2013,UNNAMED,2013-08-21 00:00:00,TS,23.3,87.0,20.0,990.0,14,285,22.9,87.4,22.5,87.5,23.3,86.0,23.2,85.7,23.2,84.0,23.2,82.2,23.2,82.0,-0.9659258262890684,0.2588190451025203
2013232N22088,2013,UNNAMED,2013-08-21 03:00:00,TS,23.3,86.0,20.0,992.0,12,265,23.3,87.0,22.9,87.4,23.2,85.7,23.2,85.0,23.2,83.0,23.2,82.2,23.2,80.7,-0.9961946980917455,-0.08715574274765825
2013232N22088,2013,UNNAMED,2013-08-21 06:00:00,TS,23.2,85.7,20.0,992.0,10,265,23.3,86.0,23.3,87.0,23.2,85.0,23.2,84.0,23.2,82.2,23.2,82.0,23.2,80.3,-0.9961946980917455,-0.08715574274765825
2013232N22088,2013,UNNAMED,2013-08-21 09:00:00,TS,23.2,85.0,20.0,992.0,16,270,23.2,85.7,23.3,86.0,23.2,84.0,23.2,83.0,23.2,82.2,23.2,80.7,23.1,80.1,-1.0,-1.8369701987210297e-16
2013232N22088,2013,UNNAMED,2013-08-21 12:00:00,TS,23.2,84.0,20.0,991.0,18,270,23.2,85.0,23.2,85.7,23.2,83.0,23.2,82.2,23.2,82.0,23.2,80.3,23.0,80.1,-1.0,-1.8369701987210297e-16
2013232N22088,2013,UNNAMED,2013-08-21 15:00:00,TS,23.2,83.0,20.0,993.0,17,270,23.2,84.0,23.2,85.0,23.2,82.2,23.2,82.2,23.2,80.7,23.1,80.1,22.9,80.1,-1.0,-1.8369701987210297e-16
2013232N22088,2013,UNNAMED,2013-08-21 18:00:00,TS,23.2,82.2,20.0,994.0,7,270,23.2,83.0,23.2,84.0,23.2,82.2,23.2,82.0,23.2,80.3,23.0,80.1,22.9,80.0,-1.0,-1.8369701987210297e-16
2013232N22088,2013,UNNAMED,2013-08-21 21:00:00,TS,23.2,82.2,20.0,994.0,2,270,23.2,82.2,23.2,83.0,23.2,82.0,23.2,80.7,23.1,80.1,22.9,80.1,22.8,79.9,-1.0,-1.8369701987210297e-16
2013232N22088,2013,UNNAMED,2013-08-22 00:00:00,TS,23.2,82.0,20.0,994.0,14,270,23.2,82.2,23.2,82.2,23.2,80.7,23.2,80.3,23.0,80.1,22.9,80.0,22.8,79.8,-1.0,-1.8369701987210297e-16
2013281N12098,2013,PHAILIN,2013-10-07 18:00:00,TS,12.1,96.4,,,10,285,12.0,97.0,11.8,97.6,12.2,95.9,12.3,95.6,12.4,95.2,12.4,94.5,12.7,94.0,-0.9659258262890684,0.2588190451025203
2013281N12098,2013,PHAILIN,2013-10-07 21:00:00,TS,12.2,95.9,,,8,285,12.1,96.4,12.0,97.0,12.3,95.6,12.4,95.5,12.4,94.9,12.5,94.2,12.9,93.7,-0.9659258262890684,0.2588190451025203
2013281N12098,2013,PHAILIN,2013-10-08 00:00:00,TS,12.3,95.6,,,5,290,12.2,95.9,12.1,96.4,12.4,95.5,12.4,95.2,12.4,94.5,12.7,94.0,13.1,93.5,-0.9396926207859083,0.342020143325669
2013281N12098,2013,PHAILIN,2013-10-08 03:00:00,TS,12.4,95.5,25.0,1004.0,4,285,12.3,95.6,12.2,95.9,12.4,95.2,12.4,94.9,12.5,94.2,12.9,93.7,13.2,93.3,-0.9659258262890684,0.2588190451025203
2013281N12098,2013,PHAILIN,2013-10-08 06:00:00,TS,12.4,95.2,25.0,1004.0,6,270,12.4,95.5,12.3,95.6,12.4,94.9,12.4,94.5,12.7,94.0,13.1,93.5,13.2,92.9,-1.0,-1.8369701987210297e-16
2013281N12098,2013,PHAILIN,2013-10-08 09:00:00,TS,12.4,94.9,25.0,1004.0,7,265,12.4,95.2,12.4,95.5,12.4,94.5,12.5,94.2,12.9,93.7,13.2,93.3,13.5,92.5,-0.9961946980917455,-0.08715574274765825
2013281N12098,2013,PHAILIN,2013-10-08 12:00:00,TS,12.4,94.5,25.0,1003.0,7,280,12.4,94.9,12.4,95.2,12.5,94.2,12.7,94.0,13.1,93.5,13.2,92.9,13.6,92.4,-0.9848077530122081,0.17364817766692997
2013281N12098,2013,PHAILIN,2013-10-08 15:00:00,TS,12.5,94.2,25.0,1003.0,6,305,12.4,94.5,12.4,94.9,12.7,94.0,12.9,93.7,13.2,93.3,13.5,92.5,13.7,92.3,-0.8191520442889918,0.573576436351046
2013281N12098,2013,PHAILIN,2013-10-08 18:00:00,TS,12.7,94.0,25.0,1003.0,7,310,12.5,94.2,12.4,94.5,12.9,93.7,13.1,93.5,13.2,92.9,13.6,92.4,14.0,91.9,-0.7660444431189781,0.6427876096865393
2013281N12098,2013,PHAILIN,2013-10-08 21:00:00,TS,12.9,93.7,28.0,1003.0,6,310,12.7,94.0,12.5,94.2,13.1,93.5,13.2,93.3,13.5,92.5,13.7,92.3,14.1,91.8,-0.7660444431189781,0.6427876096865393
2013281N12098,2013,PHAILIN,2013-10-09 00:00:00,TS,13.1,93.5,30.0,1002.0,4,300,12.9,93.7,12.7,94.0,13.2,93.3,13.2,92.9,13.6,92.4,14.0,91.9,14.5,91.4,-0.8660254037844386,0.5000000000000001
2013281N12098,2013,PHAILIN,2013-10-09 03:00:00,TS,13.2,93.3,30.0,1001.0,5,280,13.1,93.5,12.9,93.7,13.2,92.9,13.5,92.5,13.7,92.3,14.1,91.8,14.6,91.0,-0.9848077530122081,0.17364817766692997
2013281N12098,2013,PHAILIN,2013-10-09 06:00:00,TS,13.2,92.9,30.0,1000.0,8,295,13.2,93.3,13.1,93.5,13.5,92.5,13.6,92.4,14.0,91.9,14.5,91.4,15.0,90.7,-0.9063077870366499,0.4226182617406996
2013281N12098,2013,PHAILIN,2013-10-09 09:00:00,TS,13.5,92.5,30.0,1000.0,6,310,13.2,92.9,13.2,93.3,13.6,92.4,13.7,92.3,14.1,91.8,14.6,91.0,15.1,90.5,-0.7660444431189781,0.6427876096865393
2013281N12098,2013,PHAILIN,2013-10-09 12:00:00,TS,13.6,92.4,35.0,999.0,3,310,13.5,92.5,13.2,92.9,13.7,92.3,14.0,91.9,14.5,91.4,15.0,90.7,15.4,90.1,-0.7660444431189781,0.6427876096865393
2013281N12098,2013,PHAILIN,2013-10-09 15:00:00,TS,13.7,92.3,35.0,999.0,6,310,13.6,92.4,13.5,92.5,14.0,91.9,14.1,91.8,14.6,91.0,15.1,90.5,15.5,89.9,-0.7660444431189781,0.6427876096865393
2013281N12098,2013,PHAILIN,2013-10-09 18:00:00,TS,14.0,91.9,40.0,998.0,6,310,13.7,92.3,13.6,92.4,14.1,91.8,14.5,91.4,15.0,90.7,15.4,90.1,15.6,89.5,-0.7660444431189781,0.6427876096865393
2013281N12098,2013,PHAILIN,2013-10-09 21:00:00,TS,14.1,91.8,45.0,996.0,7,315,14.0,91.9,13.7,92.3,14.5,91.4,14.6,91.0,15.1,90.5,15.5,89.9,15.6,89.0,-0.7071067811865477,0.7071067811865474
2013281N12098,2013,PHAILIN,2013-10-10 00:00:00,TS,14.5,91.4,45.0,996.0,9,305,14.1,91.8,14.0,91.9,14.6,91.0,15.0,90.7,15.4,90.1,15.6,89.5,15.9,88.6,-0.8191520442889918,0.573576436351046
2013281N12098,2013,PHAILIN,2013-10-10 03:00:00,TS,14.6,91.0,55.0,990.0,9,305,14.5,91.4,14.1,91.8,15.0,90.7,15.1,90.5,15.5,89.9,15.6,89.0,15.9,88.5,-0.8191520442889918,0.573576436351046
2013281N12098,2013,PHAILIN,2013-10-10 06:00:00,TS,15.0,90.7,65.0,984.0,7,315,14.6,91.0,14.5,91.4,15.1,90.5,15.4,90.1,15.6,89.5,15.9,88.6,16.2,88.3,-0.7071067811865477,0.7071067811865474
2013281N12098,2013,PHAILIN,2013-10-10 09:00:00,TS,15.1,90.5,70.0,982.0,7,310,15.0,90.7,14.6,91.0,15.4,90.1,15.5,89.9,15.6,89.0,15.9,88.5,16.5,88.0,-0.7660444431189781,0.6427876096865393
2013281N12098,2013,PHAILIN,2013-10-10 12:00:00,TS,15.4,90.1,75.0,976.0,7,305,15.1,90.5,15.0,90.7,15.5,89.9,15.6,89.5,15.9,88.6,16.2,88.3,16.8,87.7,-0.8191520442889918,0.573576436351046
2013281N12098,2013,PHAILIN,2013-10-10 15:00:00,TS,15.5,89.9,90.0,966.0,6,280,15.4,90.1,15.1,90.5,15.6,89.5,15.6,89.0,15.9,88.5,16.5,88.0,16.8,87.3,-0.9848077530122081,0.17364817766692997
2013281N12098,2013,PHAILIN,2013-10-10 18:00:00,TS,15.6,89.5,95.0,960.0,9,275,15.5,89.9,15.4,90.1,15.6,89.0,15.9,88.6,16.2,88.3,16.8,87.7,16.9,87.0,-0.9961946980917455,0.08715574274765789
2013281N12098,2013,PHAILIN,2013-10-10 21:00:00,TS,15.6,89.0,100.0,954.0,9,290,15.6,89.5,15.5,89.9,15.9,88.6,15.9,88.5,16.5,88.0,16.8,87.3,17.1,86.7,-0.9396926207859083,0.342020143325669
2013281N12098,2013,PHAILIN,2013-10-11 00:00:00,TS,15.9,88.6,110.0,946.0,6,305,15.6,89.0,15.6,89.5,15.9,88.5,16.2,88.3,16.8,87.7,16.9,87.0,17.5,86.5,-0.8191520442889918,0.573576436351046
2013281N12098,2013,PHAILIN,2013-10-11 03:00:00,TS,15.9,88.5,115.0,940.0,4,315,15.9,88.6,15.6,89.0,16.2,88.3,16.5,88.0,16.8,87.3,17.1,86.7,17.7,86.0,-0.7071067811865477,0.7071067811865474
2013281N12098,2013,PHAILIN,2013-10-11 06:00:00,TS,16.2,88.3,115.0,940.0,7,320,15.9,88.5,15.9,88.6,16.5,88.0,16.8,87.7,16.9,87.0,17.5,86.5,18.1,85.8,-0.6427876096865396,0.7660444431189778
2013281N12098,2013,PHAILIN,2013-10-11 09:00:00,TS,16.5,88.0,115.0,940.0,8,315,16.2,88.3,15.9,88.5,16.8,87.7,16.8,87.3,17.1,86.7,17.7,86.0,18.5,85.4,-0.7071067811865477,0.7071067811865474
2013281N12098,2013,PHAILIN,2013-10-11 12:00:00,TS,16.8,87.7,115.0,940.0,8,295,16.5,88.0,16.2,88.3,16.8,87.3,16.9,87.0,17.5,86.5,18.1,85.8,18.7,85.2,-0.9063077870366499,0.4226182617406996
2013281N12098,2013,PHAILIN,2013-10-11 15:00:00,TS,16.8,87.3,115.0,940.0,7,285,16.8,87.7,16.5,88.0,16.9,87.0,17.1,86.7,17.7,86.0,18.5,85.4,19.1,85.1,-0.9659258262890684,0.2588190451025203
2013281N12098,2013,PHAILIN,2013-10-11 18:00:00,TS,16.9,87.0,115.0,940.0,6,295,16.8,87.3,16.8,87.7,17.1,86.7,17.5,86.5,18.1,85.8,18.7,85.2,19.5,84.9,-0.9063077870366499,0.4226182617406996
2013281N12098,2013,PHAILIN,2013-10-11 21:00:00,TS,17.1,86.7,115.0,940.0,8,315,16.9,87.0,16.8,87.3,17.5,86.5,17.7,86.0,18.5,85.4,19.1,85.1,19.9,84.6,-0.7071067811865477,0.7071067811865474
2013281N12098,2013,PHAILIN,2013-10-12 00:00:00,TS,17.5,86.5,115.0,940.0,9,315,17.1,86.7,16.9,87.0,17.7,86.0,18.1,85.8,18.7,85.2,19.5,84.9,20.4,84.5,-0.7071067811865477,0.7071067811865474
2013281N12098,2013,PHAILIN,2013-10-12 03:00:00,TS,17.7,86.0,115.0,940.0,9,310,17.5,86.5,17.1,86.7,18.1,85.8,18.5,85.4,19.1,85.1,19.9,84.6,20.9,84.1,-0.7660444431189781,0.6427876096865393
2013281N12098,2013,PHAILIN,2013-10-12 06:00:00,TS,18.1,85.8,115.0,940.0,9,320,17.7,86.0,17.5,86.5,18.5,85.4,18.7,85.2,19.5,84.9,20.4,84.5,21.5,84.0,-0.6427876096865396,0.7660444431189778
2013281N12098,2013,PHAILIN,2013-10-12 09:00:00,TS,18.5,85.4,115.0,940.0,8,320,18.1,85.8,17.7,86.0,18.7,85.2,19.1,85.1,19.9,84.6,20.9,84.1,22.0,83.9,-0.6427876096865396,0.7660444431189778
2013281N12098,2013,PHAILIN,2013-10-12 12:00:00,TS,18.7,85.2,115.0,940.0,7,335,18.5,85.4,18.1,85.8,19.1,85.1,19.5,84.9,20.4,84.5,21.5,84.0,22.6,83.9,-0.4226182617406992,0.90630778703665
2013281N12098,2013,PHAILIN,2013-10-12 15:00:00,TS,19.1,85.1,115.0,940.0,9,335,18.7,85.2,18.5,85.4,19.5,84.9,19.9,84.6,20.9,84.1,22.0,83.9,22.8,83.6,-0.4226182617406992,0.90630778703665
2013281N12098,2013,PHAILIN,2013-10-12 18:00:00,TS,19.5,84.9,100.0,956.0,10,330,19.1,85.1,18.7,85.2,19.9,84.6,20.4,84.5,21.5,84.0,22.6,83.9,23.0,83.5,-0.5000000000000004,0.8660254037844384
2013281N12098,2013,PHAILIN,2013-10-12 21:00:00,TS,19.9,84.6,90.0,966.0,10,340,19.5,84.9,19.1,85.1,20.4,84.5,20.9,84.1,22.0,83.9,22.8,83.6,23.2,83.7,-0.3420201433256686,0.9396926207859084
2013281N12098,2013,PHAILIN,2013-10-13 00:00:00,TS,20.4,84.5,75.0,976.0,11,335,19.9,84.6,19.5,84.9,20.9,84.1,21.5,84.0,22.6,83.9,23.0,83.5,23.5,84.0,-0.4226182617406992,0.90630778703665
2013281N12098,2013,PHAILIN,2013-10-13 03:00:00,TS,20.9,84.1,55.0,990.0,12,340,20.4,84.5,19.9,84.6,21.5,84.0,22.0,83.9,22.8,83.6,23.2,83.7,23.9,84.2,-0.3420201433256686,0.9396926207859084
2013281N12098,2013,PHAILIN,2013-10-13 06:00:00,TS,21.5,84.0,40.0,992.0,11,350,20.9,84.1,20.4,84.5,22.0,83.9,22.6,83.9,23.0,83.5,23.5,84.0,24.5,84.2,-0.1736481776669304,0.984807753012208
2013305N07141,2013,UNNAMED,2013-11-01 12:00:00,DS,7.1,139.6,,,13,270,7.1,140.3,7.0,141.0,7.0,138.9,7.0,138.3,7.1,137.0,7.1,135.9,7.3,135.1,-1.0,-1.8369701987210297e-16
2013305N07141,2013,UNNAMED,2013-11-01 15:00:00,DS,7.0,138.9,,,13,265,7.1,139.6,7.1,140.3,7.0,138.3,7.0,137.6,7.1,136.4,7.2,135.5,7.4,134.7,-0.9961946980917455,-0.08715574274765825
2013305N07141,2013,UNNAMED,2013-11-01 18:00:00,DS,7.0,138.3,,,13,270,7.0,138.9,7.1,139.6,7.0,137.6,7.1,137.0,7.1,135.9,7.3,135.1,7.5,134.2,-1.0,-1.8369701987210297e-16
2013305N07141,2013,UNNAMED,2013-11-01 21:00:00,DS,7.0,137.6,,,13,275,7.0,138.3,7.0,138.9,7.1,137.0,7.1,136.4,7.2,135.5,7.4,134.7,7.8,133.7,-0.9961946980917455,0.08715574274765789
2013305N07141,2013,UNNAMED,2013-11-02 00:00:00,DS,7.1,137.0,,,12,270,7.0,137.6,7.0,138.3,7.1,136.4,7.1,135.9,7.3,135.1,7.5,134.2,8.2,133.0,-1.0,-1.8369701987210297e-16
2013305N07141,2013,UNNAMED,2013-11-02 03:00:00,DS,7.1,136.4,,,11,270,7.1,137.0,7.0,137.6,7.1,135.9,7.2,135.5,7.4,134.7,7.8,133.7,8.4,132.0,-1.0,-1.8369701987210297e-16
2013305N07141,2013,UNNAMED,2013-11-02 06:00:00,DS,7.1,135.9,,,9,275,7.1,136.4,7.1,137.0,7.2,135.5,7.3,135.1,7.5,134.2,8.2,133.0,8.6,131.1,-0.9961946980917455,0.08715574274765789
2013305N07141,2013,UNNAMED,2013-11-02 09:00:00,DS,7.2,135.5,,,8,285,7.1,135.9,7.1,136.4,7.3,135.1,7.4,134.7,7.8,133.7,8.4,132.0,8.7,130.2,-0.9659258262890684,0.2588190451025203
2013305N07141,2013,UNNAMED,2013-11-02 12:00:00,TS,7.3,135.1,,,8,280,7.2,135.5,7.1,135.9,7.4,134.7,7.5,134.2,8.2,133.0,8.6,131.1,8.9,129.4,-0.9848077530122081,0.17364817766692997
2013305N07141,2013,UNNAMED,2013-11-02 15:00:00,TS,7.4,134.7,,,9,285,7.3,135.1,7.2,135.5,7.5,134.2,7.8,133.7,8.4,132.0,8.7,130.2,9.0,128.5,-0.9659258262890684,0.2588190451025203
2013305N07141,2013,UNNAMED,2013-11-02 18:00:00,TS,7.5,134.2,,,11,295,7.4,134.7,7.3,135.1,7.8,133.7,8.2,133.0,8.6,131.1,8.9,129.4,9.2,127.7,-0.9063077870366499,0.4226182617406996
2013305N07141,2013,UNNAMED,2013-11-02 21:00:00,TS,7.8,133.7,,,14,300,7.5,134.2,7.4,134.7,8.2,133.0,8.4,132.0,8.7,130.2,9.0,128.5,9.3,127.0,-0.8660254037844386,0.5000000000000001
2013305N07141,2013,UNNAMED,2013-11-03 00:00:00,TS,8.2,133.0,,,18,290,7.8,133.7,7.5,134.2,8.4,132.0,8.6,131.1,8.9,129.4,9.2,127.7,9.4,126.4,-0.9396926207859083,0.342020143325669
2013305N07141,2013,UNNAMED,2013-11-03 03:00:00,TS,8.4,132.0,,,19,280,8.2,133.0,7.8,133.7,8.6,131.1,8.7,130.2,9.0,128.5,9.3,127.0,9.6,125.7,-0.9848077530122081,0.17364817766692997
2013305N07141,2013,UNNAMED,2013-11-03 06:00:00,TS,8.6,131.1,,,19,280,8.4,132.0,8.2,133.0,8.7,130.2,8.9,129.4,9.2,127.7,9.4,126.4,9.8,125.0,-0.9848077530122081,0.17364817766692997
2013305N07141,2013,UNNAMED,2013-11-03 09:00:00,TS,8.7,130.2,,,17,280,8.6,131.1,8.4,132.0,8.9,129.4,9.0,128.5,9.3,127.0,9.6,125.7,9.8,124.1,-0.9848077530122081,0.17364817766692997
2013305N07141,2013,UNNAMED,2013-11-03 12:00:00,TS,8.9,129.4,,,17,280,8.7,130.2,8.6,131.1,9.0,128.5,9.2,127.7,9.4,126.4,9.8,125.0,9.9,123.2,-0.9848077530122081,0.17364817766692997
2013305N07141,2013,UNNAMED,2013-11-03 15:00:00,TS,9.0,128.5,,,17,280,8.9,129.4,8.7,130.2,9.2,127.7,9.3,127.0,9.6,125.7,9.8,124.1,10.1,122.3,-0.9848077530122081,0.17364817766692997
2013305N07141,2013,UNNAMED,2013-11-03 18:00:00,TS,9.2,127.7,,,15,280,9.0,128.5,8.9,129.4,9.3,127.0,9.4,126.4,9.8,125.0,9.9,123.2,10.4,121.5,-0.9848077530122081,0.17364817766692997
2013305N07141,2013,UNNAMED,2013-11-03 21:00:00,TS,9.3,127.0,,,13,280,9.2,127.7,9.0,128.5,9.4,126.4,9.6,125.7,9.8,124.1,10.1,122.3,10.6,120.5,-0.9848077530122081,0.17364817766692997
2013305N07141,2013,UNNAMED,2013-11-04 00:00:00,TS,9.4,126.4,,,13,285,9.3,127.0,9.2,127.7,9.6,125.7,9.8,125.0,9.9,123.2,10.4,121.5,10.8,119.4,-0.9659258262890684,0.2588190451025203
2013305N07141,2013,UNNAMED,2013-11-04 03:00:00,TS,9.6,125.7,,,14,285,9.4,126.4,9.3,127.0,9.8,125.0,9.8,124.1,10.1,122.3,10.6,120.5,10.8,118.2,-0.9659258262890684,0.2588190451025203
2013305N07141,2013,UNNAMED,2013-11-04 06:00:00,TS,9.8,125.0,,,16,280,9.6,125.7,9.4,126.4,9.8,124.1,9.9,123.2,10.4,121.5,10.8,119.4,10.8,116.9,-0.9848077530122081,0.17364817766692997
2013305N07141,2013,UNNAMED,2013-11-04 09:00:00,TS,9.8,124.1,,,18,275,9.8,125.0,9.6,125.7,9.9,123.2,10.1,122.3,10.6,120.5,10.8,118.2,10.9,116.0,-0.9961946980917455,0.08715574274765789
2013305N07141,2013,UNNAMED,2013-11-04 12:00:00,TS,9.9,123.2,,,18,280,9.8,124.1,9.8,125.0,10.1,122.3,10.4,121.5,10.8,119.4,10.8,116.9,11.1,115.1,-0.9848077530122081,0.17364817766692997
2013305N07141,2013,UNNAMED,2013-11-04 15:00:00,TS,10.1,122.3,,,18,285,9.9,123.2,9.8,124.1,10.4,121.5,10.6,120.5,10.8,118.2,10.9,116.0,11.4,114.3,-0.9659258262890684,0.2588190451025203
2013305N07141,2013,UNNAMED,2013-11-04 18:00:00,TS,10.4,121.5,,,19,285,10.1,122.3,9.9,123.2,10.6,120.5,10.8,119.4,10.8,116.9,11.1,115.1,11.6,113.4,-0.9659258262890684,0.2588190451025203
2013305N07141,2013,UNNAMED,2013-11-04 21:00:00,TS,10.6,120.5,,,21,280,10.4,121.5,10.1,122.3,10.8,119.4,10.8,118.2,10.9,116.0,11.4,114.3,11.8,112.4,-0.9848077530122081,0.17364817766692997
2013305N07141,2013,UNNAMED,2013-11-05 00:00:00,TS,10.8,119.4,,,23,275,10.6,120.5,10.4,121.5,10.8,118.2,10.8,116.9,11.1,115.1,11.6,113.4,11.8,111.5,-0.9961946980917455,0.08715574274765789
2013305N07141,2013,UNNAMED,2013-11-05 03:00:00,TS,10.8,118.2,,,24,270,10.8,119.4,10.6,120.5,10.8,116.9,10.9,116.0,11.4,114.3,11.8,112.4,11.7,110.8,-1.0,-1.8369701987210297e-16
2013305N07141,2013,UNNAMED,2013-11-05 06:00:00,TS,10.8,116.9,,,22,275,10.8,118.2,10.8,119.4,10.9,116.0,11.1,115.1,11.6,113.4,11.8,111.5,11.6,110.1,-0.9961946980917455,0.08715574274765789
2013305N07141,2013,UNNAMED,2013-11-05 09:00:00,TS,10.9,116.0,,,19,280,10.8,116.9,10.8,118.2,11.1,115.1,11.4,114.3,11.8,112.4,11.7,110.8,11.5,109.5,-0.9848077530122081,0.17364817766692997
2013305N07141,2013,UNNAMED,2013-11-05 12:00:00,TS,11.1,115.1,,,17,285,10.9,116.0,10.8,116.9,11.4,114.3,11.6,113.4,11.8,111.5,11.6,110.1,11.5,108.9,-0.9659258262890684,0.2588190451025203
2013305N07141,2013,UNNAMED,2013-11-05 15:00:00,TS,11.4,114.3,,,17,285,11.1,115.1,10.9,116.0,11.6,113.4,11.8,112.4,11.7,110.8,11.5,109.5,11.7,108.4,-0.9659258262890684,0.2588190451025203
2013305N07141,2013,UNNAMED,2013-11-05 18:00:00,TS,11.6,113.4,,,18,285,11.4,114.3,11.1,115.1,11.8,112.4,11.8,111.5,11.6,110.1,11.5,108.9,12.0,107.8,-0.9659258262890684,0.2588190451025203
2013305N07141,2013,UNNAMED,2013-11-05 21:00:00,TS,11.8,112.4,,,19,275,11.6,113.4,11.4,114.3,11.8,111.5,11.7,110.8,11.5,109.5,11.7,108.4,12.1,107.0,-0.9961946980917455,0.08715574274765789
2013305N07141,2013,UNNAMED,2013-11-06 00:00:00,TS,11.8,111.5,,,16,270,11.8,112.4,11.6,113.4,11.7,110.8,11.6,110.1,11.5,108.9,12.0,107.8,12.2,106.0,-1.0,-1.8369701987210297e-16
2013305N07141,2013,UNNAMED,2013-11-06 03:00:00,TS,11.7,110.8,,,14,260,11.8,111.5,11.8,112.4,11.6,110.1,11.5,109.5,11.7,108.4,12.1,107.0,12.2,104.7,-0.984807753012208,-0.17364817766693033
2013305N07141,2013,UNNAMED,2013-11-06 06:00:00,TS,11.6,110.1,,,12,260,11.7,110.8,11.8,111.5,11.5,109.5,11.5,108.9,12.0,107.8,12.2,106.0,12.1,103.5,-0.984807753012208,-0.17364817766693033
2013305N07141,2013,UNNAMED,2013-11-06 09:00:00,TS,11.5,109.5,,,12,265,11.6,110.1,11.7,110.8,11.5,108.9,11.7,108.4,12.1,107.0,12.2,104.7,11.9,102.7,-0.9961946980917455,-0.08715574274765825
2013305N07141,2013,UNNAMED,2013-11-06 12:00:00,TS,11.5,108.9,,,11,285,11.5,109.5,11.6,110.1,11.7,108.4,12.0,107.8,12.2,106.0,12.1,103.5,11.8,102.1,-0.9659258262890684,0.2588190451025203
2013305N07141,2013,UNNAMED,2013-11-06 15:00:00,TS,11.7,108.4,,,12,290,11.5,108.9,11.5,109.5,12.0,107.8,12.1,107.0,12.2,104.7,11.9,102.7,11.9,101.5,-0.9396926207859083,0.342020143325669
2013305N07141,2013,UNNAMED,2013-11-06 18:00:00,TS,12.0,107.8,,,15,285,11.7,108.4,11.5,108.9,12.1,107.0,12.2,106.0,12.1,103.5,11.8,102.1,12.0,101.0,-0.9659258262890684,0.2588190451025203
2013305N07141,2013,UNNAMED,2013-11-06 21:00:00,TS,12.1,107.0,,,18,275,12.0,107.8,11.7,108.4,12.2,106.0,12.2,104.7,11.9,102.7,11.9,101.5,12.1,100.6,-0.9961946980917455,0.08715574274765789
2013305N07141,2013,UNNAMED,2013-11-07 00:00:00,MX,12.2,106.0,,,22,270,12.1,107.0,12.0,107.8,12.2,104.7,12.1,103.5,11.8,102.1,12.0,101.0,12.2,100.2,-1.0,-1.8369701987210297e-16
2013305N07141,2013,UNNAMED,2013-11-07 03:00:00,MX,12.2,104.7,,,24,270,12.2,106.0,12.1,107.0,12.1,103.5,11.9,102.7,11.9,101.5,12.1,100.6,12.5,99.6,-1.0,-1.8369701987210297e-16
2013305N07141,2013,UNNAMED,2013-11-07 06:00:00,MX,12.1,103.5,,,19,265,12.2,104.7,12.2,106.0,11.9,102.7,11.8,102.1,12.0,101.0,12.2,100.2,12.9,99.0,-0.9961946980917455,-0.08715574274765825
2013305N07141,2013,UNNAMED,2013-11-07 09:00:00,MX,11.9,102.7,,,14,260,12.1,103.5,12.2,104.7,11.8,102.1,11.9,101.5,12.1,100.6,12.5,99.6,13.2,98.5,-0.984807753012208,-0.17364817766693033
2013305N07141,2013,UNNAMED,2013-11-07 12:00:00,TS,11.8,102.1,,,12,265,11.9,102.7,12.1,103.5,11.9,101.5,12.0,101.0,12.2,100.2,12.9,99.0,13.4,98.0,-0.9961946980917455,-0.08715574274765825
2013305N07141,2013,UNNAMED,2013-11-07 15:00:00,TS,11.9,101.5,,,11,280,11.8,102.1,11.9,102.7,12.0,101.0,12.1,100.6,12.5,99.6,13.2,98.5,13.7,97.3,-0.9848077530122081,0.17364817766692997
2013305N07141,2013,UNNAMED,2013-11-07 18:00:00,TS,12.0,101.0,,,9,285,11.9,101.5,11.8,102.1,12.1,100.6,12.2,100.2,12.9,99.0,13.4,98.0,13.8,96.5,-0.9659258262890684,0.2588190451025203
2013305N07141,2013,UNNAMED,2013-11-07 21:00:00,TS,12.1,100.6,,,8,285,12.0,101.0,11.9,101.5,12.2,100.2,12.5,99.6,13.2,98.5,13.7,97.3,13.7,95.8,-0.9659258262890684,0.2588190451025203
2013305N07141,2013,UNNAMED,2013-11-08 00:00:00,TS,12.2,100.2,,,11,295,12.1,100.6,12.0,101.0,12.5,99.6,12.9,99.0,13.4,98.0,13.8,96.5,13.5,95.1,-0.9063077870366499,0.4226182617406996
2013305N07141,2013,UNNAMED,2013-11-08 03:00:00,TS,12.5,99.6,,,14,300,12.2,100.2,12.1,100.6,12.9,99.0,13.2,98.5,13.7,97.3,13.7,95.8,13.4,94.5,-0.8660254037844386,0.5000000000000001
2013305N07141,2013,UNNAMED,2013-11-08 06:00:00,TS,12.9,99.0,,,13,300,12.5,99.6,12.2,100.2,13.2,98.5,13.4,98.0,13.8,96.5,13.5,95.1,13.3,94.0,-0.8660254037844386,0.5000000000000001
2013305N07141,2013,UNNAMED,2013-11-08 09:00:00,TS,13.2,98.5,,,11,295,12.9,99.0,12.5,99.6,13.4,98.0,13.7,97.3,13.7,95.8,13.4,94.5,13.2,93.6,-0.9063077870366499,0.4226182617406996
2013305N07141,2013,UNNAMED,2013-11-08 12:00:00,DS,13.4,98.0,,,13,290,13.2,98.5,12.9,99.0,13.7,97.3,13.8,96.5,13.5,95.1,13.3,94.0,13.2,93.3,-0.9396926207859083,0.342020143325669
2013305N07141,2013,UNNAMED,2013-11-08 15:00:00,DS,13.7,97.3,,,15,285,13.4,98.0,13.2,98.5,13.8,96.5,13.7,95.8,13.4,94.5,13.2,93.6,13.1,93.0,-0.9659258262890684,0.2588190451025203
2013305N07141,2013,UNNAMED,2013-11-08 18:00:00,DS,13.8,96.5,,,15,270,13.7,97.3,13.4,98.0,13.7,95.8,13.5,95.1,13.3,94.0,13.2,93.3,13.0,92.6,-1.0,-1.8369701987210297e-16
2013305N07141,2013,UNNAMED,2013-11-08 21:00:00,DS,13.7,95.8,,,14,260,13.8,96.5,13.7,97.3,13.5,95.1,13.4,94.5,13.2,93.6,13.1,93.0,12.9,92.2,-0.984807753012208,-0.17364817766693033
2013305N07141,2013,UNNAMED,2013-11-09 00:00:00,DS,13.5,95.1,,,13,255,13.7,95.8,13.8,96.5,13.4,94.5,13.3,94.0,13.2,93.3,13.0,92.6,12.7,91.8,-0.9659258262890683,-0.25881904510252063
2013305N07141,2013,UNNAMED,2013-11-09 03:00:00,DS,13.4,94.5,,,11,260,13.5,95.1,13.7,95.8,13.3,94.0,13.2,93.6,13.1,93.0,12.9,92.2,12.5,91.4,-0.984807753012208,-0.17364817766693033
2013305N07141,2013,UNNAMED,2013-11-09 06:00:00,TS,13.3,94.0,,,9,260,13.4,94.5,13.5,95.1,13.2,93.6,13.2,93.3,13.0,92.6,12.7,91.8,12.4,91.0,-0.984807753012208,-0.17364817766693033
2013305N07141,2013,UNNAMED,2013-11-09 09:00:00,TS,13.2,93.6,,,7,260,13.3,94.0,13.4,94.5,13.2,93.3,13.1,93.0,12.9,92.2,12.5,91.4,12.2,90.6,-0.984807753012208,-0.17364817766693033
2013305N07141,2013,UNNAMED,2013-11-09 12:00:00,TS,13.2,93.3,,,7,260,13.2,93.6,13.3,94.0,13.1,93.0,13.0,92.6,12.7,91.8,12.4,91.0,12.1,90.3,-0.984807753012208,-0.17364817766693033
2013305N07141,2013,UNNAMED,2013-11-09 15:00:00,TS,13.1,93.0,,,7,255,13.2,93.3,13.2,93.6,13.0,92.6,12.9,92.2,12.5,91.4,12.2,90.6,12.0,90.0,-0.9659258262890683,-0.25881904510252063
2013305N07141,2013,UNNAMED,2013-11-09 18:00:00,TS,13.0,92.6,,,8,250,13.1,93.0,13.2,93.3,12.9,92.2,12.7,91.8,12.4,91.0,12.1,90.3,12.0,89.8,-0.9396926207859084,-0.34202014332566855
2013305N07141,2013,UNNAMED,2013-11-09 21:00:00,TS,12.9,92.2,,,8,250,13.0,92.6,13.1,93.0,12.7,91.8,12.5,91.4,12.2,90.6,12.0,90.0,11.9,89.6,-0.9396926207859084,-0.34202014332566855
2013305N07141,2013,UNNAMED,2013-11-10 00:00:00,TS,12.7,91.8,,,9,250,12.9,92.2,13.0,92.6,12.5,91.4,12.4,91.0,12.1,90.3,12.0,89.8,11.9,89.5,-0.9396926207859084,-0.34202014332566855
2013305N07141,2013,UNNAMED,2013-11-10 03:00:00,TS,12.5,91.4,,,8,250,12.7,91.8,12.9,92.2,12.4,91.0,12.2,90.6,12.0,90.0,11.9,89.6,11.9,89.3,-0.9396926207859084,-0.34202014332566855
2013305N07141,2013,UNNAMED,2013-11-10 06:00:00,TS,12.4,91.0,,,8,245,12.5,91.4,12.7,91.8,12.2,90.6,12.1,90.3,12.0,89.8,11.9,89.5,11.8,89.1,-0.90630778703665,-0.42261826174069916
2013305N07141,2013,UNNAMED,2013-11-10 09:00:00,TS,12.2,90.6,,,7,245,12.4,91.0,12.5,91.4,12.1,90.3,12.0,90.0,11.9,89.6,11.9,89.3,11.6,88.8,-0.90630778703665,-0.42261826174069916
2013305N07141,2013,UNNAMED,2013-11-10 12:00:00,TS,12.1,90.3,,,6,250,12.2,90.6,12.4,91.0,12.0,90.0,12.0,89.8,11.9,89.5,11.8,89.1,11.4,88.5,-0.9396926207859084,-0.34202014332566855
2013305N07141,2013,UNNAMED,2013-11-10 15:00:00,TS,12.0,90.0,,,5,260,12.1,90.3,12.2,90.6,12.0,89.8,11.9,89.6,11.9,89.3,11.6,88.8,11.2,88.2,-0.984807753012208,-0.17364817766693033
2013305N07141,2013,UNNAMED,2013-11-10 18:00:00,TS,12.0,89.8,,,4,255,12.0,90.0,12.1,90.3,11.9,89.6,11.9,89.5,11.8,89.1,11.4,88.5,11.0,87.9,-0.9659258262890683,-0.25881904510252063
2013305N07141,2013,UNNAMED,2013-11-10 21:00:00,TS,11.9,89.6,,,3,250,12.0,89.8,12.0,90.0,11.9,89.5,11.9,89.3,11.6,88.8,11.2,88.2,10.8,87.6,-0.9396926207859084,-0.34202014332566855
2013305N07141,2013,UNNAMED,2013-11-11 00:00:00,TS,11.9,89.5,,,3,255,11.9,89.6,12.0,89.8,11.9,89.3,11.8,89.1,11.4,88.5,11.0,87.9,10.6,87.3,-0.9659258262890683,-0.25881904510252063
2013305N07141,2013,UNNAMED,2013-11-11 03:00:00,TS,11.9,89.3,,,4,255,11.9,89.5,11.9,89.6,11.8,89.1,11.6,88.8,11.2,88.2,10.8,87.6,10.6,87.1,-0.9659258262890683,-0.25881904510252063
2013305N07141,2013,UNNAMED,2013-11-11 06:00:00,TS,11.8,89.1,,,6,245,11.9,89.3,11.9,89.5,11.6,88.8,11.4,88.5,11.0,87.9,10.6,87.3,10.6,87.0,-0.90630778703665,-0.42261826174069916
2013305N07141,2013,UNNAMED,2013-11-11 09:00:00,TS,11.6,88.8,,,7,235,11.8,89.1,11.9,89.3,11.4,88.5,11.2,88.2,10.8,87.6,10.6,87.1,10.6,86.9,-0.8191520442889916,-0.5735764363510464
2013305N07141,2013,UNNAMED,2013-11-11 12:00:00,TS,11.4,88.5,,,7,235,11.6,88.8,11.8,89.1,11.2,88.2,11.0,87.9,10.6,87.3,10.6,87.0,10.6,86.8,-0.8191520442889916,-0.5735764363510464
2013305N07141,2013,UNNAMED,2013-11-11 15:00:00,TS,11.2,88.2,,,7,235,11.4,88.5,11.6,88.8,11.0,87.9,10.8,87.6,10.6,87.1,10.6,86.9,10.6,86.8,-0.8191520442889916,-0.5735764363510464
2013305N07141,2013,UNNAMED,2013-11-11 18:00:00,DS,11.0,87.9,,,7,235,11.2,88.2,11.4,88.5,10.8,87.6,10.6,87.3,10.6,87.0,10.6,86.8,10.7,86.7,-0.8191520442889916,-0.5735764363510464
2013305N07141,2013,UNNAMED,2013-11-11 21:00:00,DS,10.8,87.6,,,7,235,11.0,87.9,11.2,88.2,10.6,87.3,10.6,87.1,10.6,86.9,10.6,86.8,10.7,86.6,-0.8191520442889916,-0.5735764363510464
2013305N07141,2013,UNNAMED,2013-11-12 00:00:00,DS,10.6,87.3,,,5,245,10.8,87.6,11.0,87.9,10.6,87.1,10.6,87.0,10.6,86.8,10.7,86.7,10.9,86.5,-0.90630778703665,-0.42261826174069916
2013305N07141,2013,UNNAMED,2013-11-12 03:00:00,DS,10.6,87.1,,,3,270,10.6,87.3,10.8,87.6,10.6,87.0,10.6,86.9,10.6,86.8,10.7,86.6,11.1,86.2,-1.0,-1.8369701987210297e-16
2013305N07141,2013,UNNAMED,2013-11-12 06:00:00,TS,10.6,87.0,,,2,275,10.6,87.1,10.6,87.3,10.6,86.9,10.6,86.8,10.7,86.7,10.9,86.5,11.2,86.1,-0.9961946980917455,0.08715574274765789
2013305N07141,2013,UNNAMED,2013-11-12 09:00:00,TS,10.6,86.9,,,2,270,10.6,87.0,10.6,87.1,10.6,86.8,10.6,86.8,10.7,86.6,11.1,86.2,11.2,86.0,-1.0,-1.8369701987210297e-16
2013305N07141,2013,UNNAMED,2013-11-12 12:00:00,TS,10.6,86.8,,,1,290,10.6,86.9,10.6,87.0,10.6,86.8,10.7,86.7,10.9,86.5,11.2,86.1,11.2,86.0,-0.9396926207859083,0.342020143325669
2013305N07141,2013,UNNAMED,2013-11-12 15:00:00,TS,10.6,86.8,,,1,315,10.6,86.8,10.6,86.9,10.7,86.7,10.7,86.6,11.1,86.2,11.2,86.0,11.2,85.8,-0.7071067811865477,0.7071067811865474
2013305N07141,2013,UNNAMED,2013-11-12 18:00:00,TS,10.7,86.7,,,2,310,10.6,86.8,10.6,86.8,10.7,86.6,10.9,86.5,11.2,86.1,11.2,86.0,11.2,85.6,-0.7660444431189781,0.6427876096865393
2013305N07141,2013,UNNAMED,2013-11-12 21:00:00,TS,10.7,86.6,,,3,320,10.7,86.7,10.6,86.8,10.9,86.5,11.1,86.2,11.2,86.0,11.2,85.8,11.1,85.4,-0.6427876096865396,0.7660444431189778
2013305N07141,2013,UNNAMED,2013-11-13 00:00:00,TS,10.9,86.5,25.0,1004.0,5,310,10.7,86.6,10.7,86.7,11.1,86.2,11.2,86.1,11.2,86.0,11.2,85.6,11.1,85.3,-0.7660444431189781,0.6427876096865393
2013305N07141,2013,UNNAMED,2013-11-13 03:00:00,TS,11.1,86.2,25.0,1004.0,4,300,10.9,86.5,10.7,86.6,11.2,86.1,11.2,86.0,11.2,85.8,11.1,85.4,11.1,85.2,-0.8660254037844386,0.5000000000000001
2013305N07141,2013,UNNAMED,2013-11-13 06:00:00,TS,11.2,86.1,25.0,1004.0,2,305,11.1,86.2,10.9,86.5,11.2,86.0,11.2,86.0,11.2,85.6,11.1,85.3,11.0,85.2,-0.8191520442889918,0.573576436351046
2013305N07141,2013,UNNAMED,2013-11-13 09:00:00,TS,11.2,86.0,25.0,1004.0,2,285,11.2,86.1,11.1,86.2,11.2,86.0,11.2,85.8,11.1,85.4,11.1,85.2,10.7,85.0,-0.9659258262890684,0.2588190451025203
2013305N07141,2013,UNNAMED,2013-11-13 12:00:00,TS,11.2,86.0,25.0,1003.0,2,265,11.2,86.0,11.2,86.1,11.2,85.8,11.2,85.6,11.1,85.3,11.0,85.2,10.4,84.9,-0.9961946980917455,-0.08715574274765825
2013305N07141,2013,UNNAMED,2013-11-13 15:00:00,TS,11.2,85.8,25.0,1003.0,3,260,11.2,86.0,11.2,86.0,11.2,85.6,11.1,85.4,11.1,85.2,10.7,85.0,10.2,84.7,-0.984807753012208,-0.17364817766693033
2013305N07141,2013,UNNAMED,2013-11-13 18:00:00,TS,11.2,85.6,25.0,1003.0,4,265,11.2,85.8,11.2,86.0,11.1,85.4,11.1,85.3,11.0,85.2,10.4,84.9,10.1,84.6,-0.9961946980917455,-0.08715574274765825
2013305N07141,2013,UNNAMED,2013-11-13 21:00:00,TS,11.1,85.4,25.0,1003.0,3,260,11.2,85.6,11.2,85.8,11.1,85.3,11.1,85.2,10.7,85.0,10.2,84.7,9.9,84.4,-0.984807753012208,-0.17364817766693033
2013305N07141,2013,UNNAMED,2013-11-14 00:00:00,TS,11.1,85.3,25.0,1003.0,2,245,11.1,85.4,11.2,85.6,11.1,85.2,11.0,85.2,10.4,84.9,10.1,84.6,9.7,84.1,-0.90630778703665,-0.42261826174069916
2013305N07141,2013,UNNAMED,2013-11-14 03:00:00,TS,11.1,85.2,25.0,1003.0,1,205,11.1,85.3,11.1,85.4,11.0,85.2,10.7,85.0,10.2,84.7,9.9,84.4,9.4,83.7,-0.4226182617406993,-0.90630778703665
2013305N07141,2013,UNNAMED,2013-11-14 06:00:00,TS,11.0,85.2,25.0,1003.0,4,205,11.1,85.2,11.1,85.3,10.7,85.0,10.4,84.9,10.1,84.6,9.7,84.1,9.4,83.5,-0.4226182617406993,-0.90630778703665
2013305N07141,2013,UNNAMED,2013-11-14 09:00:00,TS,10.7,85.0,25.0,1003.0,7,210,11.0,85.2,11.1,85.2,10.4,84.9,10.2,84.7,9.9,84.4,9.4,83.7,9.5,83.2,-0.5000000000000001,-0.8660254037844386
2013305N07141,2013,UNNAMED,2013-11-14 12:00:00,TS,10.4,84.9,25.0,1003.0,6,210,10.7,85.0,11.0,85.2,10.2,84.7,10.1,84.6,9.7,84.1,9.4,83.5,9.6,82.9,-0.5000000000000001,-0.8660254037844386
2013305N07141,2013,UNNAMED,2013-11-14 15:00:00,TS,10.2,84.7,25.0,1003.0,4,225,10.4,84.9,10.7,85.0,10.1,84.6,9.9,84.4,9.4,83.7,9.5,83.2,9.9,82.4,-0.7071067811865475,-0.7071067811865477
2013305N07141,2013,UNNAMED,2013-11-14 18:00:00,TS,10.1,84.6,25.0,1003.0,5,230,10.2,84.7,10.4,84.9,9.9,84.4,9.7,84.1,9.4,83.5,9.6,82.9,10.2,82.0,-0.7660444431189779,-0.6427876096865395
2013305N07141,2013,UNNAMED,2013-11-14 21:00:00,TS,9.9,84.4,25.0,1003.0,7,230,10.1,84.6,10.2,84.7,9.7,84.1,9.4,83.7,9.5,83.2,9.9,82.4,10.4,81.7,-0.7660444431189779,-0.6427876096865395
2013305N07141,2013,UNNAMED,2013-11-15 00:00:00,TS,9.7,84.1,25.0,1003.0,9,235,9.9,84.4,10.1,84.6,9.4,83.7,9.4,83.5,9.6,82.9,10.2,82.0,10.6,81.3,-0.8191520442889916,-0.5735764363510464
2013305N07141,2013,UNNAMED,2013-11-15 03:00:00,TS,9.4,83.7,25.0,1003.0,6,250,9.7,84.1,9.9,84.4,9.4,83.5,9.5,83.2,9.9,82.4,10.4,81.7,10.9,80.5,-0.9396926207859084,-0.34202014332566855
2013305N07141,2013,UNNAMED,2013-11-15 06:00:00,TS,9.4,83.5,25.0,1003.0,4,280,9.4,83.7,9.7,84.1,9.5,83.2,9.6,82.9,10.2,82.0,10.6,81.3,11.0,80.0,-0.9848077530122081,0.17364817766692997
2013305N07141,2013,UNNAMED,2013-11-15 09:00:00,TS,9.5,83.2,25.0,1003.0,7,285,9.4,83.5,9.4,83.7,9.6,82.9,9.9,82.4,10.4,81.7,10.9,80.5,11.1,79.5,-0.9659258262890684,0.2588190451025203
2013305N07141,2013,UNNAMED,2013-11-15 12:00:00,TS,9.6,82.9,25.0,1003.0,9,295,9.5,83.2,9.4,83.5,9.9,82.4,10.2,82.0,10.6,81.3,11.0,80.0,11.1,78.9,-0.9063077870366499,0.4226182617406996
2013305N07141,2013,UNNAMED,2013-11-15 15:00:00,TS,9.9,82.4,25.0,1003.0,10,305,9.6,82.9,9.5,83.2,10.2,82.0,10.4,81.7,10.9,80.5,11.1,79.5,11.2,78.3,-0.8191520442889918,0.573576436351046
2013305N07141,2013,UNNAMED,2013-11-15 18:00:00,TS,10.2,82.0,25.0,1003.0,9,305,9.9,82.4,9.6,82.9,10.4,81.7,10.6,81.3,11.0,80.0,11.1,78.9,11.3,77.6,-0.8191520442889918,0.573576436351046
2013305N07141,2013,UNNAMED,2013-11-15 21:00:00,TS,10.4,81.7,25.0,1003.0,8,305,10.2,82.0,9.9,82.4,10.6,81.3,10.9,80.5,11.1,79.5,11.2,78.3,11.3,76.9,-0.8191520442889918,0.573576436351046
2013305N07141,2013,UNNAMED,2013-11-16 00:00:00,TS,10.6,81.3,25.0,1003.0,13,295,10.4,81.7,10.2,82.0,10.9,80.5,11.0,80.0,11.1,78.9,11.3,77.6,11.2,76.3,-0.9063077870366499,0.4226182617406996
2013305N07141,2013,UNNAMED,2013-11-16 03:00:00,TS,10.9,80.5,25.0,1003.0,13,285,10.6,81.3,10.4,81.7,11.0,80.0,11.1,79.5,11.2,78.3,11.3,76.9,11.1,75.7,-0.9659258262890684,0.2588190451025203
2013305N07141,2013,UNNAMED,2013-11-16 06:00:00,TS,11.0,80.0,25.0,1003.0,10,275,10.9,80.5,10.6,81.3,11.1,79.5,11.1,78.9,11.3,77.6,11.2,76.3,11.0,75.1,-0.9961946980917455,0.08715574274765789
2013305N07141,2013,UNNAMED,2013-11-16 09:00:00,TS,11.1,79.5,25.0,1004.0,10,275,11.0,80.0,10.9,80.5,11.1,78.9,11.2,78.3,11.3,76.9,11.1,75.7,10.9,74.4,-0.9961946980917455,0.08715574274765789
2013305N07141,2013,UNNAMED,2013-11-16 12:00:00,TS,11.1,78.9,25.0,,12,280,11.1,79.5,11.0,80.0,11.2,78.3,11.3,77.6,11.2,76.3,11.0,75.1,10.9,73.7,-0.9848077530122081,0.17364817766692997
2013305N07141,2013,UNNAMED,2013-11-16 15:00:00,TS,11.2,78.3,25.0,,13,280,11.1,78.9,11.1,79.5,11.3,77.6,11.3,76.9,11.1,75.7,10.9,74.4,11.0,73.2,-0.9848077530122081,0.17364817766692997
2013305N07141,2013,UNNAMED,2013-11-16 18:00:00,MX,11.3,77.6,25.0,,14,275,11.2,78.3,11.1,78.9,11.3,76.9,11.2,76.3,11.0,75.1,10.9,73.7,11.2,72.6,-0.9961946980917455,0.08715574274765789
2013305N07141,2013,UNNAMED,2013-11-16 21:00:00,DS,11.3,76.9,,,13,265,11.3,77.6,11.2,78.3,11.2,76.3,11.1,75.7,10.9,74.4,11.0,73.2,11.4,71.9,-0.9961946980917455,-0.08715574274765825
2013305N07141,2013,UNNAMED,2013-11-17 00:00:00,DS,11.2,76.3,,,12,260,11.3,76.9,11.3,77.6,11.1,75.7,11.0,75.1,10.9,73.7,11.2,72.6,11.6,71.2,-0.984807753012208,-0.17364817766693033
2013305N07141,2013,UNNAMED,2013-11-17 03:00:00,DS,11.1,75.7,,,12,260,11.2,76.3,11.3,76.9,11.0,75.1,10.9,74.4,11.0,73.2,11.4,71.9,11.8,70.7,-0.984807753012208,-0.17364817766693033
2013305N07141,2013,UNNAMED,2013-11-17 06:00:00,DS,11.0,75.1,,,13,260,11.1,75.7,11.2,76.3,10.9,74.4,10.9,73.7,11.2,72.6,11.6,71.2,12.1,70.1,-0.984807753012208,-0.17364817766693033
2013305N07141,2013,UNNAMED,2013-11-17 09:00:00,DS,10.9,74.4,,,14,265,11.0,75.1,11.1,75.7,10.9,73.7,11.0,73.2,11.4,71.9,11.8,70.7,12.3,69.4,-0.9961946980917455,-0.08715574274765825
2013305N07141,2013,UNNAMED,2013-11-17 12:00:00,DS,10.9,73.7,,,12,275,10.9,74.4,11.0,75.1,11.0,73.2,11.2,72.6,11.6,71.2,12.1,70.1,12.5,68.6,-0.9961946980917455,0.08715574274765789
2013305N07141,2013,UNNAMED,2013-11-17 15:00:00,DS,11.0,73.2,,,11,285,10.9,73.7,10.9,74.4,11.2,72.6,11.4,71.9,11.8,70.7,12.3,69.4,12.5,68.0,-0.9659258262890684,0.2588190451025203
2013305N07141,2013,UNNAMED,2013-11-17 18:00:00,DS,11.2,72.6,,,13,285,11.0,73.2,10.9,73.7,11.4,71.9,11.6,71.2,12.1,70.1,12.5,68.6,12.5,67.4,-0.9659258262890684,0.2588190451025203
2013305N07141,2013,UNNAMED,2013-11-17 21:00:00,DS,11.4,71.9,,,14,285,11.2,72.6,11.0,73.2,11.6,71.2,11.8,70.7,12.3,69.4,12.5,68.0,12.5,66.8,-0.9659258262890684,0.2588190451025203
2013305N07141,2013,UNNAMED,2013-11-18 00:00:00,DS,11.6,71.2,,,13,290,11.4,71.9,11.2,72.6,11.8,70.7,12.1,70.1,12.5,68.6,12.5,67.4,12.5,66.1,-0.9396926207859083,0.342020143325669
2013305N07141,2013,UNNAMED,2013-11-18 03:00:00,DS,11.8,70.7,,,12,295,11.6,71.2,11.4,71.9,12.1,70.1,12.3,69.4,12.5,68.0,12.5,66.8,12.3,65.3,-0.9063077870366499,0.4226182617406996
2013305N07141,2013,UNNAMED,2013-11-18 06:00:00,DS,12.1,70.1,,,14,290,11.8,70.7,11.6,71.2,12.3,69.4,12.5,68.6,12.5,67.4,12.5,66.1,12.2,64.5,-0.9396926207859083,0.342020143325669
2013305N07141,2013,UNNAMED,2013-11-18 09:00:00,DS,12.3,69.4,,,15,285,12.1,70.1,11.8,70.7,12.5,68.6,12.5,68.0,12.5,66.8,12.3,65.3,12.2,63.6,-0.9659258262890684,0.2588190451025203
2013305N07141,2013,UNNAMED,2013-11-18 12:00:00,DS,12.5,68.6,,,14,280,12.3,69.4,12.1,70.1,12.5,68.0,12.5,67.4,12.5,66.1,12.2,64.5,12.3,62.8,-0.9848077530122081,0.17364817766692997
2013305N07141,2013,UNNAMED,2013-11-18 15:00:00,DS,12.5,68.0,,,12,270,12.5,68.6,12.3,69.4,12.5,67.4,12.5,66.8,12.3,65.3,12.2,63.6,12.5,62.1,-1.0,-1.8369701987210297e-16
2013305N07141,2013,UNNAMED,2013-11-18 18:00:00,DS,12.5,67.4,,,12,270,12.5,68.0,12.5,68.6,12.5,66.8,12.5,66.1,12.2,64.5,12.3,62.8,12.7,61.4,-1.0,-1.8369701987210297e-16
2013305N07141,2013,UNNAMED,2013-11-18 21:00:00,DS,12.5,66.8,,,13,270,12.5,67.4,12.5,68.0,12.5,66.1,12.3,65.3,12.2,63.6,12.5,62.1,12.8,60.6,-1.0,-1.8369701987210297e-16
2013305N07141,2013,UNNAMED,2013-11-19 00:00:00,DS,12.5,66.1,,,14,265,12.5,66.8,12.5,67.4,12.3,65.3,12.2,64.5,12.3,62.8,12.7,61.4,12.8,59.9,-0.9961946980917455,-0.08715574274765825
2013305N07141,2013,UNNAMED,2013-11-19 03:00:00,DS,12.3,65.3,,,16,260,12.5,66.1,12.5,66.8,12.2,64.5,12.2,63.6,12.5,62.1,12.8,60.6,12.8,59.6,-0.984807753012208,-0.17364817766693033
2013305N07141,2013,UNNAMED,2013-11-19 06:00:00,DS,12.2,64.5,,,17,265,12.3,65.3,12.5,66.1,12.2,63.6,12.3,62.8,12.7,61.4,12.8,59.9,12.8,59.4,-0.9961946980917455,-0.08715574274765825
2013305N07141,2013,UNNAMED,2013-11-19 09:00:00,DS,12.2,63.6,,,17,275,12.2,64.5,12.3,65.3,12.3,62.8,12.5,62.1,12.8,60.6,12.8,59.6,12.9,58.9,-0.9961946980917455,0.08715574274765789
2013305N07141,2013,UNNAMED,2013-11-19 12:00:00,TS,12.3,62.8,,,15,280,12.2,63.6,12.2,64.5,12.5,62.1,12.7,61.4,12.8,59.9,12.8,59.4,13.0,58.3,-0.9848077530122081,0.17364817766692997
2013305N07141,2013,UNNAMED,2013-11-19 15:00:00,TS,12.5,62.1,,,14,285,12.3,62.8,12.2,63.6,12.7,61.4,12.8,60.6,12.8,59.6,12.9,58.9,12.9,57.7,-0.9659258262890684,0.2588190451025203
2013305N07141,2013,UNNAMED,2013-11-19 18:00:00,DS,12.7,61.4,,,15,280,12.5,62.1,12.3,62.8,12.8,60.6,12.8,59.9,12.8,59.4,13.0,58.3,12.8,57.1,-0.9848077530122081,0.17364817766692997
2013305N07141,2013,UNNAMED,2013-11-19 21:00:00,DS,12.8,60.6,,,15,275,12.7,61.4,12.5,62.1,12.8,59.9,12.8,59.6,12.9,58.9,12.9,57.7,12.7,56.5,-0.9961946980917455,0.08715574274765789
2013305N07141,2013,UNNAMED,2013-11-20 00:00:00,DS,12.8,59.9,,,9,270,12.8,60.6,12.7,61.4,12.8,59.6,12.8,59.4,13.0,58.3,12.8,57.1,12.5,56.0,-1.0,-1.8369701987210297e-16
2013310N06066,2013,UNNAMED,2013-11-06 06:00:00,DS,6.2,65.9,,,9,305,5.9,66.2,5.6,66.4,6.4,65.5,6.7,64.9,7.5,63.6,7.7,62.1,8.0,60.4,-0.8191520442889918,0.573576436351046
2013310N06066,2013,UNNAMED,2013-11-06 09:00:00,DS,6.4,65.5,,,11,295,6.2,65.9,5.9,66.2,6.7,64.9,7.1,64.3,7.6,62.9,7.8,61.2,8.2,59.7,-0.9063077870366499,0.4226182617406996
2013310N06066,2013,UNNAMED,2013-11-06 12:00:00,TS,6.7,64.9,,,14,300,6.4,65.5,6.2,65.9,7.1,64.3,7.5,63.6,7.7,62.1,8.0,60.4,8.3,59.0,-0.8660254037844386,0.5000000000000001
2013310N06066,2013,UNNAMED,2013-11-06 15:00:00,TS,7.1,64.3,,,15,300,6.7,64.9,6.4,65.5,7.5,63.6,7.6,62.9,7.8,61.2,8.2,59.7,8.3,58.4,-0.8660254037844386,0.5000000000000001
2013310N06066,2013,UNNAMED,2013-11-06 18:00:00,DS,7.5,63.6,,,15,290,7.1,64.3,6.7,64.9,7.6,62.9,7.7,62.1,8.0,60.4,8.3,59.0,8.2,57.9,-0.9396926207859083,0.342020143325669
2013310N06066,2013,UNNAMED,2013-11-06 21:00:00,DS,7.6,62.9,,,15,280,7.5,63.6,7.1,64.3,7.7,62.1,7.8,61.2,8.2,59.7,8.3,58.4,8.2,57.4,-0.9848077530122081,0.17364817766692997
2013310N06066,2013,UNNAMED,2013-11-07 00:00:00,DS,7.7,62.1,,,16,275,7.6,62.9,7.5,63.6,7.8,61.2,8.0,60.4,8.3,59.0,8.2,57.9,8.1,57.0,-0.9961946980917455,0.08715574274765789
2013310N06066,2013,UNNAMED,2013-11-07 03:00:00,DS,7.8,61.2,,,17,280,7.7,62.1,7.6,62.9,8.0,60.4,8.2,59.7,8.3,58.4,8.2,57.4,8.0,56.6,-0.9848077530122081,0.17364817766692997
2013310N06066,2013,UNNAMED,2013-11-07 06:00:00,DS,8.0,60.4,,,16,280,7.8,61.2,7.7,62.1,8.2,59.7,8.3,59.0,8.2,57.9,8.1,57.0,7.9,56.2,-0.9848077530122081,0.17364817766692997
2013310N06066,2013,UNNAMED,2013-11-07 09:00:00,DS,8.2,59.7,,,14,280,8.0,60.4,7.8,61.2,8.3,59.0,8.3,58.4,8.2,57.4,8.0,56.6,8.0,55.6,-0.9848077530122081,0.17364817766692997
2013310N06066,2013,UNNAMED,2013-11-07 12:00:00,DS,8.3,59.0,,,12,275,8.2,59.7,8.0,60.4,8.3,58.4,8.2,57.9,8.1,57.0,7.9,56.2,8.1,55.0,-0.9961946980917455,0.08715574274765789
2013310N06066,2013,UNNAMED,2013-11-07 15:00:00,DS,8.3,58.4,,,11,265,8.3,59.0,8.2,59.7,8.2,57.9,8.2,57.4,8.0,56.6,8.0,55.6,8.0,54.5,-0.9961946980917455,-0.08715574274765825
2013310N06066,2013,UNNAMED,2013-11-07 18:00:00,TS,8.2,57.9,,,10,265,8.3,58.4,8.3,59.0,8.2,57.4,8.1,57.0,7.9,56.2,8.1,55.0,8.0,54.0,-0.9961946980917455,-0.08715574274765825
2013310N06066,2013,UNNAMED,2013-11-07 21:00:00,TS,8.2,57.4,,,9,265,8.2,57.9,8.3,58.4,8.1,57.0,8.0,56.6,8.0,55.6,8.0,54.5,8.0,53.5,-0.9961946980917455,-0.08715574274765825
2013310N06066,2013,UNNAMED,2013-11-08 00:00:00,DS,8.1,57.0,,,9,260,8.2,57.4,8.2,57.9,8.0,56.6,7.9,56.2,8.1,55.0,8.0,54.0,8.0,53.1,-0.984807753012208,-0.17364817766693033
2013310N06066,2013,UNNAMED,2013-11-08 03:00:00,DS,8.0,56.6,,,8,260,8.1,57.0,8.2,57.4,7.9,56.2,8.0,55.6,8.0,54.5,8.0,53.5,8.0,52.8,-0.984807753012208,-0.17364817766693033
2013310N06066,2013,UNNAMED,2013-11-08 06:00:00,TS,7.9,56.2,25.0,1006.0,10,270,8.0,56.6,8.1,57.0,8.0,55.6,8.1,55.0,8.0,54.0,8.0,53.1,8.0,52.7,-1.0,-1.8369701987210297e-16
2013310N06066,2013,UNNAMED,2013-11-08 09:00:00,TS,8.0,55.6,25.0,1005.0,12,275,7.9,56.2,8.0,56.6,8.1,55.0,8.0,54.5,8.0,53.5,8.0,52.8,8.0,52.4,-0.9961946980917455,0.08715574274765789
2013310N06066,2013,UNNAMED,2013-11-08 12:00:00,TS,8.1,55.0,25.0,1004.0,11,270,8.0,55.6,7.9,56.2,8.0,54.5,8.0,54.0,8.0,53.1,8.0,52.7,8.0,52.1,-1.0,-1.8369701987210297e-16
2013310N06066,2013,UNNAMED,2013-11-08 15:00:00,TS,8.0,54.5,25.0,1004.0,10,265,8.1,55.0,8.0,55.6,8.0,54.0,8.0,53.5,8.0,52.8,8.0,52.4,8.0,51.9,-0.9961946980917455,-0.08715574274765825
2013310N06066,2013,UNNAMED,2013-11-08 18:00:00,TS,8.0,54.0,25.0,1004.0,9,270,8.0,54.5,8.1,55.0,8.0,53.5,8.0,53.1,8.0,52.7,8.0,52.1,8.0,51.9,-1.0,-1.8369701987210297e-16
2013310N06066,2013,UNNAMED,2013-11-08 21:00:00,TS,8.0,53.5,28.0,1003.0,9,270,8.0,54.0,8.0,54.5,8.0,53.1,8.0,52.8,8.0,52.4,8.0,51.9,8.0,51.8,-1.0,-1.8369701987210297e-16
2013310N06066,2013,UNNAMED,2013-11-09 00:00:00,TS,8.0,53.1,30.0,1002.0,8,270,8.0,53.5,8.0,54.0,8.0,52.8,8.0,52.7,8.0,52.1,8.0,51.9,8.0,51.8,-1.0,-1.8369701987210297e-16
2013310N06066,2013,UNNAMED,2013-11-09 03:00:00,TS,8.0,52.8,30.0,1002.0,4,270,8.0,53.1,8.0,53.5,8.0,52.7,8.0,52.4,8.0,51.9,8.0,51.8,8.0,51.6,-1.0,-1.8369701987210297e-16
2013310N06066,2013,UNNAMED,2013-11-09 06:00:00,TS,8.0,52.7,30.0,1002.0,4,270,8.0,52.8,8.0,53.1,8.0,52.4,8.0,52.1,8.0,51.9,8.0,51.8,8.0,51.3,-1.0,-1.8369701987210297e-16
2013310N06066,2013,UNNAMED,2013-11-09 09:00:00,TS,8.0,52.4,30.0,1002.0,6,270,8.0,52.7,8.0,52.8,8.0,52.1,8.0,51.9,8.0,51.8,8.0,51.6,8.0,51.2,-1.0,-1.8369701987210297e-16
2013310N06066,2013,UNNAMED,2013-11-09 12:00:00,TS,8.0,52.1,30.0,1002.0,5,270,8.0,52.4,8.0,52.7,8.0,51.9,8.0,51.9,8.0,51.8,8.0,51.3,8.1,51.2,-1.0,-1.8369701987210297e-16
2013310N06066,2013,UNNAMED,2013-11-09 15:00:00,TS,8.0,51.9,30.0,1002.0,1,270,8.0,52.1,8.0,52.4,8.0,51.9,8.0,51.8,8.0,51.6,8.0,51.2,8.1,50.9,-1.0,-1.8369701987210297e-16
2013310N06066,2013,UNNAMED,2013-11-09 18:00:00,TS,8.0,51.9,30.0,1002.0,1,270,8.0,51.9,8.0,52.1,8.0,51.8,8.0,51.8,8.0,51.3,8.1,51.2,8.2,50.6,-1.0,-1.8369701987210297e-16
2013310N06066,2013,UNNAMED,2013-11-09 21:00:00,TS,8.0,51.8,30.0,1002.0,1,270,8.0,51.9,8.0,51.9,8.0,51.8,8.0,51.6,8.0,51.2,8.1,50.9,8.3,50.4,-1.0,-1.8369701987210297e-16
2013310N06066,2013,UNNAMED,2013-11-10 00:00:00,TS,8.0,51.8,30.0,1002.0,2,270,8.0,51.8,8.0,51.9,8.0,51.6,8.0,51.3,8.1,51.2,8.2,50.6,8.4,50.1,-1.0,-1.8369701987210297e-16
2013310N06066,2013,UNNAMED,2013-11-10 03:00:00,TS,8.0,51.6,30.0,1002.0,4,270,8.0,51.8,8.0,51.8,8.0,51.3,8.0,51.2,8.1,50.9,8.3,50.4,8.7,49.7,-1.0,-1.8369701987210297e-16
2013310N06066,2013,UNNAMED,2013-11-10 06:00:00,TS,8.0,51.3,30.0,1002.0,5,275,8.0,51.6,8.0,51.8,8.0,51.2,8.1,51.2,8.2,50.6,8.4,50.1,8.9,49.2,-0.9961946980917455,0.08715574274765789
2013310N06066,2013,UNNAMED,2013-11-10 09:00:00,TS,8.0,51.2,30.0,1002.0,2,305,8.0,51.3,8.0,51.6,8.1,51.2,8.1,50.9,8.3,50.4,8.7,49.7,9.2,48.6,-0.8191520442889918,0.573576436351046
2013310N06066,2013,UNNAMED,2013-11-10 12:00:00,TS,8.1,51.2,30.0,1002.0,3,290,8.0,51.2,8.0,51.3,8.1,50.9,8.2,50.6,8.4,50.1,8.9,49.2,9.4,48.0,-0.9396926207859083,0.342020143325669
2013310N06066,2013,UNNAMED,2013-11-10 15:00:00,TS,8.1,50.9,30.0,1002.0,6,280,8.1,51.2,8.0,51.2,8.2,50.6,8.3,50.4,8.7,49.7,9.2,48.6,9.5,47.4,-0.9848077530122081,0.17364817766692997
2013310N06066,2013,UNNAMED,2013-11-10 18:00:00,TS,8.2,50.6,30.0,1002.0,6,285,8.1,50.9,8.1,51.2,8.3,50.4,8.4,50.1,8.9,49.2,9.4,48.0,9.5,46.9,-0.9659258262890684,0.2588190451025203
2013310N06066,2013,UNNAMED,2013-11-10 21:00:00,TS,8.3,50.4,30.0,1002.0,6,295,8.2,50.6,8.1,50.9,8.4,50.1,8.7,49.7,9.2,48.6,9.5,47.4,9.6,46.4,-0.9063077870366499,0.4226182617406996
2013310N06066,2013,UNNAMED,2013-11-11 00:00:00,TS,8.4,50.1,30.0,1002.0,8,300,8.3,50.4,8.2,50.6,8.7,49.7,8.9,49.2,9.4,48.0,9.5,46.9,9.8,46.0,-0.8660254037844386,0.5000000000000001
2013322N13090,2013,HELEN,2013-11-18 06:00:00,TS,14.0,88.9,,,13,305,13.6,89.5,13.3,90.0,14.4,88.3,14.7,87.8,14.8,86.9,14.7,86.2,14.8,85.6,-0.8191520442889918,0.573576436351046
2013322N13090,2013,HELEN,2013-11-18 09:00:00,TS,14.4,88.3,,,13,305,14.0,88.9,13.6,89.5,14.7,87.8,14.8,87.3,14.8,86.5,14.8,85.9,14.9,85.3,-0.8191520442889918,0.573576436351046
2013322N13090,2013,HELEN,2013-11-18 12:00:00,TS,14.7,87.8,,,11,295,14.4,88.3,14.0,88.9,14.8,87.3,14.8,86.9,14.7,86.2,14.8,85.6,15.0,85.1,-0.9063077870366499,0.4226182617406996
2013322N13090,2013,HELEN,2013-11-18 15:00:00,TS,14.8,87.3,,,9,275,14.7,87.8,14.4,88.3,14.8,86.9,14.8,86.5,14.8,85.9,14.9,85.3,15.0,84.9,-0.9961946980917455,0.08715574274765789
2013322N13090,2013,HELEN,2013-11-18 18:00:00,TS,14.8,86.9,,,8,270,14.8,87.3,14.7,87.8,14.8,86.5,14.7,86.2,14.8,85.6,15.0,85.1,15.0,84.5,-1.0,-1.8369701987210297e-16
2013322N13090,2013,HELEN,2013-11-18 21:00:00,TS,14.8,86.5,,,7,265,14.8,86.9,14.8,87.3,14.7,86.2,14.8,85.9,14.9,85.3,15.0,84.9,15.0,84.2,-0.9961946980917455,-0.08715574274765825
2013322N13090,2013,HELEN,2013-11-19 00:00:00,TS,14.7,86.2,25.0,1004.0,6,265,14.8,86.5,14.8,86.9,14.8,85.9,14.8,85.6,15.0,85.1,15.0,84.5,15.1,84.1,-0.9961946980917455,-0.08715574274765825
2013322N13090,2013,HELEN,2013-11-19 03:00:00,TS,14.8,85.9,25.0,1004.0,6,275,14.7,86.2,14.8,86.5,14.8,85.6,14.9,85.3,15.0,84.9,15.0,84.2,15.1,84.1,-0.9961946980917455,0.08715574274765789
2013322N13090,2013,HELEN,2013-11-19 06:00:00,TS,14.8,85.6,25.0,1004.0,6,280,14.8,85.9,14.7,86.2,14.9,85.3,15.0,85.1,15.0,84.5,15.1,84.1,15.3,84.1,-0.9848077530122081,0.17364817766692997
2013322N13090,2013,HELEN,2013-11-19 09:00:00,TS,14.9,85.3,25.0,1004.0,5,295,14.8,85.6,14.8,85.9,15.0,85.1,15.0,84.9,15.0,84.2,15.1,84.1,15.3,84.0,-0.9063077870366499,0.4226182617406996
2013322N13090,2013,HELEN,2013-11-19 12:00:00,TS,15.0,85.1,25.0,1004.0,4,285,14.9,85.3,14.8,85.6,15.0,84.9,15.0,84.5,15.1,84.1,15.3,84.1,15.4,84.0,-0.9659258262890684,0.2588190451025203
2013322N13090,2013,HELEN,2013-11-19 15:00:00,TS,15.0,84.9,30.0,1002.0,5,265,15.0,85.1,14.9,85.3,15.0,84.5,15.0,84.2,15.1,84.1,15.3,84.0,15.4,83.9,-0.9961946980917455,-0.08715574274765825
2013322N13090,2013,HELEN,2013-11-19 18:00:00,TS,15.0,84.5,30.0,1002.0,6,270,15.0,84.9,15.0,85.1,15.0,84.2,15.1,84.1,15.3,84.1,15.4,84.0,15.5,83.8,-1.0,-1.8369701987210297e-16
2013322N13090,2013,HELEN,2013-11-19 21:00:00,TS,15.0,84.2,30.0,1002.0,4,285,15.0,84.5,15.0,84.9,15.1,84.1,15.1,84.1,15.3,84.0,15.4,83.9,15.6,83.7,-0.9659258262890684,0.2588190451025203
2013322N13090,2013,HELEN,2013-11-20 00:00:00,TS,15.1,84.1,30.0,1002.0,2,305,15.0,84.2,15.0,84.5,15.1,84.1,15.3,84.1,15.4,84.0,15.5,83.8,15.7,83.6,-0.8191520442889918,0.573576436351046
2013322N13090,2013,HELEN,2013-11-20 03:00:00,TS,15.1,84.1,35.0,1000.0,2,345,15.1,84.1,15.0,84.2,15.3,84.1,15.3,84.0,15.4,83.9,15.6,83.7,15.8,83.4,-0.2588190451025207,0.9659258262890683
2013322N13090,2013,HELEN,2013-11-20 06:00:00,TS,15.3,84.1,40.0,1000.0,2,345,15.1,84.1,15.1,84.1,15.3,84.0,15.4,84.0,15.5,83.8,15.7,83.6,15.9,83.3,-0.2588190451025207,0.9659258262890683
2013322N13090,2013,HELEN,2013-11-20 09:00:00,TS,15.3,84.0,40.0,1000.0,2,330,15.3,84.1,15.1,84.1,15.4,84.0,15.4,83.9,15.6,83.7,15.8,83.4,16.0,83.1,-0.5000000000000004,0.8660254037844384
2013322N13090,2013,HELEN,2013-11-20 12:00:00,TS,15.4,84.0,45.0,998.0,2,315,15.3,84.0,15.3,84.1,15.4,83.9,15.5,83.8,15.7,83.6,15.9,83.3,16.1,83.0,-0.7071067811865477,0.7071067811865474
2013322N13090,2013,HELEN,2013-11-20 15:00:00,TS,15.4,83.9,45.0,998.0,2,295,15.4,84.0,15.3,84.0,15.5,83.8,15.6,83.7,15.8,83.4,16.0,83.1,16.1,82.7,-0.9063077870366499,0.4226182617406996
2013322N13090,2013,HELEN,2013-11-20 18:00:00,TS,15.5,83.8,45.0,996.0,3,300,15.4,83.9,15.4,84.0,15.6,83.7,15.7,83.6,15.9,83.3,16.1,83.0,16.2,82.6,-0.8660254037844386,0.5000000000000001
2013322N13090,2013,HELEN,2013-11-20 21:00:00,TS,15.6,83.7,45.0,996.0,2,310,15.5,83.8,15.4,83.9,15.7,83.6,15.8,83.4,16.0,83.1,16.1,82.7,16.1,82.3,-0.7660444431189781,0.6427876096865393
2013322N13090,2013,HELEN,2013-11-21 00:00:00,TS,15.7,83.6,50.0,994.0,3,315,15.6,83.7,15.5,83.8,15.8,83.4,15.9,83.3,16.1,83.0,16.2,82.6,16.2,82.0,-0.7071067811865477,0.7071067811865474
2013322N13090,2013,HELEN,2013-11-21 03:00:00,TS,15.8,83.4,50.0,992.0,3,315,15.7,83.6,15.6,83.7,15.9,83.3,16.0,83.1,16.1,82.7,16.1,82.3,16.2,81.7,-0.7071067811865477,0.7071067811865474
2013322N13090,2013,HELEN,2013-11-21 06:00:00,TS,15.9,83.3,55.0,990.0,4,305,15.8,83.4,15.7,83.6,16.0,83.1,16.1,83.0,16.2,82.6,16.2,82.0,16.2,81.4,-0.8191520442889918,0.573576436351046
2013322N13090,2013,HELEN,2013-11-21 09:00:00,TS,16.0,83.1,55.0,990.0,4,300,15.9,83.3,15.8,83.4,16.1,83.0,16.1,82.7,16.1,82.3,16.2,81.7,16.0,81.2,-0.8660254037844386,0.5000000000000001
2013322N13090,2013,HELEN,2013-11-21 12:00:00,TS,16.1,83.0,55.0,990.0,4,285,16.0,83.1,15.9,83.3,16.1,82.7,16.2,82.6,16.2,82.0,16.2,81.4,15.8,80.8,-0.9659258262890684,0.2588190451025203
2013322N13090,2013,HELEN,2013-11-21 15:00:00,TS,16.1,82.7,55.0,990.0,3,280,16.1,83.0,16.0,83.1,16.2,82.6,16.1,82.3,16.2,81.7,16.0,81.2,15.9,80.5,-0.9848077530122081,0.17364817766692997
2013322N13090,2013,HELEN,2013-11-21 18:00:00,TS,16.2,82.6,55.0,990.0,4,275,16.1,82.7,16.1,83.0,16.1,82.3,16.2,82.0,16.2,81.4,15.8,80.8,16.1,80.2,-0.9961946980917455,0.08715574274765789
2013322N13090,2013,HELEN,2013-11-21 21:00:00,TS,16.1,82.3,55.0,990.0,6,270,16.2,82.6,16.1,82.7,16.2,82.0,16.2,81.7,16.0,81.2,15.9,80.5,16.3,79.7,-1.0,-1.8369701987210297e-16
2013322N13090,2013,HELEN,2013-11-22 00:00:00,TS,16.2,82.0,55.0,990.0,5,275,16.1,82.3,16.2,82.6,16.2,81.7,16.2,81.4,15.8,80.8,16.1,80.2,16.5,79.4,-0.9961946980917455,0.08715574274765789
2013322N13090,2013,HELEN,2013-11-22 03:00:00,TS,16.2,81.7,55.0,990.0,5,275,16.2,82.0,16.1,82.3,16.2,81.4,16.0,81.2,15.9,80.5,16.3,79.7,16.8,79.1,-0.9961946980917455,0.08715574274765789
2013322N13090,2013,HELEN,2013-11-22 06:00:00,TS,16.2,81.4,55.0,990.0,5,255,16.2,81.7,16.2,82.0,16.0,81.2,15.8,80.8,16.1,80.2,16.5,79.4,17.2,78.8,-0.9659258262890683,-0.25881904510252063
2013324N07103,2013,LEHAR,2013-11-20 00:00:00,DS,6.8,103.1,,,4,250,7.0,103.2,7.3,103.3,6.8,102.9,6.9,102.6,6.5,102.3,6.3,102.0,6.3,101.7,-0.9396926207859084,-0.34202014332566855
2013324N07103,2013,LEHAR,2013-11-20 03:00:00,DS,6.8,102.9,,,5,280,6.8,103.1,7.0,103.2,6.9,102.6,6.7,102.4,6.4,102.2,6.3,101.9,6.3,101.5,-0.9848077530122081,0.17364817766692997
2013324N07103,2013,LEHAR,2013-11-20 06:00:00,DS,6.9,102.6,,,4,255,6.8,102.9,6.8,103.1,6.7,102.4,6.5,102.3,6.3,102.0,6.3,101.7,6.4,101.2,-0.9659258262890683,-0.25881904510252063
2013324N07103,2013,LEHAR,2013-11-20 09:00:00,DS,6.7,102.4,,,5,215,6.9,102.6,6.8,102.9,6.5,102.3,6.4,102.2,6.3,101.9,6.3,101.5,6.6,100.9,-0.5735764363510462,-0.8191520442889918
2013324N07103,2013,LEHAR,2013-11-20 12:00:00,DS,6.5,102.3,,,5,220,6.7,102.4,6.9,102.6,6.4,102.2,6.3,102.0,6.3,101.7,6.4,101.2,6.7,100.6,-0.6427876096865393,-0.766044443118978
2013324N07103,2013,LEHAR,2013-11-20 15:00:00,DS,6.4,102.2,,,4,235,6.5,102.3,6.7,102.4,6.3,102.0,6.3,101.9,6.3,101.5,6.6,100.9,6.7,100.2,-0.8191520442889916,-0.5735764363510464
2013324N07103,2013,LEHAR,2013-11-20 18:00:00,DS,6.3,102.0,,,3,250,6.4,102.2,6.5,102.3,6.3,101.9,6.3,101.7,6.4,101.2,6.7,100.6,6.7,99.9,-0.9396926207859084,-0.34202014332566855
2013324N07103,2013,LEHAR,2013-11-20 21:00:00,DS,6.3,101.9,,,3,270,6.3,102.0,6.4,102.2,6.3,101.7,6.3,101.5,6.6,100.9,6.7,100.2,6.7,99.6,-1.0,-1.8369701987210297e-16
2013324N07103,2013,LEHAR,2013-11-21 00:00:00,DS,6.3,101.7,,,4,275,6.3,101.9,6.3,102.0,6.3,101.5,6.4,101.2,6.7,100.6,6.7,99.9,6.6,99.4,-0.9961946980917455,0.08715574274765789
2013324N07103,2013,LEHAR,2013-11-21 03:00:00,DS,6.3,101.5,,,5,280,6.3,101.7,6.3,101.9,6.4,101.2,6.6,100.9,6.7,100.2,6.7,99.6,6.4,99.2,-0.9848077530122081,0.17364817766692997
2013324N07103,2013,LEHAR,2013-11-21 06:00:00,DS,6.4,101.2,,,6,295,6.3,101.5,6.3,101.7,6.6,100.9,6.7,100.6,6.7,99.9,6.6,99.4,6.3,99.0,-0.9063077870366499,0.4226182617406996
2013324N07103,2013,LEHAR,2013-11-21 09:00:00,DS,6.6,100.9,,,7,295,6.4,101.2,6.3,101.5,6.7,100.6,6.7,100.2,6.7,99.6,6.4,99.2,6.2,98.7,-0.9063077870366499,0.4226182617406996
2013324N07103,2013,LEHAR,2013-11-21 12:00:00,DS,6.7,100.6,,,7,285,6.6,100.9,6.4,101.2,6.7,100.2,6.7,99.9,6.6,99.4,6.3,99.0,6.3,98.5,-0.9659258262890684,0.2588190451025203
2013324N07103,2013,LEHAR,2013-11-21 15:00:00,DS,6.7,100.2,,,7,270,6.7,100.6,6.6,100.9,6.7,99.9,6.7,99.6,6.4,99.2,6.2,98.7,6.5,98.4,-1.0,-1.8369701987210297e-16
2013324N07103,2013,LEHAR,2013-11-21 18:00:00,DS,6.7,99.9,,,6,265,6.7,100.2,6.7,100.6,6.7,99.6,6.6,99.4,6.3,99.0,6.3,98.5,6.8,98.3,-0.9961946980917455,-0.08715574274765825
2013324N07103,2013,LEHAR,2013-11-21 21:00:00,DS,6.7,99.6,,,5,260,6.7,99.9,6.7,100.2,6.6,99.4,6.4,99.2,6.2,98.7,6.5,98.4,7.0,98.1,-0.984807753012208,-0.17364817766693033
2013324N07103,2013,LEHAR,2013-11-22 00:00:00,DS,6.6,99.4,,,5,240,6.7,99.6,6.7,99.9,6.4,99.2,6.3,99.0,6.3,98.5,6.8,98.3,7.3,97.8,-0.8660254037844384,-0.5000000000000004
2013324N07103,2013,LEHAR,2013-11-22 03:00:00,DS,6.4,99.2,,,5,235,6.6,99.4,6.7,99.6,6.3,99.0,6.2,98.7,6.5,98.4,7.0,98.1,7.6,97.5,-0.8191520442889916,-0.5735764363510464
2013324N07103,2013,LEHAR,2013-11-22 06:00:00,DS,6.3,99.0,,,5,245,6.4,99.2,6.6,99.4,6.2,98.7,6.3,98.5,6.8,98.3,7.3,97.8,8.0,97.2,-0.90630778703665,-0.42261826174069916
2013324N07103,2013,LEHAR,2013-11-22 09:00:00,DS,6.2,98.7,,,5,270,6.3,99.0,6.4,99.2,6.3,98.5,6.5,98.4,7.0,98.1,7.6,97.5,8.3,96.9,-1.0,-1.8369701987210297e-16
2013324N07103,2013,LEHAR,2013-11-22 12:00:00,DS,6.3,98.5,,,4,310,6.2,98.7,6.3,99.0,6.5,98.4,6.8,98.3,7.3,97.8,8.0,97.2,8.7,96.6,-0.7660444431189781,0.6427876096865393
2013324N07103,2013,LEHAR,2013-11-22 15:00:00,DS,6.5,98.4,,,5,340,6.3,98.5,6.2,98.7,6.8,98.3,7.0,98.1,7.6,97.5,8.3,96.9,8.9,96.3,-0.3420201433256686,0.9396926207859084
2013324N07103,2013,LEHAR,2013-11-22 18:00:00,TS,6.8,98.3,,,6,330,6.5,98.4,6.3,98.5,7.0,98.1,7.3,97.8,8.0,97.2,8.7,96.6,9.2,96.1,-0.5000000000000004,0.8660254037844384
2013324N07103,2013,LEHAR,2013-11-22 21:00:00,TS,7.0,98.1,,,7,315,6.8,98.3,6.5,98.4,7.3,97.8,7.6,97.5,8.3,96.9,8.9,96.3,9.6,95.6,-0.7071067811865477,0.7071067811865474
2013324N07103,2013,LEHAR,2013-11-23 00:00:00,TS,7.3,97.8,,,8,315,7.0,98.1,6.8,98.3,7.6,97.5,8.0,97.2,8.7,96.6,9.2,96.1,10.0,95.2,-0.7071067811865477,0.7071067811865474
2013324N07103,2013,LEHAR,2013-11-23 03:00:00,TS,7.6,97.5,,,9,320,7.3,97.8,7.0,98.1,8.0,97.2,8.3,96.9,8.9,96.3,9.6,95.6,10.2,95.0,-0.6427876096865396,0.7660444431189778
2013324N07103,2013,LEHAR,2013-11-23 06:00:00,TS,8.0,97.2,,,9,320,7.6,97.5,7.3,97.8,8.3,96.9,8.7,96.6,9.2,96.1,10.0,95.2,10.6,94.6,-0.6427876096865396,0.7660444431189778
2013324N07103,2013,LEHAR,2013-11-23 09:00:00,TS,8.3,96.9,,,9,315,8.0,97.2,7.6,97.5,8.7,96.6,8.9,96.3,9.6,95.6,10.2,95.0,10.8,94.1,-0.7071067811865477,0.7071067811865474
2013324N07103,2013,LEHAR,2013-11-23 12:00:00,TS,8.7,96.6,25.0,1004.0,8,315,8.3,96.9,8.0,97.2,8.9,96.3,9.2,96.1,10.0,95.2,10.6,94.6,11.0,93.7,-0.7071067811865477,0.7071067811865474
2013324N07103,2013,LEHAR,2013-11-23 15:00:00,TS,8.9,96.3,28.0,1003.0,8,320,8.7,96.6,8.3,96.9,9.2,96.1,9.6,95.6,10.2,95.0,10.8,94.1,11.1,93.5,-0.6427876096865396,0.7660444431189778
2013324N07103,2013,LEHAR,2013-11-23 18:00:00,TS,9.2,96.1,30.0,1002.0,10,315,8.9,96.3,8.7,96.6,9.6,95.6,10.0,95.2,10.6,94.6,11.0,93.7,11.5,93.2,-0.7071067811865477,0.7071067811865474
2013324N07103,2013,LEHAR,2013-11-23 21:00:00,TS,9.6,95.6,33.0,1001.0,11,310,9.2,96.1,8.9,96.3,10.0,95.2,10.2,95.0,10.8,94.1,11.1,93.5,11.5,92.7,-0.7660444431189781,0.6427876096865393
2013324N07103,2013,LEHAR,2013-11-24 00:00:00,TS,10.0,95.2,35.0,999.0,8,310,9.6,95.6,9.2,96.1,10.2,95.0,10.6,94.6,11.0,93.7,11.5,93.2,11.8,92.6,-0.7660444431189781,0.6427876096865393
2013324N07103,2013,LEHAR,2013-11-24 03:00:00,TS,10.2,95.0,40.0,998.0,8,310,10.0,95.2,9.6,95.6,10.6,94.6,10.8,94.1,11.1,93.5,11.5,92.7,11.9,92.2,-0.7660444431189781,0.6427876096865393
2013324N07103,2013,LEHAR,2013-11-24 06:00:00,TS,10.6,94.6,40.0,998.0,11,305,10.2,95.0,10.0,95.2,10.8,94.1,11.0,93.7,11.5,93.2,11.8,92.6,12.0,91.9,-0.8191520442889918,0.573576436351046
2013324N07103,2013,LEHAR,2013-11-24 09:00:00,TS,10.8,94.1,45.0,996.0,10,300,10.6,94.6,10.2,95.0,11.0,93.7,11.1,93.5,11.5,92.7,11.9,92.2,12.0,91.7,-0.8660254037844386,0.5000000000000001
2013324N07103,2013,LEHAR,2013-11-24 12:00:00,TS,11.0,93.7,45.0,996.0,7,300,10.8,94.1,10.6,94.6,11.1,93.5,11.5,93.2,11.8,92.6,12.0,91.9,12.3,91.6,-0.8660254037844386,0.5000000000000001
2013324N07103,2013,LEHAR,2013-11-24 15:00:00,TS,11.1,93.5,45.0,996.0,7,310,11.0,93.7,10.8,94.1,11.5,93.2,11.5,92.7,11.9,92.2,12.0,91.7,12.3,91.2,-0.7660444431189781,0.6427876096865393
2013324N07103,2013,LEHAR,2013-11-24 18:00:00,TS,11.5,93.2,45.0,996.0,9,300,11.1,93.5,11.0,93.7,11.5,92.7,11.8,92.6,12.0,91.9,12.3,91.6,12.4,91.1,-0.8660254037844386,0.5000000000000001
2013324N07103,2013,LEHAR,2013-11-24 21:00:00,TS,11.5,92.7,45.0,996.0,7,305,11.5,93.2,11.1,93.5,11.8,92.6,11.9,92.2,12.0,91.7,12.3,91.2,12.4,90.9,-0.8191520442889918,0.573576436351046
2013324N07103,2013,LEHAR,2013-11-25 00:00:00,TS,11.8,92.6,55.0,992.0,6,305,11.5,92.7,11.5,93.2,11.9,92.2,12.0,91.9,12.3,91.6,12.4,91.1,12.5,90.5,-0.8191520442889918,0.573576436351046
2013324N07103,2013,LEHAR,2013-11-25 03:00:00,TS,11.9,92.2,55.0,990.0,7,280,11.8,92.6,11.5,92.7,12.0,91.9,12.0,91.7,12.3,91.2,12.4,90.9,12.5,90.1,-0.9848077530122081,0.17364817766692997
2013324N07103,2013,LEHAR,2013-11-25 06:00:00,TS,12.0,91.9,55.0,988.0,5,280,11.9,92.2,11.8,92.6,12.0,91.7,12.3,91.6,12.4,91.1,12.5,90.5,12.6,89.6,-0.9848077530122081,0.17364817766692997
2013324N07103,2013,LEHAR,2013-11-25 09:00:00,TS,12.0,91.7,60.0,988.0,4,325,12.0,91.9,11.9,92.2,12.3,91.6,12.3,91.2,12.4,90.9,12.5,90.1,12.9,89.1,-0.5735764363510465,0.8191520442889916
2013324N07103,2013,LEHAR,2013-11-25 12:00:00,TS,12.3,91.6,60.0,988.0,6,305,12.0,91.7,12.0,91.9,12.3,91.2,12.4,91.1,12.5,90.5,12.6,89.6,13.0,88.7,-0.8191520442889918,0.573576436351046
2013324N07103,2013,LEHAR,2013-11-25 15:00:00,TS,12.3,91.2,60.0,988.0,5,280,12.3,91.6,12.0,91.7,12.4,91.1,12.4,90.9,12.5,90.1,12.9,89.1,13.0,88.5,-0.9848077530122081,0.17364817766692997
2013324N07103,2013,LEHAR,2013-11-25 18:00:00,TS,12.4,91.1,55.0,988.0,3,290,12.3,91.2,12.3,91.6,12.4,90.9,12.5,90.5,12.6,89.6,13.0,88.7,13.2,88.1,-0.9396926207859083,0.342020143325669
2013324N07103,2013,LEHAR,2013-11-25 21:00:00,TS,12.4,90.9,65.0,984.0,6,280,12.4,91.1,12.3,91.2,12.5,90.5,12.5,90.1,12.9,89.1,13.0,88.5,13.3,87.5,-0.9848077530122081,0.17364817766692997
2013324N07103,2013,LEHAR,2013-11-26 00:00:00,TS,12.5,90.5,70.0,982.0,9,275,12.4,90.9,12.4,91.1,12.5,90.1,12.6,89.6,13.0,88.7,13.2,88.1,13.6,87.0,-0.9961946980917455,0.08715574274765789
2013324N07103,2013,LEHAR,2013-11-26 03:00:00,TS,12.5,90.1,70.0,982.0,9,275,12.5,90.5,12.4,90.9,12.6,89.6,12.9,89.1,13.0,88.5,13.3,87.5,13.6,86.5,-0.9961946980917455,0.08715574274765789
2013324N07103,2013,LEHAR,2013-11-26 06:00:00,TS,12.6,89.6,70.0,982.0,9,290,12.5,90.1,12.5,90.5,12.9,89.1,13.0,88.7,13.2,88.1,13.6,87.0,13.9,86.0,-0.9396926207859083,0.342020143325669
2013324N07103,2013,LEHAR,2013-11-26 09:00:00,TS,12.9,89.1,70.0,982.0,9,290,12.6,89.6,12.5,90.1,13.0,88.7,13.0,88.5,13.3,87.5,13.6,86.5,14.0,85.5,-0.9396926207859083,0.342020143325669
2013324N07103,2013,LEHAR,2013-11-26 12:00:00,TS,13.0,88.7,70.0,982.0,6,280,12.9,89.1,12.6,89.6,13.0,88.5,13.2,88.1,13.6,87.0,13.9,86.0,14.2,85.1,-0.9848077530122081,0.17364817766692997
2013324N07103,2013,LEHAR,2013-11-26 15:00:00,TS,13.0,88.5,70.0,982.0,7,290,13.0,88.7,12.9,89.1,13.2,88.1,13.3,87.5,13.6,86.5,14.0,85.5,14.2,84.6,-0.9396926207859083,0.342020143325669
2013324N07103,2013,LEHAR,2013-11-26 18:00:00,TS,13.2,88.1,75.0,980.0,10,285,13.0,88.5,13.0,88.7,13.3,87.5,13.6,87.0,13.9,86.0,14.2,85.1,14.6,84.1,-0.9659258262890684,0.2588190451025203
2013324N07103,2013,LEHAR,2013-11-26 21:00:00,TS,13.3,87.5,75.0,980.0,11,290,13.2,88.1,13.0,88.5,13.6,87.0,13.6,86.5,14.0,85.5,14.2,84.6,14.7,83.6,-0.9396926207859083,0.342020143325669
2013324N07103,2013,LEHAR,2013-11-27 00:00:00,TS,13.6,87.0,75.0,980.0,11,290,13.3,87.5,13.2,88.1,13.6,86.5,13.9,86.0,14.2,85.1,14.6,84.1,15.1,82.5,-0.9396926207859083,0.342020143325669
2013324N07103,2013,LEHAR,2013-11-27 03:00:00,TS,13.6,86.5,75.0,980.0,11,290,13.6,87.0,13.3,87.5,13.9,86.0,14.0,85.5,14.2,84.6,14.7,83.6,15.3,82.1,-0.9396926207859083,0.342020143325669
2013324N07103,2013,LEHAR,2013-11-27 06:00:00,TS,13.9,86.0,70.0,982.0,10,290,13.6,86.5,13.6,87.0,14.0,85.5,14.2,85.1,14.6,84.1,15.1,82.5,15.3,81.7,-0.9396926207859083,0.342020143325669
2013324N07103,2013,LEHAR,2013-11-27 09:00:00,TS,14.0,85.5,65.0,984.0,9,285,13.9,86.0,13.6,86.5,14.2,85.1,14.2,84.6,14.7,83.6,15.3,82.1,15.5,81.4,-0.9659258262890684,0.2588190451025203
2013324N07103,2013,LEHAR,2013-11-27 12:00:00,TS,14.2,85.1,55.0,988.0,9,290,14.0,85.5,13.9,86.0,14.2,84.6,14.6,84.1,15.1,82.5,15.3,81.7,15.5,81.0,-0.9396926207859083,0.342020143325669
2013324N07103,2013,LEHAR,2013-11-27 15:00:00,TS,14.2,84.6,55.0,988.0,10,290,14.2,85.1,14.0,85.5,14.6,84.1,14.7,83.6,15.3,82.1,15.5,81.4,15.4,80.6,-0.9396926207859083,0.342020143325669
2013324N07103,2013,LEHAR,2013-11-27 18:00:00,TS,14.6,84.1,45.0,996.0,11,295,14.2,84.6,14.2,85.1,14.7,83.6,15.1,82.5,15.3,81.7,15.5,81.0,15.4,80.0,-0.9063077870366499,0.4226182617406996
2013324N07103,2013,LEHAR,2013-11-27 21:00:00,TS,14.7,83.6,40.0,998.0,16,290,14.6,84.1,14.2,84.6,15.1,82.5,15.3,82.1,15.5,81.4,15.4,80.6,15.7,79.4,-0.9396926207859083,0.342020143325669
2013324N07103,2013,LEHAR,2013-11-28 00:00:00,TS,15.1,82.5,30.0,1000.0,15,295,14.7,83.6,14.6,84.1,15.3,82.1,15.3,81.7,15.5,81.0,15.4,80.0,16.1,78.8,-0.9063077870366499,0.4226182617406996
2013339N09084,2013,MADI,2013-12-05 06:00:00,DS,9.1,84.1,,,2,295,9.1,84.2,9.0,84.3,9.1,84.0,9.2,83.9,9.4,83.8,9.6,83.7,9.8,83.8,-0.9063077870366499,0.4226182617406996
2013339N09084,2013,MADI,2013-12-05 09:00:00,DS,9.1,84.0,,,2,295,9.1,84.1,9.1,84.2,9.2,83.9,9.3,83.8,9.5,83.7,9.7,83.7,9.9,83.9,-0.9063077870366499,0.4226182617406996
2013339N09084,2013,MADI,2013-12-05 12:00:00,TS,9.2,83.9,,,2,315,9.1,84.0,9.1,84.1,9.3,83.8,9.4,83.8,9.6,83.7,9.8,83.8,10.0,83.9,-0.7071067811865477,0.7071067811865474
2013339N09084,2013,MADI,2013-12-05 15:00:00,TS,9.3,83.8,,,2,335,9.2,83.9,9.1,84.0,9.4,83.8,9.5,83.7,9.7,83.7,9.9,83.9,10.1,83.9,-0.4226182617406992,0.90630778703665
2013339N09084,2013,MADI,2013-12-05 18:00:00,TS,9.4,83.8,,,2,335,9.3,83.8,9.2,83.9,9.5,83.7,9.6,83.7,9.8,83.8,10.0,83.9,10.2,84.0,-0.4226182617406992,0.90630778703665
2013339N09084,2013,MADI,2013-12-05 21:00:00,TS,9.5,83.7,,,2,335,9.4,83.8,9.3,83.8,9.6,83.7,9.7,83.7,9.9,83.9,10.1,83.9,10.3,84.0,-0.4226182617406992,0.90630778703665
2013339N09084,2013,MADI,2013-12-06 00:00:00,TS,9.6,83.7,,,2,0,9.5,83.7,9.4,83.8,9.7,83.7,9.8,83.8,10.0,83.9,10.2,84.0,10.4,84.1,0.0,1.0
2013339N09084,2013,MADI,2013-12-06 03:00:00,TS,9.7,83.7,25.0,1004.0,2,25,9.6,83.7,9.5,83.7,9.8,83.8,9.9,83.9,10.1,83.9,10.3,84.0,10.4,84.2,0.42261826174069944,0.9063077870366499
2013339N09084,2013,MADI,2013-12-06 06:00:00,TS,9.8,83.8,25.0,1004.0,2,35,9.7,83.7,9.6,83.7,9.9,83.9,10.0,83.9,10.2,84.0,10.4,84.1,10.5,84.3,0.573576436351046,0.8191520442889918
2013339N09084,2013,MADI,2013-12-06 09:00:00,TS,9.9,83.9,25.0,1004.0,2,25,9.8,83.8,9.7,83.7,10.0,83.9,10.1,83.9,10.3,84.0,10.4,84.2,10.7,84.3,0.42261826174069944,0.9063077870366499
2013339N09084,2013,MADI,2013-12-06 12:00:00,TS,10.0,83.9,25.0,1004.0,2,20,9.9,83.9,9.8,83.8,10.1,83.9,10.2,84.0,10.4,84.1,10.5,84.3,10.9,84.4,0.3420201433256687,0.9396926207859084
2013339N09084,2013,MADI,2013-12-06 15:00:00,TS,10.1,83.9,28.0,1003.0,2,15,10.0,83.9,9.9,83.9,10.2,84.0,10.3,84.0,10.4,84.2,10.7,84.3,11.0,84.5,0.25881904510252074,0.9659258262890683
2013339N09084,2013,MADI,2013-12-06 18:00:00,TS,10.2,84.0,30.0,1002.0,2,30,10.1,83.9,10.0,83.9,10.3,84.0,10.4,84.1,10.5,84.3,10.9,84.4,11.3,84.5,0.49999999999999994,0.8660254037844387
2013339N09084,2013,MADI,2013-12-06 21:00:00,TS,10.3,84.0,33.0,1000.0,2,45,10.2,84.0,10.1,83.9,10.4,84.1,10.4,84.2,10.7,84.3,11.0,84.5,11.5,84.5,0.7071067811865475,0.7071067811865476
2013339N09084,2013,MADI,2013-12-07 00:00:00,TS,10.4,84.1,35.0,998.0,2,50,10.3,84.0,10.2,84.0,10.4,84.2,10.5,84.3,10.9,84.4,11.3,84.5,11.9,84.6,0.766044443118978,0.6427876096865394
2013339N09084,2013,MADI,2013-12-07 03:00:00,TS,10.4,84.2,35.0,998.0,2,35,10.4,84.1,10.3,84.0,10.5,84.3,10.7,84.3,11.0,84.5,11.5,84.5,12.1,84.6,0.573576436351046,0.8191520442889918
2013339N09084,2013,MADI,2013-12-07 06:00:00,TS,10.5,84.3,45.0,996.0,3,30,10.4,84.2,10.4,84.1,10.7,84.3,10.9,84.4,11.3,84.5,11.9,84.6,12.4,84.7,0.49999999999999994,0.8660254037844387
2013339N09084,2013,MADI,2013-12-07 09:00:00,TS,10.7,84.3,55.0,992.0,4,25,10.5,84.3,10.4,84.2,10.9,84.4,11.0,84.5,11.5,84.5,12.1,84.6,12.6,84.7,0.42261826174069944,0.9063077870366499
2013339N09084,2013,MADI,2013-12-07 12:00:00,TS,10.9,84.4,55.0,992.0,4,25,10.7,84.3,10.5,84.3,11.0,84.5,11.3,84.5,11.9,84.6,12.4,84.7,13.0,84.7,0.42261826174069944,0.9063077870366499
2013339N09084,2013,MADI,2013-12-07 15:00:00,TS,11.0,84.5,55.0,992.0,4,15,10.9,84.4,10.7,84.3,11.3,84.5,11.5,84.5,12.1,84.6,12.6,84.7,13.2,84.7,0.25881904510252074,0.9659258262890683
2013339N09084,2013,MADI,2013-12-07 18:00:00,TS,11.3,84.5,55.0,990.0,5,5,11.0,84.5,10.9,84.4,11.5,84.5,11.9,84.6,12.4,84.7,13.0,84.7,13.4,84.6,0.08715574274765817,0.9961946980917455
2013339N09084,2013,MADI,2013-12-07 21:00:00,TS,11.5,84.5,55.0,990.0,6,5,11.3,84.5,11.0,84.5,11.9,84.6,12.1,84.6,12.6,84.7,13.2,84.7,13.6,84.6,0.08715574274765817,0.9961946980917455
2013339N09084,2013,MADI,2013-12-08 00:00:00,TS,11.9,84.6,60.0,988.0,5,5,11.5,84.5,11.3,84.5,12.1,84.6,12.4,84.7,13.0,84.7,13.4,84.6,13.9,84.6,0.08715574274765817,0.9961946980917455
2013339N09084,2013,MADI,2013-12-08 03:00:00,TS,12.1,84.6,60.0,988.0,5,15,11.9,84.6,11.5,84.5,12.4,84.7,12.6,84.7,13.2,84.7,13.6,84.6,14.1,84.7,0.25881904510252074,0.9659258262890683
2013339N09084,2013,MADI,2013-12-08 06:00:00,TS,12.4,84.7,65.0,986.0,6,10,12.1,84.6,11.9,84.6,12.6,84.7,13.0,84.7,13.4,84.6,13.9,84.6,14.3,84.7,0.17364817766693033,0.984807753012208
2013339N09084,2013,MADI,2013-12-08 09:00:00,TS,12.6,84.7,65.0,986.0,6,0,12.4,84.7,12.1,84.6,13.0,84.7,13.2,84.7,13.6,84.6,14.1,84.7,14.4,84.7,0.0,1.0
2013339N09084,2013,MADI,2013-12-08 12:00:00,TS,13.0,84.7,65.0,986.0,6,355,12.6,84.7,12.4,84.7,13.2,84.7,13.4,84.6,13.9,84.6,14.3,84.7,14.6,84.8,-0.08715574274765832,0.9961946980917455
2013339N09084,2013,MADI,2013-12-08 15:00:00,TS,13.2,84.7,65.0,986.0,5,355,13.0,84.7,12.6,84.7,13.4,84.6,13.6,84.6,14.1,84.7,14.4,84.7,14.7,84.8,-0.08715574274765832,0.9961946980917455
2013339N09084,2013,MADI,2013-12-08 18:00:00,TS,13.4,84.6,65.0,986.0,5,355,13.2,84.7,13.0,84.7,13.6,84.6,13.9,84.6,14.3,84.7,14.6,84.8,14.8,84.9,-0.08715574274765832,0.9961946980917455
2013339N09084,2013,MADI,2013-12-08 21:00:00,TS,13.6,84.6,65.0,986.0,5,0,13.4,84.6,13.2,84.7,13.9,84.6,14.1,84.7,14.4,84.7,14.7,84.8,14.8,84.9,0.0,1.0
2013339N09084,2013,MADI,2013-12-09 00:00:00,TS,13.9,84.6,65.0,986.0,4,0,13.6,84.6,13.4,84.6,14.1,84.7,14.3,84.7,14.6,84.8,14.8,84.9,15.0,85.1,0.0,1.0
2013339N09084,2013,MADI,2013-12-09 03:00:00,TS,14.1,84.7,65.0,986.0,5,5,13.9,84.6,13.6,84.6,14.3,84.7,14.4,84.7,14.7,84.8,14.8,84.9,15.3,85.3,0.08715574274765817,0.9961946980917455
2013339N09084,2013,MADI,2013-12-09 06:00:00,TS,14.3,84.7,65.0,986.0,4,10,14.1,84.7,13.9,84.6,14.4,84.7,14.6,84.8,14.8,84.9,15.0,85.1,15.4,85.3,0.17364817766693033,0.984807753012208
2013339N09084,2013,MADI,2013-12-09 09:00:00,TS,14.4,84.7,65.0,986.0,3,15,14.3,84.7,14.1,84.7,14.6,84.8,14.7,84.8,14.8,84.9,15.3,85.3,15.5,85.2,0.25881904510252074,0.9659258262890683
2013339N09084,2013,MADI,2013-12-09 12:00:00,TS,14.6,84.8,60.0,988.0,3,15,14.4,84.7,14.3,84.7,14.7,84.8,14.8,84.9,15.0,85.1,15.4,85.3,15.3,85.0,0.25881904510252074,0.9659258262890683
2013339N09084,2013,MADI,2013-12-09 15:00:00,TS,14.7,84.8,60.0,988.0,2,25,14.6,84.8,14.4,84.7,14.8,84.9,14.8,84.9,15.3,85.3,15.5,85.2,15.1,84.7,0.42261826174069944,0.9063077870366499
2013339N09084,2013,MADI,2013-12-09 18:00:00,TS,14.8,84.9,60.0,988.0,2,30,14.7,84.8,14.6,84.8,14.8,84.9,15.0,85.1,15.4,85.3,15.3,85.0,14.9,84.6,0.49999999999999994,0.8660254037844387
2013339N09084,2013,MADI,2013-12-09 21:00:00,TS,14.8,84.9,60.0,988.0,2,35,14.8,84.9,14.7,84.8,15.0,85.1,15.3,85.3,15.5,85.2,15.1,84.7,14.7,84.4,0.573576436351046,0.8191520442889918
2013339N09084,2013,MADI,2013-12-10 00:00:00,TS,15.0,85.1,60.0,988.0,5,40,14.8,84.9,14.8,84.9,15.3,85.3,15.4,85.3,15.3,85.0,14.9,84.6,14.4,84.1,0.6427876096865393,0.766044443118978
2013339N09084,2013,MADI,2013-12-10 03:00:00,TS,15.3,85.3,65.0,988.0,5,30,15.0,85.1,14.8,84.9,15.4,85.3,15.5,85.2,15.1,84.7,14.7,84.4,14.1,83.8,0.49999999999999994,0.8660254037844387
2013339N09084,2013,MADI,2013-12-10 06:00:00,TS,15.4,85.3,65.0,988.0,3,350,15.3,85.3,15.0,85.1,15.5,85.2,15.3,85.0,14.9,84.6,14.4,84.1,13.8,83.6,-0.1736481776669304,0.984807753012208
2013339N09084,2013,MADI,2013-12-10 09:00:00,TS,15.5,85.2,65.0,988.0,4,255,15.4,85.3,15.3,85.3,15.3,85.0,15.1,84.7,14.7,84.4,14.1,83.8,13.6,83.4,-0.9659258262890683,-0.25881904510252063
2013339N09084,2013,MADI,2013-12-10 12:00:00,TS,15.3,85.0,55.0,990.0,7,225,15.5,85.2,15.4,85.3,15.1,84.7,14.9,84.6,14.4,84.1,13.8,83.6,13.4,83.3,-0.7071067811865475,-0.7071067811865477
2013339N09084,2013,MADI,2013-12-10 15:00:00,TS,15.1,84.7,55.0,990.0,6,225,15.3,85.0,15.5,85.2,14.9,84.6,14.7,84.4,14.1,83.8,13.6,83.4,13.1,83.0,-0.7071067811865475,-0.7071067811865477
2013339N09084,2013,MADI,2013-12-10 18:00:00,TS,14.9,84.6,50.0,992.0,5,215,15.1,84.7,15.3,85.0,14.7,84.4,14.4,84.1,13.8,83.6,13.4,83.3,12.9,82.7,-0.5735764363510462,-0.8191520442889918
2013339N09084,2013,MADI,2013-12-10 21:00:00,TS,14.7,84.4,45.0,994.0,7,220,14.9,84.6,15.1,84.7,14.4,84.1,14.1,83.8,13.6,83.4,13.1,83.0,12.6,82.4,-0.6427876096865393,-0.766044443118978
2013339N09084,2013,MADI,2013-12-11 00:00:00,TS,14.4,84.1,40.0,996.0,8,225,14.7,84.4,14.9,84.6,14.1,83.8,13.8,83.6,13.4,83.3,12.9,82.7,12.3,82.0,-0.7071067811865475,-0.7071067811865477
2013339N09084,2013,MADI,2013-12-11 03:00:00,TS,14.1,83.8,30.0,998.0,8,220,14.4,84.1,14.7,84.4,13.8,83.6,13.6,83.4,13.1,83.0,12.6,82.4,11.9,81.5,-0.6427876096865393,-0.766044443118978
2013339N09084,2013,MADI,2013-12-11 06:00:00,TS,13.8,83.6,30.0,998.0,7,215,14.1,83.8,14.4,84.1,13.6,83.4,13.4,83.3,12.9,82.7,12.3,82.0,11.4,81.2,-0.5735764363510462,-0.8191520442889918
2013339N09084,2013,MADI,2013-12-11 09:00:00,TS,13.6,83.4,30.0,1000.0,6,215,13.8,83.6,14.1,83.8,13.4,83.3,13.1,83.0,12.6,82.4,11.9,81.5,10.9,80.8,-0.5735764363510462,-0.8191520442889918
2013339N09084,2013,MADI,2013-12-11 12:00:00,TS,13.4,83.3,30.0,1000.0,6,220,13.6,83.4,13.8,83.6,13.1,83.0,12.9,82.7,12.3,82.0,11.4,81.2,10.4,80.3,-0.6427876096865393,-0.766044443118978
2013339N09084,2013,MADI,2013-12-11 15:00:00,TS,13.1,83.0,28.0,1000.0,7,225,13.4,83.3,13.6,83.4,12.9,82.7,12.6,82.4,11.9,81.5,10.9,80.8,10.2,79.6,-0.7071067811865475,-0.7071067811865477
2013339N09084,2013,MADI,2013-12-11 18:00:00,TS,12.9,82.7,25.0,1000.0,8,230,13.1,83.0,13.4,83.3,12.6,82.4,12.3,82.0,11.4,81.2,10.4,80.3,10.0,78.8,-0.7660444431189779,-0.6427876096865395
2014003N08086,2014,UNNAMED,2014-01-03 00:00:00,DS,7.7,85.1,,,4,290,7.6,85.3,7.6,85.5,7.8,84.9,7.9,84.8,8.2,84.6,8.5,84.3,8.8,83.8,-0.9396926207859083,0.342020143325669
2014003N08086,2014,UNNAMED,2014-01-03 03:00:00,DS,7.8,84.9,,,4,305,7.7,85.1,7.6,85.3,7.9,84.8,8.0,84.7,8.3,84.5,8.7,84.1,8.8,83.5,-0.8191520442889918,0.573576436351046
2014003N08086,2014,UNNAMED,2014-01-03 06:00:00,TS,7.9,84.8,,,3,320,7.8,84.9,7.7,85.1,8.0,84.7,8.2,84.6,8.5,84.3,8.8,83.8,9.0,83.2,-0.6427876096865396,0.7660444431189778
2014003N08086,2014,UNNAMED,2014-01-03 09:00:00,TS,8.0,84.7,,,4,325,7.9,84.8,7.8,84.9,8.2,84.6,8.3,84.5,8.7,84.1,8.8,83.5,9.1,83.0,-0.5735764363510465,0.8191520442889916
2014003N08086,2014,UNNAMED,2014-01-03 12:00:00,TS,8.2,84.6,,,4,325,8.0,84.7,7.9,84.8,8.3,84.5,8.5,84.3,8.8,83.8,9.0,83.2,9.1,82.9,-0.5735764363510465,0.8191520442889916
2014003N08086,2014,UNNAMED,2014-01-03 15:00:00,TS,8.3,84.5,,,4,315,8.2,84.6,8.0,84.7,8.5,84.3,8.7,84.1,8.8,83.5,9.1,83.0,9.1,82.7,-0.7071067811865477,0.7071067811865474
2014003N08086,2014,UNNAMED,2014-01-03 18:00:00,TS,8.5,84.3,,,5,305,8.3,84.5,8.2,84.6,8.7,84.1,8.8,83.8,9.0,83.2,9.1,82.9,9.2,82.5,-0.8191520442889918,0.573576436351046
2014003N08086,2014,UNNAMED,2014-01-03 21:00:00,TS,8.7,84.1,,,6,300,8.5,84.3,8.3,84.5,8.8,83.8,8.8,83.5,9.1,83.0,9.1,82.7,9.3,82.2,-0.8660254037844386,0.5000000000000001
2014003N08086,2014,UNNAMED,2014-01-04 00:00:00,TS,8.8,83.8,,,5,290,8.7,84.1,8.5,84.3,8.8,83.5,9.0,83.2,9.1,82.9,9.2,82.5,9.3,82.1,-0.9396926207859083,0.342020143325669
2014003N08086,2014,UNNAMED,2014-01-04 03:00:00,TS,8.8,83.5,25.0,1006.0,6,290,8.8,83.8,8.7,84.1,9.0,83.2,9.1,83.0,9.1,82.7,9.3,82.2,9.3,82.0,-0.9396926207859083,0.342020143325669
2014003N08086,2014,UNNAMED,2014-01-04 06:00:00,TS,9.0,83.2,25.0,1006.0,6,295,8.8,83.5,8.8,83.8,9.1,83.0,9.1,82.9,9.2,82.5,9.3,82.1,9.3,81.9,-0.9063077870366499,0.4226182617406996
2014003N08086,2014,UNNAMED,2014-01-04 09:00:00,TS,9.1,83.0,25.0,1006.0,3,280,9.0,83.2,8.8,83.5,9.1,82.9,9.1,82.7,9.3,82.2,9.3,82.0,9.3,81.7,-0.9848077530122081,0.17364817766692997
2014003N08086,2014,UNNAMED,2014-01-04 12:00:00,TS,9.1,82.9,25.0,1006.0,3,280,9.1,83.0,9.0,83.2,9.1,82.7,9.2,82.5,9.3,82.1,9.3,81.9,9.3,81.6,-0.9848077530122081,0.17364817766692997
2014003N08086,2014,UNNAMED,2014-01-04 15:00:00,TS,9.1,82.7,25.0,1006.0,5,290,9.1,82.9,9.1,83.0,9.2,82.5,9.3,82.2,9.3,82.0,9.3,81.7,9.3,81.5,-0.9396926207859083,0.342020143325669
2014003N08086,2014,UNNAMED,2014-01-04 18:00:00,TS,9.2,82.5,25.0,1006.0,5,290,9.1,82.7,9.1,82.9,9.3,82.2,9.3,82.1,9.3,81.9,9.3,81.6,9.3,81.4,-0.9396926207859083,0.342020143325669
2014003N08086,2014,UNNAMED,2014-01-04 21:00:00,TS,9.3,82.2,25.0,1006.0,4,285,9.2,82.5,9.1,82.7,9.3,82.1,9.3,82.0,9.3,81.7,9.3,81.5,9.3,81.4,-0.9659258262890684,0.2588190451025203
2014003N08086,2014,UNNAMED,2014-01-05 00:00:00,TS,9.3,82.1,25.0,1006.0,2,280,9.3,82.2,9.2,82.5,9.3,82.0,9.3,81.9,9.3,81.6,9.3,81.4,9.3,81.3,-0.9848077530122081,0.17364817766692997
2014003N08086,2014,UNNAMED,2014-01-05 03:00:00,TS,9.3,82.0,25.0,1006.0,2,270,9.3,82.1,9.3,82.2,9.3,81.9,9.3,81.7,9.3,81.5,9.3,81.4,9.3,81.1,-1.0,-1.8369701987210297e-16
2014003N08086,2014,UNNAMED,2014-01-05 06:00:00,TS,9.3,81.9,25.0,1006.0,3,270,9.3,82.0,9.3,82.1,9.3,81.7,9.3,81.6,9.3,81.4,9.3,81.3,9.1,80.9,-1.0,-1.8369701987210297e-16
2014003N08086,2014,UNNAMED,2014-01-05 09:00:00,TS,9.3,81.7,25.0,1005.0,2,270,9.3,81.9,9.3,82.0,9.3,81.6,9.3,81.5,9.3,81.4,9.3,81.1,8.9,80.7,-1.0,-1.8369701987210297e-16
2014003N08086,2014,UNNAMED,2014-01-05 12:00:00,TS,9.3,81.6,25.0,1004.0,2,270,9.3,81.7,9.3,81.9,9.3,81.5,9.3,81.4,9.3,81.3,9.1,80.9,8.8,80.6,-1.0,-1.8369701987210297e-16
2014003N08086,2014,UNNAMED,2014-01-05 15:00:00,TS,9.3,81.5,25.0,1004.0,2,270,9.3,81.6,9.3,81.7,9.3,81.4,9.3,81.4,9.3,81.1,8.9,80.7,8.7,80.5,-1.0,-1.8369701987210297e-16
2014003N08086,2014,UNNAMED,2014-01-05 18:00:00,TS,9.3,81.4,25.0,1004.0,1,270,9.3,81.5,9.3,81.6,9.3,81.4,9.3,81.3,9.1,80.9,8.8,80.6,8.4,80.3,-1.0,-1.8369701987210297e-16
2014003N08086,2014,UNNAMED,2014-01-05 21:00:00,TS,9.3,81.4,25.0,1004.0,1,270,9.3,81.4,9.3,81.5,9.3,81.3,9.3,81.1,8.9,80.7,8.7,80.5,8.2,80.1,-1.0,-1.8369701987210297e-16
2014003N08086,2014,UNNAMED,2014-01-06 00:00:00,TS,9.3,81.3,25.0,1004.0,3,275,9.3,81.4,9.3,81.4,9.3,81.1,9.1,80.9,8.8,80.6,8.4,80.3,7.9,79.9,-0.9961946980917455,0.08715574274765789
2014003N08086,2014,UNNAMED,2014-01-06 03:00:00,TS,9.3,81.1,25.0,1006.0,5,240,9.3,81.3,9.3,81.4,9.1,80.9,8.9,80.7,8.7,80.5,8.2,80.1,7.7,79.8,-0.8660254037844384,-0.5000000000000004
2014003N08086,2014,UNNAMED,2014-01-06 06:00:00,TS,9.1,80.9,25.0,1006.0,5,220,9.3,81.1,9.3,81.3,8.9,80.7,8.8,80.6,8.4,80.3,7.9,79.9,7.6,79.6,-0.6427876096865393,-0.766044443118978
2014003N08086,2014,UNNAMED,2014-01-06 09:00:00,TS,8.9,80.7,25.0,1006.0,3,220,9.1,80.9,9.3,81.1,8.8,80.6,8.7,80.5,8.2,80.1,7.7,79.8,7.5,79.4,-0.6427876096865393,-0.766044443118978
2014003N08086,2014,UNNAMED,2014-01-06 12:00:00,TS,8.8,80.6,25.0,1006.0,3,220,8.9,80.7,9.1,80.9,8.7,80.5,8.4,80.3,7.9,79.9,7.6,79.6,7.4,79.2,-0.6427876096865393,-0.766044443118978
2014003N08086,2014,UNNAMED,2014-01-06 15:00:00,TS,8.7,80.5,25.0,1006.0,5,220,8.8,80.6,8.9,80.7,8.4,80.3,8.2,80.1,7.7,79.8,7.5,79.4,7.4,79.1,-0.6427876096865393,-0.766044443118978
2014003N08086,2014,UNNAMED,2014-01-06 18:00:00,TS,8.4,80.3,25.0,1006.0,6,220,8.7,80.5,8.8,80.6,8.2,80.1,7.9,79.9,7.6,79.6,7.4,79.2,7.5,78.9,-0.6427876096865393,-0.766044443118978
2014003N08086,2014,UNNAMED,2014-01-06 21:00:00,TS,8.2,80.1,25.0,1006.0,7,220,8.4,80.3,8.7,80.5,7.9,79.9,7.7,79.8,7.5,79.4,7.4,79.1,7.6,78.7,-0.6427876096865393,-0.766044443118978
2014003N08086,2014,UNNAMED,2014-01-07 00:00:00,TS,7.9,79.9,25.0,1006.0,6,220,8.2,80.1,8.4,80.3,7.7,79.8,7.6,79.6,7.4,79.2,7.5,78.9,7.7,78.5,-0.6427876096865393,-0.766044443118978
2014003N08086,2014,UNNAMED,2014-01-07 03:00:00,TS,7.7,79.8,,,5,225,7.9,79.9,8.2,80.1,7.6,79.6,7.5,79.4,7.4,79.1,7.6,78.7,7.7,78.3,-0.7071067811865475,-0.7071067811865477
2014003N08086,2014,UNNAMED,2014-01-07 06:00:00,TS,7.6,79.6,,,4,235,7.7,79.8,7.9,79.9,7.5,79.4,7.4,79.2,7.5,78.9,7.7,78.5,7.8,78.0,-0.8191520442889916,-0.5735764363510464
2014003N08086,2014,UNNAMED,2014-01-07 09:00:00,TS,7.5,79.4,,,4,245,7.6,79.6,7.7,79.8,7.4,79.2,7.4,79.1,7.6,78.7,7.7,78.3,7.9,77.6,-0.90630778703665,-0.42261826174069916
2014003N08086,2014,UNNAMED,2014-01-07 12:00:00,TS,7.4,79.2,,,4,260,7.5,79.4,7.6,79.6,7.4,79.1,7.5,78.9,7.7,78.5,7.8,78.0,8.0,77.1,-0.984807753012208,-0.17364817766693033
2014141N16091,2014,UNNAMED,2014-05-21 09:00:00,TS,16.3,90.7,25.0,1003.0,7,45,16.0,90.5,15.5,90.5,16.5,91.0,16.5,91.0,16.5,91.5,16.5,92.0,17.3,92.4,0.7071067811865475,0.7071067811865476
2014141N16091,2014,UNNAMED,2014-05-21 12:00:00,TS,16.5,91.0,25.0,1002.0,3,45,16.3,90.7,16.0,90.5,16.5,91.0,16.5,91.0,16.5,92.0,17.0,92.5,17.5,92.0,0.7071067811865475,0.7071067811865476
2014141N16091,2014,UNNAMED,2014-05-21 15:00:00,TS,16.5,91.0,25.0,1002.0,0,0,16.5,91.0,16.3,90.7,16.5,91.0,16.5,91.5,16.5,92.0,17.3,92.4,17.6,92.0,0.0,1.0
2014141N16091,2014,UNNAMED,2014-05-21 18:00:00,TS,16.5,91.0,25.0,1002.0,5,95,16.5,91.0,16.5,91.0,16.5,91.5,16.5,92.0,17.0,92.5,17.5,92.0,17.5,92.0,0.9961946980917455,-0.08715574274765824
2014141N16091,2014,UNNAMED,2014-05-21 21:00:00,TS,16.5,91.5,25.0,1001.0,10,90,16.5,91.0,16.5,91.0,16.5,92.0,16.5,92.0,17.3,92.4,17.6,92.0,17.3,91.6,1.0,6.123233995736766e-17
2014141N16091,2014,UNNAMED,2014-05-22 00:00:00,TS,16.5,92.0,25.0,1000.0,4,90,16.5,91.5,16.5,91.0,16.5,92.0,17.0,92.5,17.5,92.0,17.5,92.0,17.0,91.0,1.0,6.123233995736766e-17
2014159N12068,2014,NANAUK,2014-06-08 12:00:00,DS,12.8,68.0,,,4,320,12.6,68.1,12.4,68.3,12.9,67.9,13.0,67.8,13.2,67.6,13.4,67.7,13.8,68.5,-0.6427876096865396,0.7660444431189778
2014159N12068,2014,NANAUK,2014-06-08 15:00:00,DS,12.9,67.9,,,3,315,12.8,68.0,12.6,68.1,13.0,67.8,13.1,67.7,13.3,67.6,13.6,68.1,14.1,68.9,-0.7071067811865477,0.7071067811865474
2014159N12068,2014,NANAUK,2014-06-08 18:00:00,TS,13.0,67.8,,,3,310,12.9,67.9,12.8,68.0,13.1,67.7,13.2,67.6,13.4,67.7,13.8,68.5,14.5,69.2,-0.7660444431189781,0.6427876096865393
2014159N12068,2014,NANAUK,2014-06-08 21:00:00,TS,13.1,67.7,,,3,315,13.0,67.8,12.9,67.9,13.2,67.6,13.3,67.6,13.6,68.1,14.1,68.9,14.8,69.2,-0.7071067811865477,0.7071067811865474
2014159N12068,2014,NANAUK,2014-06-09 00:00:00,TS,13.2,67.6,,,2,330,13.1,67.7,13.0,67.8,13.3,67.6,13.4,67.7,13.8,68.5,14.5,69.2,15.1,69.0,-0.5000000000000004,0.8660254037844384
2014159N12068,2014,NANAUK,2014-06-09 03:00:00,TS,13.3,67.6,,,2,25,13.2,67.6,13.1,67.7,13.4,67.7,13.6,68.1,14.1,68.9,14.8,69.2,15.4,68.8,0.42261826174069944,0.9063077870366499
2014159N12068,2014,NANAUK,2014-06-09 06:00:00,TS,13.4,67.7,,,5,60,13.3,67.6,13.2,67.6,13.6,68.1,13.8,68.5,14.5,69.2,15.1,69.0,15.7,68.6,0.8660254037844386,0.5000000000000001
2014159N12068,2014,NANAUK,2014-06-09 09:00:00,TS,13.6,68.1,,,9,65,13.4,67.7,13.3,67.6,13.8,68.5,14.1,68.9,14.8,69.2,15.4,68.8,15.8,68.4,0.9063077870366499,0.42261826174069944
2014159N12068,2014,NANAUK,2014-06-09 12:00:00,TS,13.8,68.5,,,10,55,13.6,68.1,13.4,67.7,14.1,68.9,14.5,69.2,15.1,69.0,15.7,68.6,16.1,68.1,0.8191520442889918,0.5735764363510462
2014159N12068,2014,NANAUK,2014-06-09 15:00:00,TS,14.1,68.9,,,10,45,13.8,68.5,13.6,68.1,14.5,69.2,14.8,69.2,15.4,68.8,15.8,68.4,16.3,67.8,0.7071067811865475,0.7071067811865476
2014159N12068,2014,NANAUK,2014-06-09 18:00:00,TS,14.5,69.2,,,7,20,14.1,68.9,13.8,68.5,14.8,69.2,15.1,69.0,15.7,68.6,16.1,68.1,16.5,67.6,0.3420201433256687,0.9396926207859084
2014159N12068,2014,NANAUK,2014-06-09 21:00:00,TS,14.8,69.2,,,6,340,14.5,69.2,14.1,68.9,15.1,69.0,15.4,68.8,15.8,68.4,16.3,67.8,16.5,67.4,-0.3420201433256686,0.9396926207859084
2014159N12068,2014,NANAUK,2014-06-10 00:00:00,TS,15.1,69.0,,,7,330,14.8,69.2,14.5,69.2,15.4,68.8,15.7,68.6,16.1,68.1,16.5,67.6,16.6,67.2,-0.5000000000000004,0.8660254037844384
2014159N12068,2014,NANAUK,2014-06-10 03:00:00,TS,15.4,68.8,,,7,325,15.1,69.0,14.8,69.2,15.7,68.6,15.8,68.4,16.3,67.8,16.5,67.4,16.7,67.0,-0.5735764363510465,0.8191520442889916
2014159N12068,2014,NANAUK,2014-06-10 06:00:00,TS,15.7,68.6,,,6,315,15.4,68.8,15.1,69.0,15.8,68.4,16.1,68.1,16.5,67.6,16.6,67.2,17.0,66.7,-0.7071067811865477,0.7071067811865474
2014159N12068,2014,NANAUK,2014-06-10 09:00:00,TS,15.8,68.4,25.0,998.0,6,305,15.7,68.6,15.4,68.8,16.1,68.1,16.3,67.8,16.5,67.4,16.7,67.0,17.1,66.5,-0.8191520442889918,0.573576436351046
2014159N12068,2014,NANAUK,2014-06-10 12:00:00,TS,16.1,68.1,25.0,996.0,7,310,15.8,68.4,15.7,68.6,16.3,67.8,16.5,67.6,16.6,67.2,17.0,66.7,17.4,66.2,-0.7660444431189781,0.6427876096865393
2014159N12068,2014,NANAUK,2014-06-10 15:00:00,TS,16.3,67.8,28.0,995.0,6,310,16.1,68.1,15.8,68.4,16.5,67.6,16.5,67.4,16.7,67.0,17.1,66.5,17.6,66.0,-0.7660444431189781,0.6427876096865393
2014159N12068,2014,NANAUK,2014-06-10 18:00:00,TS,16.5,67.6,30.0,994.0,4,295,16.3,67.8,16.1,68.1,16.5,67.4,16.6,67.2,17.0,66.7,17.4,66.2,17.6,65.8,-0.9063077870366499,0.4226182617406996
2014159N12068,2014,NANAUK,2014-06-10 21:00:00,TS,16.5,67.4,33.0,993.0,4,285,16.5,67.6,16.3,67.8,16.6,67.2,16.7,67.0,17.1,66.5,17.6,66.0,17.7,65.6,-0.9659258262890684,0.2588190451025203
2014159N12068,2014,NANAUK,2014-06-11 00:00:00,TS,16.6,67.2,35.0,992.0,5,305,16.5,67.4,16.5,67.6,16.7,67.0,17.0,66.7,17.4,66.2,17.6,65.8,17.9,65.3,-0.8191520442889918,0.573576436351046
2014159N12068,2014,NANAUK,2014-06-11 03:00:00,TS,16.7,67.0,35.0,992.0,6,310,16.6,67.2,16.5,67.4,17.0,66.7,17.1,66.5,17.6,66.0,17.7,65.6,18.0,64.9,-0.7660444431189781,0.6427876096865393
2014159N12068,2014,NANAUK,2014-06-11 06:00:00,TS,17.0,66.7,45.0,990.0,6,310,16.7,67.0,16.6,67.2,17.1,66.5,17.4,66.2,17.6,65.8,17.9,65.3,18.2,64.6,-0.7660444431189781,0.6427876096865393
2014159N12068,2014,NANAUK,2014-06-11 09:00:00,TS,17.1,66.5,45.0,990.0,7,315,17.0,66.7,16.7,67.0,17.4,66.2,17.6,66.0,17.7,65.6,18.0,64.9,18.3,64.3,-0.7071067811865477,0.7071067811865474
2014159N12068,2014,NANAUK,2014-06-11 12:00:00,TS,17.4,66.2,45.0,988.0,6,310,17.1,66.5,17.0,66.7,17.6,66.0,17.6,65.8,17.9,65.3,18.2,64.6,18.5,64.1,-0.7660444431189781,0.6427876096865393
2014159N12068,2014,NANAUK,2014-06-11 15:00:00,TS,17.6,66.0,45.0,988.0,5,295,17.4,66.2,17.1,66.5,17.6,65.8,17.7,65.6,18.0,64.9,18.3,64.3,18.8,64.0,-0.9063077870366499,0.4226182617406996
2014159N12068,2014,NANAUK,2014-06-11 18:00:00,TS,17.6,65.8,45.0,988.0,4,285,17.6,66.0,17.4,66.2,17.7,65.6,17.9,65.3,18.2,64.6,18.5,64.1,19.3,64.1,-0.9659258262890684,0.2588190451025203
2014159N12068,2014,NANAUK,2014-06-11 21:00:00,TS,17.7,65.6,45.0,988.0,6,300,17.6,65.8,17.6,66.0,17.9,65.3,18.0,64.9,18.3,64.3,18.8,64.0,19.9,64.4,-0.8660254037844386,0.5000000000000001
2014159N12068,2014,NANAUK,2014-06-12 00:00:00,TS,17.9,65.3,45.0,986.0,7,300,17.7,65.6,17.6,65.8,18.0,64.9,18.2,64.6,18.5,64.1,19.3,64.1,20.4,64.6,-0.8660254037844386,0.5000000000000001
2014159N12068,2014,NANAUK,2014-06-12 03:00:00,TS,18.0,64.9,45.0,986.0,6,295,17.9,65.3,17.7,65.6,18.2,64.6,18.3,64.3,18.8,64.0,19.9,64.4,20.7,64.4,-0.9063077870366499,0.4226182617406996
2014159N12068,2014,NANAUK,2014-06-12 06:00:00,TS,18.2,64.6,45.0,986.0,6,295,18.0,64.9,17.9,65.3,18.3,64.3,18.5,64.1,19.3,64.1,20.4,64.6,21.2,64.0,-0.9063077870366499,0.4226182617406996
2014159N12068,2014,NANAUK,2014-06-12 09:00:00,TS,18.3,64.3,45.0,988.0,6,305,18.2,64.6,18.0,64.9,18.5,64.1,18.8,64.0,19.9,64.4,20.7,64.4,21.4,63.9,-0.8191520442889918,0.573576436351046
2014159N12068,2014,NANAUK,2014-06-12 12:00:00,TS,18.5,64.1,45.0,988.0,6,325,18.3,64.3,18.2,64.6,18.8,64.0,19.3,64.1,20.4,64.6,21.2,64.0,21.4,64.0,-0.5735764363510465,0.8191520442889916
2014159N12068,2014,NANAUK,2014-06-12 15:00:00,TS,18.8,64.0,45.0,988.0,8,0,18.5,64.1,18.3,64.3,19.3,64.1,19.9,64.4,20.7,64.4,21.4,63.9,21.5,64.1,0.0,1.0
2014159N12068,2014,NANAUK,2014-06-12 18:00:00,TS,19.3,64.1,45.0,988.0,12,20,18.8,64.0,18.5,64.1,19.9,64.4,20.4,64.6,21.2,64.0,21.4,64.0,21.5,64.2,0.3420201433256687,0.9396926207859084
2014159N12068,2014,NANAUK,2014-06-12 21:00:00,TS,19.9,64.4,45.0,988.0,12,25,19.3,64.1,18.8,64.0,20.4,64.6,20.7,64.4,21.4,63.9,21.5,64.1,21.6,64.3,0.42261826174069944,0.9063077870366499
2014159N12068,2014,NANAUK,2014-06-13 00:00:00,TS,20.4,64.6,45.0,988.0,8,360,19.9,64.4,19.3,64.1,20.7,64.4,21.2,64.0,21.4,64.0,21.5,64.2,21.6,64.5,-2.4492935982947064e-16,1.0
2014159N12068,2014,NANAUK,2014-06-13 03:00:00,TS,20.7,64.4,45.0,990.0,10,325,20.4,64.6,19.9,64.4,21.2,64.0,21.4,63.9,21.5,64.1,21.6,64.3,21.7,64.6,-0.5735764363510465,0.8191520442889916
2014159N12068,2014,NANAUK,2014-06-13 06:00:00,MX,21.2,64.0,40.0,992.0,8,325,20.7,64.4,20.4,64.6,21.4,63.9,21.4,64.0,21.5,64.2,21.6,64.5,21.7,64.8,-0.5735764363510465,0.8191520442889916
2014159N12068,2014,NANAUK,2014-06-13 09:00:00,MX,21.4,63.9,30.0,994.0,2,10,21.2,64.0,20.7,64.4,21.4,64.0,21.5,64.1,21.6,64.3,21.7,64.6,21.7,65.0,0.17364817766693033,0.984807753012208
2014159N12068,2014,NANAUK,2014-06-13 12:00:00,MX,21.4,64.0,25.0,996.0,2,65,21.4,63.9,21.2,64.0,21.5,64.1,21.5,64.2,21.6,64.5,21.7,64.8,21.7,65.2,0.9063077870366499,0.42261826174069944
2014202N22087,2014,UNNAMED,2014-07-21 09:00:00,TS,22.4,85.7,20.0,988.0,13,285,22.2,86.4,22.0,87.0,22.5,85.0,22.5,84.5,22.5,83.5,22.5,82.5,22.5,81.5,-0.9659258262890684,0.2588190451025203
2014202N22087,2014,UNNAMED,2014-07-21 12:00:00,TS,22.5,85.0,20.0,988.0,11,275,22.4,85.7,22.2,86.4,22.5,84.5,22.5,84.0,22.5,83.0,22.5,82.0,22.5,81.0,-0.9961946980917455,0.08715574274765789
2014202N22087,2014,UNNAMED,2014-07-21 15:00:00,TS,22.5,84.5,20.0,989.0,9,270,22.5,85.0,22.4,85.7,22.5,84.0,22.5,83.5,22.5,82.5,22.5,81.5,22.5,80.3,-1.0,-1.8369701987210297e-16
2014202N22087,2014,UNNAMED,2014-07-21 18:00:00,TS,22.5,84.0,20.0,990.0,9,270,22.5,84.5,22.5,85.0,22.5,83.5,22.5,83.0,22.5,82.0,22.5,81.0,22.5,79.6,-1.0,-1.8369701987210297e-16
2014202N22087,2014,UNNAMED,2014-07-21 21:00:00,TS,22.5,83.5,20.0,990.0,9,270,22.5,84.0,22.5,84.5,22.5,83.0,22.5,82.5,22.5,81.5,22.5,80.3,22.5,78.9,-1.0,-1.8369701987210297e-16
2014202N22087,2014,UNNAMED,2014-07-22 00:00:00,TS,22.5,83.0,20.0,990.0,9,270,22.5,83.5,22.5,84.0,22.5,82.5,22.5,82.0,22.5,81.0,22.5,79.6,22.5,78.2,-1.0,-1.8369701987210297e-16
2014202N22087,2014,UNNAMED,2014-07-22 03:00:00,TS,22.5,82.5,20.0,990.0,9,270,22.5,83.0,22.5,83.5,22.5,82.0,22.5,81.5,22.5,80.3,22.5,78.9,22.5,77.5,-1.0,-1.8369701987210297e-16
2014202N22087,2014,UNNAMED,2014-07-22 06:00:00,TS,22.5,82.0,20.0,990.0,9,270,22.5,82.5,22.5,83.0,22.5,81.5,22.5,81.0,22.5,79.6,22.5,78.2,22.5,77.0,-1.0,-1.8369701987210297e-16
2014216N21089,2014,UNNAMED,2014-08-03 18:00:00,TS,21.9,88.3,30.0,990.0,6,315,21.7,88.4,21.5,88.5,22.1,88.0,22.3,87.6,22.5,86.5,22.2,86.1,22.2,85.1,-0.7071067811865477,0.7071067811865474
2014216N21089,2014,UNNAMED,2014-08-03 21:00:00,TS,22.1,88.0,30.0,990.0,8,300,21.9,88.3,21.7,88.4,22.3,87.6,22.5,87.2,22.4,86.2,22.2,85.6,22.2,84.6,-0.8660254037844386,0.5000000000000001
2014216N21089,2014,UNNAMED,2014-08-04 00:00:00,TS,22.3,87.6,30.0,990.0,8,300,22.1,88.0,21.9,88.3,22.5,87.2,22.5,86.5,22.2,86.1,22.2,85.1,22.2,84.1,-0.8660254037844386,0.5000000000000001
2014216N21089,2014,UNNAMED,2014-08-04 03:00:00,TS,22.5,87.2,30.0,990.0,10,280,22.3,87.6,22.1,88.0,22.5,86.5,22.4,86.2,22.2,85.6,22.2,84.6,22.2,83.5,-0.9848077530122081,0.17364817766692997
2014216N21089,2014,UNNAMED,2014-08-04 06:00:00,TS,22.5,86.5,30.0,990.0,9,260,22.5,87.2,22.3,87.6,22.4,86.2,22.2,86.1,22.2,85.1,22.2,84.1,22.9,83.0,-0.984807753012208,-0.17364817766693033
2014216N21089,2014,UNNAMED,2014-08-04 09:00:00,TS,22.4,86.2,30.0,990.0,5,230,22.5,86.5,22.5,87.2,22.2,86.1,22.2,85.6,22.2,84.6,22.2,83.5,23.5,82.5,-0.7660444431189779,-0.6427876096865395
2014216N21089,2014,UNNAMED,2014-08-04 12:00:00,TS,22.2,86.1,30.0,990.0,6,250,22.4,86.2,22.5,86.5,22.2,85.6,22.2,85.1,22.2,84.1,22.9,83.0,24.0,82.0,-0.9396926207859084,-0.34202014332566855
2014216N21089,2014,UNNAMED,2014-08-04 15:00:00,TS,22.2,85.6,30.0,990.0,9,270,22.2,86.1,22.4,86.2,22.2,85.1,22.2,84.6,22.2,83.5,23.5,82.5,24.2,81.6,-1.0,-1.8369701987210297e-16
2014216N21089,2014,UNNAMED,2014-08-04 18:00:00,TS,22.2,85.1,30.0,990.0,9,270,22.2,85.6,22.2,86.1,22.2,84.6,22.2,84.1,22.9,83.0,24.0,82.0,24.2,81.3,-1.0,-1.8369701987210297e-16
2014216N21089,2014,UNNAMED,2014-08-04 21:00:00,TS,22.2,84.6,30.0,990.0,9,270,22.2,85.1,22.2,85.6,22.2,84.1,22.2,83.5,23.5,82.5,24.2,81.6,24.3,81.0,-1.0,-1.8369701987210297e-16
2014216N21089,2014,UNNAMED,2014-08-05 00:00:00,TS,22.2,84.1,30.0,990.0,10,270,22.2,84.6,22.2,85.1,22.2,83.5,22.9,83.0,24.0,82.0,24.2,81.3,24.4,80.6,-1.0,-1.8369701987210297e-16
2014216N21089,2014,UNNAMED,2014-08-05 03:00:00,TS,22.2,83.5,30.0,994.0,12,305,22.2,84.1,22.2,84.6,22.9,83.0,23.5,82.5,24.2,81.6,24.3,81.0,24.5,80.2,-0.8191520442889918,0.573576436351046
2014216N21089,2014,UNNAMED,2014-08-05 06:00:00,TS,22.9,83.0,30.0,992.0,16,325,22.2,83.5,22.2,84.1,23.5,82.5,24.0,82.0,24.2,81.3,24.4,80.6,24.6,80.0,-0.5735764363510465,0.8191520442889916
2014216N21089,2014,UNNAMED,2014-08-05 09:00:00,TS,23.5,82.5,25.0,992.0,14,320,22.9,83.0,22.2,83.5,24.0,82.0,24.2,81.6,24.3,81.0,24.5,80.2,24.8,79.8,-0.6427876096865396,0.7660444431189778
2014216N21089,2014,UNNAMED,2014-08-05 12:00:00,TS,24.0,82.0,25.0,992.0,11,310,23.5,82.5,22.9,83.0,24.2,81.6,24.2,81.3,24.4,80.6,24.6,80.0,25.0,79.5,-0.7660444431189781,0.6427876096865393
2014216N21089,2014,UNNAMED,2014-08-05 15:00:00,TS,24.2,81.6,25.0,992.0,7,285,24.0,82.0,23.5,82.5,24.2,81.3,24.3,81.0,24.5,80.2,24.8,79.8,25.2,79.2,-0.9659258262890684,0.2588190451025203
2014216N21089,2014,UNNAMED,2014-08-05 18:00:00,TS,24.2,81.3,25.0,992.0,6,280,24.2,81.6,24.0,82.0,24.3,81.0,24.4,80.6,24.6,80.0,25.0,79.5,25.3,79.0,-0.9848077530122081,0.17364817766692997
2014216N21089,2014,UNNAMED,2014-08-05 21:00:00,TS,24.3,81.0,25.0,992.0,7,285,24.2,81.3,24.2,81.6,24.4,80.6,24.5,80.2,24.8,79.8,25.2,79.2,25.4,78.8,-0.9659258262890684,0.2588190451025203
2014216N21089,2014,UNNAMED,2014-08-06 00:00:00,TS,24.4,80.6,25.0,992.0,7,285,24.3,81.0,24.2,81.3,24.5,80.2,24.6,80.0,25.0,79.5,25.3,79.0,25.5,78.5,-0.9659258262890684,0.2588190451025203
2014279N11096,2014,HUDHUD,2014-10-06 12:00:00,DS,10.7,95.9,,,2,280,10.7,96.0,10.7,96.1,10.7,95.8,10.8,95.6,11.0,95.2,11.4,94.7,11.7,94.1,-0.9848077530122081,0.17364817766692997
2014279N11096,2014,HUDHUD,2014-10-06 15:00:00,DS,10.7,95.8,,,3,290,10.7,95.9,10.7,96.0,10.8,95.6,10.9,95.4,11.2,95.0,11.5,94.4,11.8,93.8,-0.9396926207859083,0.342020143325669
2014279N11096,2014,HUDHUD,2014-10-06 18:00:00,TS,10.8,95.6,,,4,295,10.7,95.8,10.7,95.9,10.9,95.4,11.0,95.2,11.4,94.7,11.7,94.1,11.9,93.5,-0.9063077870366499,0.4226182617406996
2014279N11096,2014,HUDHUD,2014-10-06 21:00:00,TS,10.9,95.4,,,4,295,10.8,95.6,10.7,95.8,11.0,95.2,11.2,95.0,11.5,94.4,11.8,93.8,12.0,93.2,-0.9063077870366499,0.4226182617406996
2014279N11096,2014,HUDHUD,2014-10-07 00:00:00,TS,11.0,95.2,,,5,305,10.9,95.4,10.8,95.6,11.2,95.0,11.4,94.7,11.7,94.1,11.9,93.5,12.2,92.9,-0.8191520442889918,0.573576436351046
2014279N11096,2014,HUDHUD,2014-10-07 03:00:00,TS,11.2,95.0,25.0,1004.0,6,310,11.0,95.2,10.9,95.4,11.4,94.7,11.5,94.4,11.8,93.8,12.0,93.2,12.3,92.6,-0.7660444431189781,0.6427876096865393
2014279N11096,2014,HUDHUD,2014-10-07 06:00:00,TS,11.4,94.7,25.0,1004.0,6,305,11.2,95.0,11.0,95.2,11.5,94.4,11.7,94.1,11.9,93.5,12.2,92.9,12.6,92.1,-0.8191520442889918,0.573576436351046
2014279N11096,2014,HUDHUD,2014-10-07 09:00:00,TS,11.5,94.4,28.0,1002.0,7,300,11.4,94.7,11.2,95.0,11.7,94.1,11.8,93.8,12.0,93.2,12.3,92.6,12.8,91.4,-0.8660254037844386,0.5000000000000001
2014279N11096,2014,HUDHUD,2014-10-07 12:00:00,TS,11.7,94.1,30.0,1000.0,7,290,11.5,94.4,11.4,94.7,11.8,93.8,11.9,93.5,12.2,92.9,12.6,92.1,12.9,90.9,-0.9396926207859083,0.342020143325669
2014279N11096,2014,HUDHUD,2014-10-07 15:00:00,TS,11.8,93.8,30.0,1000.0,6,290,11.7,94.1,11.5,94.4,11.9,93.5,12.0,93.2,12.3,92.6,12.8,91.4,13.1,90.4,-0.9396926207859083,0.342020143325669
2014279N11096,2014,HUDHUD,2014-10-07 18:00:00,TS,11.9,93.5,30.0,1000.0,7,290,11.8,93.8,11.7,94.1,12.0,93.2,12.2,92.9,12.6,92.1,12.9,90.9,13.3,90.1,-0.9396926207859083,0.342020143325669
2014279N11096,2014,HUDHUD,2014-10-07 21:00:00,TS,12.0,93.2,30.0,1000.0,7,295,11.9,93.5,11.8,93.8,12.2,92.9,12.3,92.6,12.8,91.4,13.1,90.4,13.5,89.6,-0.9063077870366499,0.4226182617406996
2014279N11096,2014,HUDHUD,2014-10-08 00:00:00,TS,12.2,92.9,30.0,1000.0,7,295,12.0,93.2,11.9,93.5,12.3,92.6,12.6,92.1,12.9,90.9,13.3,90.1,13.6,89.3,-0.9063077870366499,0.4226182617406996
2014279N11096,2014,HUDHUD,2014-10-08 03:00:00,TS,12.3,92.6,35.0,998.0,8,295,12.2,92.9,12.0,93.2,12.6,92.1,12.8,91.4,13.1,90.4,13.5,89.6,13.7,89.1,-0.9063077870366499,0.4226182617406996
2014279N11096,2014,HUDHUD,2014-10-08 06:00:00,TS,12.6,92.1,40.0,996.0,12,290,12.3,92.6,12.2,92.9,12.8,91.4,12.9,90.9,13.3,90.1,13.6,89.3,13.8,88.9,-0.9396926207859083,0.342020143325669
2014279N11096,2014,HUDHUD,2014-10-08 09:00:00,TS,12.8,91.4,40.0,996.0,13,285,12.6,92.1,12.3,92.6,12.9,90.9,13.1,90.4,13.5,89.6,13.7,89.1,13.9,88.6,-0.9659258262890684,0.2588190451025203
2014279N11096,2014,HUDHUD,2014-10-08 12:00:00,TS,12.9,90.9,40.0,996.0,11,290,12.8,91.4,12.6,92.1,13.1,90.4,13.3,90.1,13.6,89.3,13.8,88.9,14.1,88.5,-0.9396926207859083,0.342020143325669
2014279N11096,2014,HUDHUD,2014-10-08 15:00:00,TS,13.1,90.4,40.0,996.0,8,295,12.9,90.9,12.8,91.4,13.3,90.1,13.5,89.6,13.7,89.1,13.9,88.6,14.1,88.2,-0.9063077870366499,0.4226182617406996
2014279N11096,2014,HUDHUD,2014-10-08 18:00:00,TS,13.3,90.1,45.0,994.0,8,295,13.1,90.4,12.9,90.9,13.5,89.6,13.6,89.3,13.8,88.9,14.1,88.5,14.2,88.0,-0.9063077870366499,0.4226182617406996
2014279N11096,2014,HUDHUD,2014-10-08 21:00:00,TS,13.5,89.6,45.0,992.0,9,295,13.3,90.1,13.1,90.4,13.6,89.3,13.7,89.1,13.9,88.6,14.1,88.2,14.4,87.8,-0.9063077870366499,0.4226182617406996
2014279N11096,2014,HUDHUD,2014-10-09 00:00:00,TS,13.6,89.3,45.0,990.0,6,295,13.5,89.6,13.3,90.1,13.7,89.1,13.8,88.9,14.1,88.5,14.2,88.0,14.6,87.6,-0.9063077870366499,0.4226182617406996
2014279N11096,2014,HUDHUD,2014-10-09 03:00:00,TS,13.7,89.1,55.0,988.0,5,295,13.6,89.3,13.5,89.6,13.8,88.9,13.9,88.6,14.1,88.2,14.4,87.8,14.8,87.3,-0.9063077870366499,0.4226182617406996
2014279N11096,2014,HUDHUD,2014-10-09 06:00:00,TS,13.8,88.9,55.0,988.0,5,300,13.7,89.1,13.6,89.3,13.9,88.6,14.1,88.5,14.2,88.0,14.6,87.6,14.9,87.2,-0.8660254037844386,0.5000000000000001
2014279N11096,2014,HUDHUD,2014-10-09 09:00:00,TS,13.9,88.6,55.0,988.0,5,305,13.8,88.9,13.7,89.1,14.1,88.5,14.1,88.2,14.4,87.8,14.8,87.3,15.1,87.0,-0.8191520442889918,0.573576436351046
2014279N11096,2014,HUDHUD,2014-10-09 12:00:00,TS,14.1,88.5,55.0,988.0,5,295,13.9,88.6,13.8,88.9,14.1,88.2,14.2,88.0,14.6,87.6,14.9,87.2,15.3,86.8,-0.9063077870366499,0.4226182617406996
2014279N11096,2014,HUDHUD,2014-10-09 15:00:00,TS,14.1,88.2,55.0,988.0,5,290,14.1,88.5,13.9,88.6,14.2,88.0,14.4,87.8,14.8,87.3,15.1,87.0,15.5,86.5,-0.9396926207859083,0.342020143325669
2014279N11096,2014,HUDHUD,2014-10-09 18:00:00,TS,14.2,88.0,55.0,988.0,5,305,14.1,88.2,14.1,88.5,14.4,87.8,14.6,87.6,14.9,87.2,15.3,86.8,15.6,86.3,-0.8191520442889918,0.573576436351046
2014279N11096,2014,HUDHUD,2014-10-09 21:00:00,TS,14.4,87.8,60.0,988.0,5,315,14.2,88.0,14.1,88.2,14.6,87.6,14.8,87.3,15.1,87.0,15.5,86.5,15.7,86.0,-0.7071067811865477,0.7071067811865474
2014279N11096,2014,HUDHUD,2014-10-10 00:00:00,TS,14.6,87.6,60.0,988.0,6,310,14.4,87.8,14.2,88.0,14.8,87.3,14.9,87.2,15.3,86.8,15.6,86.3,15.9,85.7,-0.7660444431189781,0.6427876096865393
2014279N11096,2014,HUDHUD,2014-10-10 03:00:00,TS,14.8,87.3,60.0,988.0,6,305,14.6,87.6,14.4,87.8,14.9,87.2,15.1,87.0,15.5,86.5,15.7,86.0,16.0,85.4,-0.8191520442889918,0.573576436351046
2014279N11096,2014,HUDHUD,2014-10-10 06:00:00,TS,14.9,87.2,60.0,986.0,5,310,14.8,87.3,14.6,87.6,15.1,87.0,15.3,86.8,15.6,86.3,15.9,85.7,16.1,85.1,-0.7660444431189781,0.6427876096865393
2014279N11096,2014,HUDHUD,2014-10-10 09:00:00,TS,15.1,87.0,65.0,984.0,5,320,14.9,87.2,14.8,87.3,15.3,86.8,15.5,86.5,15.7,86.0,16.0,85.4,16.1,85.0,-0.6427876096865396,0.7660444431189778
2014279N11096,2014,HUDHUD,2014-10-10 12:00:00,TS,15.3,86.8,70.0,982.0,6,315,15.1,87.0,14.9,87.2,15.5,86.5,15.6,86.3,15.9,85.7,16.1,85.1,16.2,84.9,-0.7071067811865477,0.7071067811865474
2014279N11096,2014,HUDHUD,2014-10-10 15:00:00,TS,15.5,86.5,75.0,980.0,6,300,15.3,86.8,15.1,87.0,15.6,86.3,15.7,86.0,16.0,85.4,16.1,85.0,16.3,84.8,-0.8660254037844386,0.5000000000000001
2014279N11096,2014,HUDHUD,2014-10-10 18:00:00,TS,15.6,86.3,75.0,978.0,5,295,15.5,86.5,15.3,86.8,15.7,86.0,15.9,85.7,16.1,85.1,16.2,84.9,16.6,84.6,-0.9063077870366499,0.4226182617406996
2014279N11096,2014,HUDHUD,2014-10-10 21:00:00,TS,15.7,86.0,75.0,974.0,6,295,15.6,86.3,15.5,86.5,15.9,85.7,16.0,85.4,16.1,85.0,16.3,84.8,16.8,84.4,-0.9063077870366499,0.4226182617406996
2014279N11096,2014,HUDHUD,2014-10-11 00:00:00,TS,15.9,85.7,75.0,970.0,6,295,15.7,86.0,15.6,86.3,16.0,85.4,16.1,85.1,16.2,84.9,16.6,84.6,17.2,84.1,-0.9063077870366499,0.4226182617406996
2014279N11096,2014,HUDHUD,2014-10-11 03:00:00,TS,16.0,85.4,80.0,968.0,6,295,15.9,85.7,15.7,86.0,16.1,85.1,16.1,85.0,16.3,84.8,16.8,84.4,17.4,83.8,-0.9063077870366499,0.4226182617406996
2014279N11096,2014,HUDHUD,2014-10-11 06:00:00,TS,16.1,85.1,90.0,966.0,4,290,16.0,85.4,15.9,85.7,16.1,85.0,16.2,84.9,16.6,84.6,17.2,84.1,17.6,83.4,-0.9396926207859083,0.342020143325669
2014279N11096,2014,HUDHUD,2014-10-11 09:00:00,TS,16.1,85.0,90.0,964.0,3,290,16.1,85.1,16.0,85.4,16.2,84.9,16.3,84.8,16.8,84.4,17.4,83.8,17.8,83.1,-0.9396926207859083,0.342020143325669
2014279N11096,2014,HUDHUD,2014-10-11 12:00:00,TS,16.2,84.9,95.0,962.0,3,310,16.1,85.0,16.1,85.1,16.3,84.8,16.6,84.6,17.2,84.1,17.6,83.4,18.0,82.8,-0.7660444431189781,0.6427876096865393
2014279N11096,2014,HUDHUD,2014-10-11 15:00:00,TS,16.3,84.8,95.0,960.0,4,330,16.2,84.9,16.1,85.0,16.6,84.6,16.8,84.4,17.4,83.8,17.8,83.1,18.3,82.5,-0.5000000000000004,0.8660254037844384
2014279N11096,2014,HUDHUD,2014-10-11 18:00:00,TS,16.6,84.6,100.0,954.0,6,320,16.3,84.8,16.2,84.9,16.8,84.4,17.2,84.1,17.6,83.4,18.0,82.8,18.8,82.3,-0.6427876096865396,0.7660444431189778
2014279N11096,2014,HUDHUD,2014-10-11 21:00:00,TS,16.8,84.4,100.0,952.0,8,320,16.6,84.6,16.3,84.8,17.2,84.1,17.4,83.8,17.8,83.1,18.3,82.5,19.0,82.1,-0.6427876096865396,0.7660444431189778
2014279N11096,2014,HUDHUD,2014-10-12 00:00:00,TS,17.2,84.1,100.0,950.0,8,315,16.8,84.4,16.6,84.6,17.4,83.8,17.6,83.4,18.0,82.8,18.8,82.3,19.7,81.6,-0.7071067811865477,0.7071067811865474
2014279N11096,2014,HUDHUD,2014-10-12 03:00:00,TS,17.4,83.8,100.0,950.0,8,300,17.2,84.1,16.8,84.4,17.6,83.4,17.8,83.1,18.3,82.5,19.0,82.1,20.5,81.5,-0.8660254037844386,0.5000000000000001
2014279N11096,2014,HUDHUD,2014-10-12 06:00:00,TS,17.6,83.4,100.0,950.0,8,300,17.4,83.8,17.2,84.1,17.8,83.1,18.0,82.8,18.8,82.3,19.7,81.6,20.8,81.4,-0.8660254037844386,0.5000000000000001
2014279N11096,2014,HUDHUD,2014-10-12 09:00:00,TS,17.8,83.1,90.0,960.0,7,305,17.6,83.4,17.4,83.8,18.0,82.8,18.3,82.5,19.0,82.1,20.5,81.5,21.1,81.4,-0.8191520442889918,0.573576436351046
2014279N11096,2014,HUDHUD,2014-10-12 12:00:00,TS,18.0,82.8,60.0,982.0,7,315,17.8,83.1,17.6,83.4,18.3,82.5,18.8,82.3,19.7,81.6,20.8,81.4,21.4,81.4,-0.7071067811865477,0.7071067811865474
2014279N11096,2014,HUDHUD,2014-10-12 15:00:00,TS,18.3,82.5,45.0,986.0,9,325,18.0,82.8,17.8,83.1,18.8,82.3,19.0,82.1,20.5,81.5,21.1,81.4,21.7,81.5,-0.5735764363510465,0.8191520442889916
2014279N11096,2014,HUDHUD,2014-10-12 18:00:00,TS,18.8,82.3,40.0,987.0,8,330,18.3,82.5,18.0,82.8,19.0,82.1,19.7,81.6,20.8,81.4,21.4,81.4,22.3,81.5,-0.5000000000000004,0.8660254037844384
2014279N11096,2014,HUDHUD,2014-10-12 21:00:00,TS,19.0,82.1,40.0,988.0,12,325,18.8,82.3,18.3,82.5,19.7,81.6,20.5,81.5,21.1,81.4,21.7,81.5,23.6,81.5,-0.5735764363510465,0.8191520442889916
2014279N11096,2014,HUDHUD,2014-10-13 00:00:00,TS,19.7,81.6,30.0,994.0,16,340,19.0,82.1,18.8,82.3,20.5,81.5,20.8,81.4,21.4,81.4,22.3,81.5,24.8,81.5,-0.3420201433256686,0.9396926207859084
2014279N11096,2014,HUDHUD,2014-10-13 03:00:00,TS,20.5,81.5,30.0,996.0,11,355,19.7,81.6,19.0,82.1,20.8,81.4,21.1,81.4,21.7,81.5,23.6,81.5,25.1,81.6,-0.08715574274765832,0.9961946980917455
2014279N11096,2014,HUDHUD,2014-10-13 06:00:00,TS,20.8,81.4,30.0,998.0,7,355,20.5,81.5,19.7,81.6,21.1,81.4,21.4,81.4,22.3,81.5,24.8,81.5,25.6,81.7,-0.08715574274765832,0.9961946980917455
2014279N11096,2014,HUDHUD,2014-10-13 09:00:00,TS,21.1,81.4,28.0,998.0,6,0,20.8,81.4,20.5,81.5,21.4,81.4,21.7,81.5,23.6,81.5,25.1,81.6,26.3,81.8,0.0,1.0
2014297N11062,2014,NILOFAR,2014-10-23 18:00:00,DS,11.1,61.8,,,3,315,11.0,61.9,10.8,62.1,11.2,61.7,11.3,61.6,11.6,61.5,11.8,61.7,12.0,62.0,-0.7071067811865477,0.7071067811865474
2014297N11062,2014,NILOFAR,2014-10-23 21:00:00,DS,11.2,61.7,,,3,315,11.1,61.8,11.0,61.9,11.3,61.6,11.4,61.5,11.7,61.6,11.9,61.8,12.1,62.2,-0.7071067811865477,0.7071067811865474
2014297N11062,2014,NILOFAR,2014-10-24 00:00:00,DS,11.3,61.6,,,3,325,11.2,61.7,11.1,61.8,11.4,61.5,11.6,61.5,11.8,61.7,12.0,62.0,12.3,62.1,-0.5735764363510465,0.8191520442889916
2014297N11062,2014,NILOFAR,2014-10-24 03:00:00,DS,11.4,61.5,,,3,345,11.3,61.6,11.2,61.7,11.6,61.5,11.7,61.6,11.9,61.8,12.1,62.2,12.6,62.1,-0.2588190451025207,0.9659258262890683
2014297N11062,2014,NILOFAR,2014-10-24 06:00:00,DS,11.6,61.5,,,3,10,11.4,61.5,11.3,61.6,11.7,61.6,11.8,61.7,12.0,62.0,12.3,62.1,12.7,62.0,0.17364817766693033,0.984807753012208
2014297N11062,2014,NILOFAR,2014-10-24 09:00:00,DS,11.7,61.6,,,3,45,11.6,61.5,11.4,61.5,11.8,61.7,11.9,61.8,12.1,62.2,12.6,62.1,13.0,61.9,0.7071067811865475,0.7071067811865476
2014297N11062,2014,NILOFAR,2014-10-24 12:00:00,DS,11.8,61.7,,,3,55,11.7,61.6,11.6,61.5,11.9,61.8,12.0,62.0,12.3,62.1,12.7,62.0,13.3,61.9,0.8191520442889918,0.5735764363510462
2014297N11062,2014,NILOFAR,2014-10-24 15:00:00,DS,11.9,61.8,,,4,55,11.8,61.7,11.7,61.6,12.0,62.0,12.1,62.2,12.6,62.1,13.0,61.9,13.3,61.9,0.8191520442889918,0.5735764363510462
2014297N11062,2014,NILOFAR,2014-10-24 18:00:00,TS,12.0,62.0,,,4,55,11.9,61.8,11.8,61.7,12.1,62.2,12.3,62.1,12.7,62.0,13.3,61.9,13.5,62.0,0.8191520442889918,0.5735764363510462
2014297N11062,2014,NILOFAR,2014-10-24 21:00:00,TS,12.1,62.2,,,4,20,12.0,62.0,11.9,61.8,12.3,62.1,12.6,62.1,13.0,61.9,13.3,61.9,13.8,62.3,0.3420201433256687,0.9396926207859084
2014297N11062,2014,NILOFAR,2014-10-25 00:00:00,TS,12.3,62.1,25.0,1004.0,4,345,12.1,62.2,12.0,62.0,12.6,62.1,12.7,62.0,13.3,61.9,13.5,62.0,14.1,62.5,-0.2588190451025207,0.9659258262890683
2014297N11062,2014,NILOFAR,2014-10-25 03:00:00,TS,12.6,62.1,25.0,1004.0,4,345,12.3,62.1,12.1,62.2,12.7,62.0,13.0,61.9,13.3,61.9,13.8,62.3,14.1,62.5,-0.2588190451025207,0.9659258262890683
2014297N11062,2014,NILOFAR,2014-10-25 06:00:00,TS,12.7,62.0,25.0,1004.0,4,345,12.6,62.1,12.3,62.1,13.0,61.9,13.3,61.9,13.5,62.0,14.1,62.5,14.2,62.5,-0.2588190451025207,0.9659258262890683
2014297N11062,2014,NILOFAR,2014-10-25 09:00:00,TS,13.0,61.9,25.0,1004.0,5,350,12.7,62.0,12.6,62.1,13.3,61.9,13.3,61.9,13.8,62.3,14.1,62.5,14.2,62.5,-0.1736481776669304,0.984807753012208
2014297N11062,2014,NILOFAR,2014-10-25 12:00:00,TS,13.3,61.9,25.0,1003.0,4,0,13.0,61.9,12.7,62.0,13.3,61.9,13.5,62.0,14.1,62.5,14.2,62.5,14.3,62.5,0.0,1.0
2014297N11062,2014,NILOFAR,2014-10-25 15:00:00,TS,13.3,61.9,25.0,1003.0,2,25,13.3,61.9,13.0,61.9,13.5,62.0,13.8,62.3,14.1,62.5,14.2,62.5,14.3,62.5,0.42261826174069944,0.9063077870366499
2014297N11062,2014,NILOFAR,2014-10-25 18:00:00,TS,13.5,62.0,25.0,1003.0,6,40,13.3,61.9,13.3,61.9,13.8,62.3,14.1,62.5,14.2,62.5,14.3,62.5,14.5,62.5,0.6427876096865393,0.766044443118978
2014297N11062,2014,NILOFAR,2014-10-25 21:00:00,TS,13.8,62.3,25.0,1003.0,8,40,13.5,62.0,13.3,61.9,14.1,62.5,14.1,62.5,14.2,62.5,14.3,62.5,14.6,62.4,0.6427876096865393,0.766044443118978
2014297N11062,2014,NILOFAR,2014-10-26 00:00:00,TS,14.1,62.5,25.0,1002.0,4,35,13.8,62.3,13.5,62.0,14.1,62.5,14.2,62.5,14.3,62.5,14.5,62.5,14.8,62.4,0.573576436351046,0.8191520442889918
2014297N11062,2014,NILOFAR,2014-10-26 03:00:00,TS,14.1,62.5,30.0,999.0,1,0,14.1,62.5,13.8,62.3,14.2,62.5,14.2,62.5,14.3,62.5,14.6,62.4,14.8,62.3,0.0,1.0
2014297N11062,2014,NILOFAR,2014-10-26 06:00:00,TS,14.2,62.5,35.0,998.0,1,0,14.1,62.5,14.1,62.5,14.2,62.5,14.3,62.5,14.5,62.5,14.8,62.4,14.9,62.3,0.0,1.0
2014297N11062,2014,NILOFAR,2014-10-26 09:00:00,TS,14.2,62.5,35.0,996.0,1,0,14.2,62.5,14.1,62.5,14.3,62.5,14.3,62.5,14.6,62.4,14.8,62.3,14.9,62.2,0.0,1.0
2014297N11062,2014,NILOFAR,2014-10-26 12:00:00,TS,14.3,62.5,40.0,994.0,2,350,14.2,62.5,14.2,62.5,14.3,62.5,14.5,62.5,14.8,62.4,14.9,62.3,15.0,62.2,-0.1736481776669304,0.984807753012208
2014297N11062,2014,NILOFAR,2014-10-26 15:00:00,TS,14.3,62.5,40.0,994.0,2,345,14.3,62.5,14.2,62.5,14.5,62.5,14.6,62.4,14.8,62.3,14.9,62.2,15.1,62.1,-0.2588190451025207,0.9659258262890683
2014297N11062,2014,NILOFAR,2014-10-26 18:00:00,TS,14.5,62.5,45.0,994.0,2,345,14.3,62.5,14.3,62.5,14.6,62.4,14.8,62.4,14.9,62.3,15.0,62.2,15.2,62.1,-0.2588190451025207,0.9659258262890683
2014297N11062,2014,NILOFAR,2014-10-26 21:00:00,TS,14.6,62.4,50.0,994.0,3,355,14.5,62.5,14.3,62.5,14.8,62.4,14.8,62.3,14.9,62.2,15.1,62.1,15.4,61.8,-0.08715574274765832,0.9961946980917455
2014297N11062,2014,NILOFAR,2014-10-27 00:00:00,TS,14.8,62.4,55.0,990.0,3,340,14.6,62.4,14.5,62.5,14.8,62.3,14.9,62.3,15.0,62.2,15.2,62.1,15.6,61.8,-0.3420201433256686,0.9396926207859084
2014297N11062,2014,NILOFAR,2014-10-27 03:00:00,TS,14.8,62.3,60.0,990.0,2,305,14.8,62.4,14.6,62.4,14.9,62.3,14.9,62.2,15.1,62.1,15.4,61.8,15.8,61.7,-0.8191520442889918,0.573576436351046
2014297N11062,2014,NILOFAR,2014-10-27 06:00:00,TS,14.9,62.3,65.0,986.0,1,300,14.8,62.3,14.8,62.4,14.9,62.2,15.0,62.2,15.2,62.1,15.6,61.8,16.0,61.7,-0.8660254037844386,0.5000000000000001
2014297N11062,2014,NILOFAR,2014-10-27 09:00:00,TS,14.9,62.2,65.0,984.0,2,330,14.9,62.3,14.8,62.3,15.0,62.2,15.1,62.1,15.4,61.8,15.8,61.7,16.3,61.7,-0.5000000000000004,0.8660254037844384
2014297N11062,2014,NILOFAR,2014-10-27 12:00:00,TS,15.0,62.2,70.0,982.0,2,330,14.9,62.2,14.9,62.3,15.1,62.1,15.2,62.1,15.6,61.8,16.0,61.7,16.8,61.8,-0.5000000000000004,0.8660254037844384
2014297N11062,2014,NILOFAR,2014-10-27 15:00:00,TS,15.1,62.1,70.0,981.0,2,335,15.0,62.2,14.9,62.2,15.2,62.1,15.4,61.8,15.8,61.7,16.3,61.7,17.2,61.8,-0.4226182617406992,0.90630778703665
2014297N11062,2014,NILOFAR,2014-10-27 18:00:00,TS,15.2,62.1,70.0,980.0,5,325,15.1,62.1,15.0,62.2,15.4,61.8,15.6,61.8,16.0,61.7,16.8,61.8,17.7,61.7,-0.5735764363510465,0.8191520442889916
2014297N11062,2014,NILOFAR,2014-10-27 21:00:00,TS,15.4,61.8,75.0,979.0,5,325,15.2,62.1,15.1,62.1,15.6,61.8,15.8,61.7,16.3,61.7,17.2,61.8,17.9,61.7,-0.5735764363510465,0.8191520442889916
2014297N11062,2014,NILOFAR,2014-10-28 00:00:00,TS,15.6,61.8,75.0,978.0,4,335,15.4,61.8,15.2,62.1,15.8,61.7,16.0,61.7,16.8,61.8,17.7,61.7,18.1,61.8,-0.4226182617406992,0.90630778703665
2014297N11062,2014,NILOFAR,2014-10-28 03:00:00,TS,15.8,61.7,75.0,977.0,4,345,15.6,61.8,15.4,61.8,16.0,61.7,16.3,61.7,17.2,61.8,17.9,61.7,18.5,61.8,-0.2588190451025207,0.9659258262890683
2014297N11062,2014,NILOFAR,2014-10-28 06:00:00,TS,16.0,61.7,80.0,974.0,6,0,15.8,61.7,15.6,61.8,16.3,61.7,16.8,61.8,17.7,61.7,18.1,61.8,18.7,61.9,0.0,1.0
2014297N11062,2014,NILOFAR,2014-10-28 09:00:00,TS,16.3,61.7,90.0,966.0,8,10,16.0,61.7,15.8,61.7,16.8,61.8,17.2,61.8,17.9,61.7,18.5,61.8,18.8,62.0,0.17364817766693033,0.984807753012208
2014297N11062,2014,NILOFAR,2014-10-28 12:00:00,TS,16.8,61.8,100.0,954.0,9,5,16.3,61.7,16.0,61.7,17.2,61.8,17.7,61.7,18.1,61.8,18.7,61.9,19.0,62.2,0.08715574274765817,0.9961946980917455
2014297N11062,2014,NILOFAR,2014-10-28 15:00:00,TS,17.2,61.8,105.0,952.0,9,355,16.8,61.8,16.3,61.7,17.7,61.7,17.9,61.7,18.5,61.8,18.8,62.0,19.2,62.5,-0.08715574274765832,0.9961946980917455
2014297N11062,2014,NILOFAR,2014-10-28 18:00:00,TS,17.7,61.7,110.0,950.0,7,355,17.2,61.8,16.8,61.8,17.9,61.7,18.1,61.8,18.7,61.9,19.0,62.2,19.3,62.9,-0.08715574274765832,0.9961946980917455
2014297N11062,2014,NILOFAR,2014-10-28 21:00:00,TS,17.9,61.7,110.0,950.0,5,10,17.7,61.7,17.2,61.8,18.1,61.8,18.5,61.8,18.8,62.0,19.2,62.5,19.4,63.2,0.17364817766693033,0.984807753012208
2014297N11062,2014,NILOFAR,2014-10-29 00:00:00,TS,18.1,61.8,105.0,954.0,6,15,17.9,61.7,17.7,61.7,18.5,61.8,18.7,61.9,19.0,62.2,19.3,62.9,19.6,63.6,0.25881904510252074,0.9659258262890683
2014297N11062,2014,NILOFAR,2014-10-29 03:00:00,TS,18.5,61.8,100.0,958.0,6,10,18.1,61.8,17.9,61.7,18.7,61.9,18.8,62.0,19.2,62.5,19.4,63.2,19.8,63.9,0.17364817766693033,0.984807753012208
2014297N11062,2014,NILOFAR,2014-10-29 06:00:00,TS,18.7,61.9,95.0,962.0,4,20,18.5,61.8,18.1,61.8,18.8,62.0,19.0,62.2,19.3,62.9,19.6,63.6,20.1,64.2,0.3420201433256687,0.9396926207859084
2014297N11062,2014,NILOFAR,2014-10-29 09:00:00,TS,18.8,62.0,90.0,968.0,4,45,18.7,61.9,18.5,61.8,19.0,62.2,19.2,62.5,19.4,63.2,19.8,63.9,20.1,64.4,0.7071067811865475,0.7071067811865476
2014297N11062,2014,NILOFAR,2014-10-29 12:00:00,TS,19.0,62.2,80.0,974.0,6,55,18.8,62.0,18.7,61.9,19.2,62.5,19.3,62.9,19.6,63.6,20.1,64.2,20.3,64.6,0.8191520442889918,0.5735764363510462
2014297N11062,2014,NILOFAR,2014-10-29 15:00:00,TS,19.2,62.5,70.0,980.0,7,70,19.0,62.2,18.8,62.0,19.3,62.9,19.4,63.2,19.8,63.9,20.1,64.4,20.4,64.6,0.9396926207859083,0.3420201433256688
2014297N11062,2014,NILOFAR,2014-10-29 18:00:00,TS,19.3,62.9,70.0,986.0,6,70,19.2,62.5,19.0,62.2,19.4,63.2,19.6,63.6,20.1,64.2,20.3,64.6,20.5,64.8,0.9396926207859083,0.3420201433256688
2014297N11062,2014,NILOFAR,2014-10-29 21:00:00,TS,19.4,63.2,60.0,988.0,7,65,19.3,62.9,19.2,62.5,19.6,63.6,19.8,63.9,20.1,64.4,20.4,64.6,20.6,64.9,0.9063077870366499,0.42261826174069944
2014297N11062,2014,NILOFAR,2014-10-30 00:00:00,TS,19.6,63.6,60.0,990.0,8,60,19.4,63.2,19.3,62.9,19.8,63.9,20.1,64.2,20.3,64.6,20.5,64.8,20.7,65.0,0.8660254037844386,0.5000000000000001
2014297N11062,2014,NILOFAR,2014-10-30 03:00:00,TS,19.8,63.9,50.0,994.0,8,50,19.6,63.6,19.4,63.2,20.1,64.2,20.1,64.4,20.4,64.6,20.6,64.9,20.8,65.1,0.766044443118978,0.6427876096865394
2014297N11062,2014,NILOFAR,2014-10-30 06:00:00,TS,20.1,64.2,45.0,998.0,5,55,19.8,63.9,19.6,63.6,20.1,64.4,20.3,64.6,20.5,64.8,20.7,65.0,21.0,65.1,0.8191520442889918,0.5735764363510462
2014297N11062,2014,NILOFAR,2014-10-30 09:00:00,TS,20.1,64.4,40.0,1000.0,4,60,20.1,64.2,19.8,63.9,20.3,64.6,20.4,64.6,20.6,64.9,20.8,65.1,21.2,65.1,0.8660254037844386,0.5000000000000001
2014297N11062,2014,NILOFAR,2014-10-30 12:00:00,TS,20.3,64.6,40.0,1001.0,4,40,20.1,64.4,20.1,64.2,20.4,64.6,20.5,64.8,20.7,65.0,21.0,65.1,21.4,65.0,0.6427876096865393,0.766044443118978
2014297N11062,2014,NILOFAR,2014-10-30 15:00:00,TS,20.4,64.6,38.0,1002.0,3,40,20.3,64.6,20.1,64.4,20.5,64.8,20.6,64.9,20.8,65.1,21.2,65.1,21.6,64.9,0.6427876096865393,0.766044443118978
2014297N11062,2014,NILOFAR,2014-10-30 18:00:00,TS,20.5,64.8,35.0,1002.0,4,50,20.4,64.6,20.3,64.6,20.6,64.9,20.7,65.0,21.0,65.1,21.4,65.0,21.7,64.7,0.766044443118978,0.6427876096865394
2014297N11062,2014,NILOFAR,2014-10-30 21:00:00,TS,20.6,64.9,30.0,1003.0,3,50,20.5,64.8,20.4,64.6,20.7,65.0,20.8,65.1,21.2,65.1,21.6,64.9,21.7,64.5,0.766044443118978,0.6427876096865394
2014297N11062,2014,NILOFAR,2014-10-31 00:00:00,TS,20.7,65.0,25.0,1004.0,3,25,20.6,64.9,20.5,64.8,20.8,65.1,21.0,65.1,21.4,65.0,21.7,64.7,21.7,64.2,0.42261826174069944,0.9063077870366499
2014297N11062,2014,NILOFAR,2014-10-31 03:00:00,TS,20.8,65.1,,,3,15,20.7,65.0,20.6,64.9,21.0,65.1,21.2,65.1,21.6,64.9,21.7,64.5,21.7,64.0,0.25881904510252074,0.9659258262890683
2014297N11062,2014,NILOFAR,2014-10-31 06:00:00,TS,21.0,65.1,,,4,5,20.8,65.1,20.7,65.0,21.2,65.1,21.4,65.0,21.7,64.7,21.7,64.2,21.7,63.8,0.08715574274765817,0.9961946980917455
2014297N11062,2014,NILOFAR,2014-10-31 09:00:00,TS,21.2,65.1,,,4,345,21.0,65.1,20.8,65.1,21.4,65.0,21.6,64.9,21.7,64.5,21.7,64.0,21.7,63.6,-0.2588190451025207,0.9659258262890683
2014297N11062,2014,NILOFAR,2014-10-31 12:00:00,TS,21.4,65.0,,,4,335,21.2,65.1,21.0,65.1,21.6,64.9,21.7,64.7,21.7,64.2,21.7,63.8,21.7,63.3,-0.4226182617406992,0.90630778703665
2014309N13088,2014,UNNAMED,2014-11-05 06:00:00,DS,13.0,87.6,,,3,320,12.9,87.7,12.8,87.8,13.1,87.5,13.2,87.4,13.5,87.4,13.8,87.3,13.8,87.7,-0.6427876096865396,0.7660444431189778
2014309N13088,2014,UNNAMED,2014-11-05 09:00:00,MX,13.1,87.5,25.0,1000.0,3,320,13.0,87.6,12.9,87.7,13.2,87.4,13.3,87.4,13.7,87.3,13.8,87.4,13.7,87.9,-0.6427876096865396,0.7660444431189778
2014309N13088,2014,UNNAMED,2014-11-05 12:00:00,TS,13.2,87.4,25.0,1000.0,2,330,13.1,87.5,13.0,87.6,13.3,87.4,13.5,87.4,13.8,87.3,13.8,87.7,13.7,88.1,-0.5000000000000004,0.8660254037844384
2014309N13088,2014,UNNAMED,2014-11-05 15:00:00,TS,13.3,87.4,25.0,1000.0,3,345,13.2,87.4,13.1,87.5,13.5,87.4,13.7,87.3,13.8,87.4,13.7,87.9,13.6,88.2,-0.2588190451025207,0.9659258262890683
2014309N13088,2014,UNNAMED,2014-11-05 18:00:00,TS,13.5,87.4,25.0,1000.0,4,340,13.3,87.4,13.2,87.4,13.7,87.3,13.8,87.3,13.8,87.7,13.7,88.1,13.6,88.2,-0.3420201433256686,0.9396926207859084
2014309N13088,2014,UNNAMED,2014-11-05 21:00:00,TS,13.7,87.3,25.0,1000.0,3,345,13.5,87.4,13.3,87.4,13.8,87.3,13.8,87.4,13.7,87.9,13.6,88.2,13.7,88.0,-0.2588190451025207,0.9659258262890683
2014309N13088,2014,UNNAMED,2014-11-06 00:00:00,TS,13.8,87.3,25.0,1000.0,2,50,13.7,87.3,13.5,87.4,13.8,87.4,13.8,87.7,13.7,88.1,13.6,88.2,13.9,87.9,0.766044443118978,0.6427876096865394
2014309N13088,2014,UNNAMED,2014-11-06 03:00:00,TS,13.8,87.4,30.0,998.0,4,95,13.8,87.3,13.7,87.3,13.8,87.7,13.7,87.9,13.6,88.2,13.7,88.0,14.1,87.7,0.9961946980917455,-0.08715574274765824
2014309N13088,2014,UNNAMED,2014-11-06 06:00:00,TS,13.8,87.7,30.0,998.0,5,100,13.8,87.4,13.8,87.3,13.7,87.9,13.7,88.1,13.6,88.2,13.9,87.9,14.2,87.6,0.984807753012208,-0.1736481776669303
2014309N13088,2014,UNNAMED,2014-11-06 09:00:00,TS,13.7,87.9,30.0,998.0,4,95,13.8,87.7,13.8,87.4,13.7,88.1,13.6,88.2,13.7,88.0,14.1,87.7,14.2,87.5,0.9961946980917455,-0.08715574274765824
2014309N13088,2014,UNNAMED,2014-11-06 12:00:00,TS,13.7,88.1,30.0,998.0,3,110,13.7,87.9,13.8,87.7,13.6,88.2,13.6,88.2,13.9,87.9,14.2,87.6,14.2,87.4,0.9396926207859084,-0.3420201433256687
2014309N13088,2014,UNNAMED,2014-11-06 15:00:00,TS,13.6,88.2,30.0,999.0,1,155,13.7,88.1,13.7,87.9,13.6,88.2,13.7,88.0,14.1,87.7,14.2,87.5,14.2,87.1,0.4226182617406995,-0.9063077870366499
2014309N13088,2014,UNNAMED,2014-11-06 18:00:00,TS,13.6,88.2,30.0,1000.0,2,300,13.6,88.2,13.7,88.1,13.7,88.0,13.9,87.9,14.2,87.6,14.2,87.4,14.3,86.8,-0.8660254037844386,0.5000000000000001
2014309N13088,2014,UNNAMED,2014-11-06 21:00:00,TS,13.7,88.0,30.0,1001.0,4,315,13.6,88.2,13.6,88.2,13.9,87.9,14.1,87.7,14.2,87.5,14.2,87.1,14.4,86.4,-0.7071067811865477,0.7071067811865474
2014309N13088,2014,UNNAMED,2014-11-07 00:00:00,TS,13.9,87.9,30.0,1001.0,5,325,13.7,88.0,13.6,88.2,14.1,87.7,14.2,87.6,14.2,87.4,14.3,86.8,14.5,85.9,-0.5735764363510465,0.8191520442889916
2014309N13088,2014,UNNAMED,2014-11-07 03:00:00,TS,14.1,87.7,30.0,1001.0,4,320,13.9,87.9,13.7,88.0,14.2,87.6,14.2,87.5,14.2,87.1,14.4,86.4,14.4,85.4,-0.6427876096865396,0.7660444431189778
2014309N13088,2014,UNNAMED,2014-11-07 06:00:00,TS,14.2,87.6,25.0,1003.0,3,290,14.1,87.7,13.9,87.9,14.2,87.5,14.2,87.4,14.3,86.8,14.5,85.9,14.3,85.1,-0.9396926207859083,0.342020143325669
2014309N13088,2014,UNNAMED,2014-11-07 09:00:00,TS,14.2,87.5,25.0,1003.0,2,270,14.2,87.6,14.1,87.7,14.2,87.4,14.2,87.1,14.4,86.4,14.4,85.4,14.1,84.7,-1.0,-1.8369701987210297e-16
2014309N13088,2014,UNNAMED,2014-11-07 12:00:00,TS,14.2,87.4,25.0,1003.0,3,275,14.2,87.5,14.2,87.6,14.2,87.1,14.3,86.8,14.5,85.9,14.3,85.1,14.0,84.2,-0.9961946980917455,0.08715574274765789
2014309N13088,2014,UNNAMED,2014-11-07 15:00:00,TS,14.2,87.1,25.0,1004.0,5,280,14.2,87.4,14.2,87.5,14.3,86.8,14.4,86.4,14.4,85.4,14.1,84.7,14.0,83.7,-0.9848077530122081,0.17364817766692997
2014309N13088,2014,UNNAMED,2014-11-07 18:00:00,TS,14.3,86.8,25.0,1004.0,7,280,14.2,87.1,14.2,87.4,14.4,86.4,14.5,85.9,14.3,85.1,14.0,84.2,14.1,83.3,-0.9848077530122081,0.17364817766692997
2014309N13088,2014,UNNAMED,2014-11-07 21:00:00,TS,14.4,86.4,25.0,1005.0,9,280,14.3,86.8,14.2,87.1,14.5,85.9,14.4,85.4,14.1,84.7,14.0,83.7,14.3,83.0,-0.9848077530122081,0.17364817766692997
2014309N13088,2014,UNNAMED,2014-11-08 00:00:00,MX,14.5,85.9,25.0,1005.0,9,275,14.4,86.4,14.3,86.8,14.4,85.4,14.3,85.1,14.0,84.2,14.1,83.3,14.5,82.7,-0.9961946980917455,0.08715574274765789
2014309N13088,2014,UNNAMED,2014-11-08 03:00:00,DS,14.4,85.4,,,8,260,14.5,85.9,14.4,86.4,14.3,85.1,14.1,84.7,14.0,83.7,14.3,83.0,14.7,82.4,-0.984807753012208,-0.17364817766693033
2014309N13088,2014,UNNAMED,2014-11-08 06:00:00,DS,14.3,85.1,,,8,250,14.4,85.4,14.5,85.9,14.1,84.7,14.0,84.2,14.1,83.3,14.5,82.7,14.9,82.2,-0.9396926207859084,-0.34202014332566855
2015157N13069,2015,ASHOBAA,2015-06-06 12:00:00,TS,13.8,68.6,,,7,5,13.5,68.6,13.1,68.5,14.1,68.6,14.5,68.6,15.2,68.6,15.5,68.4,16.2,68.3,0.08715574274765817,0.9961946980917455
2015157N13069,2015,ASHOBAA,2015-06-06 15:00:00,TS,14.1,68.6,,,7,0,13.8,68.6,13.5,68.6,14.5,68.6,14.9,68.6,15.3,68.5,15.8,68.3,16.5,68.3,0.0,1.0
2015157N13069,2015,ASHOBAA,2015-06-06 18:00:00,TS,14.5,68.6,,,7,360,14.1,68.6,13.8,68.6,14.9,68.6,15.2,68.6,15.5,68.4,16.2,68.3,16.9,68.3,-2.4492935982947064e-16,1.0
2015157N13069,2015,ASHOBAA,2015-06-06 21:00:00,TS,14.9,68.6,,,7,0,14.5,68.6,14.1,68.6,15.2,68.6,15.3,68.5,15.8,68.3,16.5,68.3,17.2,68.0,0.0,1.0
2015157N13069,2015,ASHOBAA,2015-06-07 00:00:00,TS,15.2,68.6,,,4,350,14.9,68.6,14.5,68.6,15.3,68.5,15.5,68.4,16.2,68.3,16.9,68.3,17.7,67.6,-0.1736481776669304,0.984807753012208
2015157N13069,2015,ASHOBAA,2015-06-07 03:00:00,TS,15.3,68.5,25.0,1004.0,3,325,15.2,68.6,14.9,68.6,15.5,68.4,15.8,68.3,16.5,68.3,17.2,68.0,18.0,67.2,-0.5735764363510465,0.8191520442889916
2015157N13069,2015,ASHOBAA,2015-06-07 06:00:00,TS,15.5,68.4,25.0,1004.0,6,340,15.3,68.5,15.2,68.6,15.8,68.3,16.2,68.3,16.9,68.3,17.7,67.6,18.0,67.0,-0.3420201433256686,0.9396926207859084
2015157N13069,2015,ASHOBAA,2015-06-07 09:00:00,TS,15.8,68.3,25.0,1004.0,8,350,15.5,68.4,15.3,68.5,16.2,68.3,16.5,68.3,17.2,68.0,18.0,67.2,18.5,66.6,-0.1736481776669304,0.984807753012208
2015157N13069,2015,ASHOBAA,2015-06-07 12:00:00,TS,16.2,68.3,25.0,1003.0,7,0,15.8,68.3,15.5,68.4,16.5,68.3,16.9,68.3,17.7,67.6,18.0,67.0,18.7,66.4,0.0,1.0
2015157N13069,2015,ASHOBAA,2015-06-07 15:00:00,TS,16.5,68.3,25.0,1003.0,7,0,16.2,68.3,15.8,68.3,16.9,68.3,17.2,68.0,18.0,67.2,18.5,66.6,18.9,66.1,0.0,1.0
2015157N13069,2015,ASHOBAA,2015-06-07 18:00:00,TS,16.9,68.3,25.0,1003.0,8,345,16.5,68.3,16.2,68.3,17.2,68.0,17.7,67.6,18.0,67.0,18.7,66.4,19.3,65.7,-0.2588190451025207,0.9659258262890683
2015157N13069,2015,ASHOBAA,2015-06-07 21:00:00,TS,17.2,68.0,28.0,1000.0,11,320,16.9,68.3,16.5,68.3,17.7,67.6,18.0,67.2,18.5,66.6,18.9,66.1,19.7,65.4,-0.6427876096865396,0.7660444431189778
2015157N13069,2015,ASHOBAA,2015-06-08 00:00:00,TS,17.7,67.6,30.0,996.0,11,310,17.2,68.0,16.9,68.3,18.0,67.2,18.0,67.0,18.7,66.4,19.3,65.7,20.1,65.1,-0.7660444431189781,0.6427876096865393
2015157N13069,2015,ASHOBAA,2015-06-08 03:00:00,TS,18.0,67.2,35.0,994.0,6,300,17.7,67.6,17.2,68.0,18.0,67.0,18.5,66.6,18.9,66.1,19.7,65.4,20.2,64.8,-0.8660254037844386,0.5000000000000001
2015157N13069,2015,ASHOBAA,2015-06-08 06:00:00,TS,18.0,67.0,35.0,994.0,7,315,18.0,67.2,17.7,67.6,18.5,66.6,18.7,66.4,19.3,65.7,20.1,65.1,20.5,64.4,-0.7071067811865477,0.7071067811865474
2015157N13069,2015,ASHOBAA,2015-06-08 09:00:00,TS,18.5,66.6,35.0,994.0,9,320,18.0,67.0,18.0,67.2,18.7,66.4,18.9,66.1,19.7,65.4,20.2,64.8,20.6,63.8,-0.6427876096865396,0.7660444431189778
2015157N13069,2015,ASHOBAA,2015-06-08 12:00:00,TS,18.7,66.4,35.0,994.0,7,315,18.5,66.6,18.0,67.0,18.9,66.1,19.3,65.7,20.1,65.1,20.5,64.4,21.0,63.3,-0.7071067811865477,0.7071067811865474
2015157N13069,2015,ASHOBAA,2015-06-08 15:00:00,TS,18.9,66.1,35.0,994.0,9,310,18.7,66.4,18.5,66.6,19.3,65.7,19.7,65.4,20.2,64.8,20.6,63.8,21.1,62.8,-0.7660444431189781,0.6427876096865393
2015157N13069,2015,ASHOBAA,2015-06-08 18:00:00,TS,19.3,65.7,35.0,994.0,10,315,18.9,66.1,18.7,66.4,19.7,65.4,20.1,65.1,20.5,64.4,21.0,63.3,21.1,62.6,-0.7071067811865477,0.7071067811865474
2015157N13069,2015,ASHOBAA,2015-06-08 21:00:00,TS,19.7,65.4,35.0,994.0,10,325,19.3,65.7,18.9,66.1,20.1,65.1,20.2,64.8,20.6,63.8,21.1,62.8,21.2,62.3,-0.5735764363510465,0.8191520442889916
2015157N13069,2015,ASHOBAA,2015-06-09 00:00:00,TS,20.1,65.1,35.0,992.0,8,315,19.7,65.4,19.3,65.7,20.2,64.8,20.5,64.4,21.0,63.3,21.1,62.6,21.2,62.0,-0.7071067811865477,0.7071067811865474
2015157N13069,2015,ASHOBAA,2015-06-09 03:00:00,TS,20.2,64.8,35.0,992.0,7,300,20.1,65.1,19.7,65.4,20.5,64.4,20.6,63.8,21.1,62.8,21.2,62.3,21.1,61.8,-0.8660254037844386,0.5000000000000001
2015157N13069,2015,ASHOBAA,2015-06-09 06:00:00,TS,20.5,64.4,35.0,990.0,10,295,20.2,64.8,20.1,65.1,20.6,63.8,21.0,63.3,21.1,62.6,21.2,62.0,21.1,61.6,-0.9063077870366499,0.4226182617406996
2015157N13069,2015,ASHOBAA,2015-06-09 09:00:00,TS,20.6,63.8,40.0,990.0,11,295,20.5,64.4,20.2,64.8,21.0,63.3,21.1,62.8,21.2,62.3,21.1,61.8,21.0,61.3,-0.9063077870366499,0.4226182617406996
2015157N13069,2015,ASHOBAA,2015-06-09 12:00:00,TS,21.0,63.3,40.0,990.0,10,295,20.6,63.8,20.5,64.4,21.1,62.8,21.1,62.6,21.2,62.0,21.1,61.6,21.0,61.3,-0.9063077870366499,0.4226182617406996
2015157N13069,2015,ASHOBAA,2015-06-09 15:00:00,TS,21.1,62.8,40.0,990.0,6,285,21.0,63.3,20.6,63.8,21.1,62.6,21.2,62.3,21.1,61.8,21.0,61.3,20.8,61.1,-0.9659258262890684,0.2588190451025203
2015157N13069,2015,ASHOBAA,2015-06-09 18:00:00,TS,21.1,62.6,45.0,990.0,5,280,21.1,62.8,21.0,63.3,21.2,62.3,21.2,62.0,21.1,61.6,21.0,61.3,20.8,61.1,-0.9848077530122081,0.17364817766692997
2015157N13069,2015,ASHOBAA,2015-06-09 21:00:00,TS,21.2,62.3,45.0,990.0,6,275,21.1,62.6,21.1,62.8,21.2,62.0,21.1,61.8,21.0,61.3,20.8,61.1,20.8,61.2,-0.9961946980917455,0.08715574274765789
2015157N13069,2015,ASHOBAA,2015-06-10 00:00:00,TS,21.2,62.0,45.0,990.0,5,265,21.2,62.3,21.1,62.6,21.1,61.8,21.1,61.6,21.0,61.3,20.8,61.1,20.8,60.9,-0.9961946980917455,-0.08715574274765825
2015157N13069,2015,ASHOBAA,2015-06-10 03:00:00,TS,21.1,61.8,45.0,990.0,4,265,21.2,62.0,21.2,62.3,21.1,61.6,21.0,61.3,20.8,61.1,20.8,61.2,20.8,60.8,-0.9961946980917455,-0.08715574274765825
2015157N13069,2015,ASHOBAA,2015-06-10 06:00:00,TS,21.1,61.6,45.0,990.0,4,255,21.1,61.8,21.2,62.0,21.0,61.3,21.0,61.3,20.8,61.1,20.8,60.9,20.8,60.6,-0.9659258262890683,-0.25881904510252063
2015157N13069,2015,ASHOBAA,2015-06-10 09:00:00,TS,21.0,61.3,45.0,990.0,3,250,21.1,61.6,21.1,61.8,21.0,61.3,20.8,61.1,20.8,61.2,20.8,60.8,20.8,60.4,-0.9396926207859084,-0.34202014332566855
2015157N13069,2015,ASHOBAA,2015-06-10 12:00:00,TS,21.0,61.3,45.0,990.0,3,220,21.0,61.3,21.1,61.6,20.8,61.1,20.8,61.1,20.8,60.9,20.8,60.6,20.8,60.2,-0.6427876096865393,-0.766044443118978
2015157N13069,2015,ASHOBAA,2015-06-10 15:00:00,TS,20.8,61.1,45.0,990.0,3,210,21.0,61.3,21.0,61.3,20.8,61.1,20.8,61.2,20.8,60.8,20.8,60.4,20.8,59.9,-0.5000000000000001,-0.8660254037844386
2015157N13069,2015,ASHOBAA,2015-06-10 18:00:00,TS,20.8,61.1,45.0,992.0,1,75,20.8,61.1,21.0,61.3,20.8,61.2,20.8,60.9,20.8,60.6,20.8,60.2,20.8,59.9,0.9659258262890683,0.25881904510252074
2015157N13069,2015,ASHOBAA,2015-06-10 21:00:00,TS,20.8,61.2,45.0,992.0,2,285,20.8,61.1,20.8,61.1,20.8,60.9,20.8,60.8,20.8,60.4,20.8,59.9,20.8,59.8,-0.9659258262890684,0.2588190451025203
2015157N13069,2015,ASHOBAA,2015-06-11 00:00:00,TS,20.8,60.9,40.0,994.0,4,270,20.8,61.2,20.8,61.1,20.8,60.8,20.8,60.6,20.8,60.2,20.8,59.9,20.8,59.8,-1.0,-1.8369701987210297e-16
2015157N13069,2015,ASHOBAA,2015-06-11 03:00:00,TS,20.8,60.8,40.0,994.0,3,270,20.8,60.9,20.8,61.2,20.8,60.6,20.8,60.4,20.8,59.9,20.8,59.8,20.8,59.7,-1.0,-1.8369701987210297e-16
2015157N13069,2015,ASHOBAA,2015-06-11 06:00:00,TS,20.8,60.6,35.0,994.0,4,270,20.8,60.8,20.8,60.9,20.8,60.4,20.8,60.2,20.8,59.9,20.8,59.8,20.8,59.7,-1.0,-1.8369701987210297e-16
2015171N18086,2015,UNNAMED,2015-06-20 09:00:00,TS,18.8,85.8,25.0,990.0,7,315,18.5,86.0,18.0,86.0,19.0,85.5,19.1,85.4,19.4,85.2,20.0,85.0,20.2,84.4,-0.7071067811865477,0.7071067811865474
2015171N18086,2015,UNNAMED,2015-06-20 12:00:00,TS,19.0,85.5,25.0,990.0,4,310,18.8,85.8,18.5,86.0,19.1,85.4,19.2,85.4,19.7,85.0,20.0,84.5,20.5,84.5,-0.7660444431189781,0.6427876096865393
2015171N18086,2015,UNNAMED,2015-06-20 15:00:00,TS,19.1,85.4,25.0,990.0,2,335,19.0,85.5,18.8,85.8,19.2,85.4,19.4,85.2,20.0,85.0,20.2,84.4,20.8,84.5,-0.4226182617406992,0.90630778703665
2015171N18086,2015,UNNAMED,2015-06-20 18:00:00,TS,19.2,85.4,25.0,990.0,4,320,19.1,85.4,19.0,85.5,19.4,85.2,19.7,85.0,20.0,84.5,20.5,84.5,21.0,84.5,-0.6427876096865396,0.7660444431189778
2015173N20067,2015,UNNAMED,2015-06-22 09:00:00,TS,20.0,66.9,25.0,990.0,0,0,20.0,67.0,20.0,67.0,20.0,67.0,20.1,67.7,20.4,68.9,20.5,70.5,21.1,71.2,0.0,1.0
2015173N20067,2015,UNNAMED,2015-06-22 12:00:00,TS,20.0,67.0,25.0,990.0,7,85,20.0,66.9,20.0,67.0,20.1,67.7,20.2,68.5,20.5,69.5,21.0,71.0,21.0,71.3,0.9961946980917455,0.08715574274765814
2015173N20067,2015,UNNAMED,2015-06-22 15:00:00,TS,20.1,67.7,25.0,990.0,14,80,20.0,67.0,20.0,66.9,20.2,68.5,20.4,68.9,20.5,70.5,21.1,71.2,21.3,71.4,0.984807753012208,0.17364817766693041
2015173N20067,2015,UNNAMED,2015-06-22 18:00:00,TS,20.2,68.5,25.0,990.0,12,75,20.1,67.7,20.0,67.0,20.4,68.9,20.5,69.5,21.0,71.0,21.0,71.3,21.6,71.4,0.9659258262890683,0.25881904510252074
2015173N20067,2015,UNNAMED,2015-06-22 21:00:00,TS,20.4,68.9,25.0,989.0,10,70,20.2,68.5,20.1,67.7,20.5,69.5,20.5,70.5,21.1,71.2,21.3,71.4,21.9,71.4,0.9396926207859083,0.3420201433256688
2015173N20067,2015,UNNAMED,2015-06-23 00:00:00,TS,20.5,69.5,25.0,988.0,15,85,20.4,68.9,20.2,68.5,20.5,70.5,21.0,71.0,21.0,71.3,21.6,71.4,22.2,71.5,0.9961946980917455,0.08715574274765814
2015173N20067,2015,UNNAMED,2015-06-23 03:00:00,TS,20.5,70.5,30.0,988.0,15,70,20.5,69.5,20.4,68.9,21.0,71.0,21.1,71.2,21.3,71.4,21.9,71.4,22.4,72.0,0.9396926207859083,0.3420201433256688
2015173N20067,2015,UNNAMED,2015-06-23 06:00:00,TS,21.0,71.0,30.0,988.0,9,50,20.5,70.5,20.5,69.5,21.1,71.2,21.0,71.3,21.6,71.4,22.2,71.5,22.8,72.7,0.766044443118978,0.6427876096865394
2015173N20067,2015,UNNAMED,2015-06-23 09:00:00,TS,21.1,71.2,30.0,989.0,3,90,21.0,71.0,20.5,70.5,21.0,71.3,21.3,71.4,21.9,71.4,22.4,72.0,23.0,73.3,1.0,6.123233995736766e-17
2015173N20067,2015,UNNAMED,2015-06-23 12:00:00,TS,21.0,71.3,30.0,990.0,2,30,21.1,71.2,21.0,71.0,21.3,71.4,21.6,71.4,22.2,71.5,22.8,72.7,23.5,74.0,0.49999999999999994,0.8660254037844387
2015173N20067,2015,UNNAMED,2015-06-23 15:00:00,TS,21.3,71.4,30.0,990.0,6,10,21.0,71.3,21.1,71.2,21.6,71.4,21.9,71.4,22.4,72.0,23.0,73.3,24.6,74.9,0.17364817766693033,0.984807753012208
2015173N20067,2015,UNNAMED,2015-06-23 18:00:00,TS,21.6,71.4,30.0,990.0,7,360,21.3,71.4,21.0,71.3,21.9,71.4,22.2,71.5,22.8,72.7,23.5,74.0,26.0,76.0,-2.4492935982947064e-16,1.0
2015191N23085,2015,UNNAMED,2015-07-10 09:00:00,TS,23.3,84.0,25.0,994.0,14,285,23.1,85.0,23.1,85.1,23.5,83.5,23.5,82.5,23.8,81.0,24.0,80.5,24.5,80.5,-0.9659258262890684,0.2588190451025203
2015191N23085,2015,UNNAMED,2015-07-10 12:00:00,TS,23.5,83.5,25.0,994.0,14,280,23.3,84.0,23.1,85.0,23.5,82.5,23.6,82.3,24.0,80.5,24.5,80.5,25.5,80.5,-0.9848077530122081,0.17364817766692997
2015191N23085,2015,UNNAMED,2015-07-10 15:00:00,TS,23.5,82.5,25.0,996.0,11,275,23.5,83.5,23.3,84.0,23.6,82.3,23.8,81.0,24.0,80.5,24.5,80.5,26.0,80.0,-0.9961946980917455,0.08715574274765789
2015191N23085,2015,UNNAMED,2015-07-10 18:00:00,TS,23.6,82.3,25.0,996.0,14,280,23.5,82.5,23.5,83.5,23.8,81.0,24.0,80.5,24.5,80.5,25.5,80.5,26.5,79.5,-0.9848077530122081,0.17364817766692997
2015191N23085,2015,UNNAMED,2015-07-10 21:00:00,TS,23.8,81.0,25.0,996.0,17,285,23.6,82.3,23.5,82.5,24.0,80.5,24.0,80.5,24.5,80.5,26.0,80.0,26.0,78.5,-0.9659258262890684,0.2588190451025203
2015191N23085,2015,UNNAMED,2015-07-11 00:00:00,TS,24.0,80.5,25.0,995.0,5,295,23.8,81.0,23.6,82.3,24.0,80.5,24.5,80.5,25.5,80.5,26.5,79.5,27.5,78.3,-0.9063077870366499,0.4226182617406996
2015191N23085,2015,UNNAMED,2015-07-11 03:00:00,TS,24.0,80.5,25.0,996.0,5,0,24.0,80.5,23.8,81.0,24.5,80.5,24.5,80.5,26.0,80.0,26.0,78.5,28.5,78.0,0.0,1.0
2015191N23085,2015,UNNAMED,2015-07-11 06:00:00,TS,24.5,80.5,25.0,996.0,5,0,24.0,80.5,24.0,80.5,24.5,80.5,25.5,80.5,26.5,79.5,27.5,78.3,28.5,77.5,0.0,1.0
2015191N23085,2015,UNNAMED,2015-07-11 09:00:00,TS,24.5,80.5,25.0,996.0,10,0,24.5,80.5,24.0,80.5,25.5,80.5,26.0,80.0,26.0,78.5,28.5,78.0,28.5,77.3,0.0,1.0
2015207N22091,2015,KOMEN,2015-07-26 06:00:00,TS,22.0,90.5,20.0,994.0,3,270,22.0,90.8,22.0,90.8,22.0,90.4,22.0,90.5,22.0,90.5,22.0,90.5,22.0,90.5,-1.0,-1.8369701987210297e-16
2015207N22091,2015,KOMEN,2015-07-26 09:00:00,TS,22.0,90.4,20.0,994.0,0,0,22.0,90.5,22.0,90.8,22.0,90.5,22.0,90.5,22.0,90.5,22.0,90.5,22.0,90.5,0.0,1.0
2015207N22091,2015,KOMEN,2015-07-26 12:00:00,TS,22.0,90.5,20.0,994.0,1,90,22.0,90.4,22.0,90.5,22.0,90.5,22.0,90.5,22.0,90.5,22.0,90.5,22.0,90.5,1.0,6.123233995736766e-17
2015207N22091,2015,KOMEN,2015-07-26 15:00:00,TS,22.0,90.5,20.0,994.0,0,0,22.0,90.5,22.0,90.4,22.0,90.5,22.0,90.5,22.0,90.5,22.0,90.5,22.0,90.5,0.0,1.0
2015207N22091,2015,KOMEN,2015-07-26 18:00:00,TS,22.0,90.5,20.0,994.0,0,0,22.0,90.5,22.0,90.5,22.0,90.5,22.0,90.5,22.0,90.5,22.0,90.5,22.0,90.5,0.0,1.0
2015207N22091,2015,KOMEN,2015-07-26 21:00:00,TS,22.0,90.5,20.0,994.0,0,0,22.0,90.5,22.0,90.5,22.0,90.5,22.0,90.5,22.0,90.5,22.0,90.5,22.0,90.5,0.0,1.0
2015207N22091,2015,KOMEN,2015-07-27 00:00:00,TS,22.0,90.5,20.0,994.0,0,0,22.0,90.5,22.0,90.5,22.0,90.5,22.0,90.5,22.0,90.5,22.0,90.5,22.0,90.5,0.0,1.0
2015207N22091,2015,KOMEN,2015-07-27 03:00:00,TS,22.0,90.5,25.0,994.0,0,0,22.0,90.5,22.0,90.5,22.0,90.5,22.0,90.5,22.0,90.5,22.0,90.5,22.0,90.5,0.0,1.0
2015207N22091,2015,KOMEN,2015-07-27 06:00:00,TS,22.0,90.5,25.0,994.0,0,0,22.0,90.5,22.0,90.5,22.0,90.5,22.0,90.5,22.0,90.5,22.0,90.5,21.6,90.4,0.0,1.0
2015207N22091,2015,KOMEN,2015-07-27 09:00:00,TS,22.0,90.5,25.0,994.0,0,0,22.0,90.5,22.0,90.5,22.0,90.5,22.0,90.5,22.0,90.5,22.0,90.5,21.4,90.4,0.0,1.0
2015207N22091,2015,KOMEN,2015-07-27 12:00:00,TS,22.0,90.5,25.0,994.0,0,0,22.0,90.5,22.0,90.5,22.0,90.5,22.0,90.5,22.0,90.5,21.6,90.4,21.3,90.5,0.0,1.0
2015207N22091,2015,KOMEN,2015-07-27 15:00:00,TS,22.0,90.5,25.0,994.0,0,0,22.0,90.5,22.0,90.5,22.0,90.5,22.0,90.5,22.0,90.5,21.4,90.4,21.3,90.7,0.0,1.0
2015207N22091,2015,KOMEN,2015-07-27 18:00:00,TS,22.0,90.5,25.0,994.0,0,0,22.0,90.5,22.0,90.5,22.0,90.5,22.0,90.5,21.6,90.4,21.3,90.5,21.2,90.9,0.0,1.0
2015207N22091,2015,KOMEN,2015-07-27 21:00:00,TS,22.0,90.5,25.0,994.0,0,0,22.0,90.5,22.0,90.5,22.0,90.5,22.0,90.5,21.4,90.4,21.3,90.7,21.0,91.0,0.0,1.0
2015207N22091,2015,KOMEN,2015-07-28 00:00:00,TS,22.0,90.5,25.0,994.0,0,0,22.0,90.5,22.0,90.5,22.0,90.5,21.6,90.4,21.3,90.5,21.2,90.9,21.0,91.1,0.0,1.0
2015207N22091,2015,KOMEN,2015-07-28 03:00:00,TS,22.0,90.5,25.0,994.0,4,190,22.0,90.5,22.0,90.5,21.6,90.4,21.4,90.4,21.3,90.7,21.0,91.0,21.0,91.1,-0.17364817766693047,-0.984807753012208
2015207N22091,2015,KOMEN,2015-07-28 06:00:00,MX,21.6,90.4,25.0,994.0,6,190,22.0,90.5,22.0,90.5,21.4,90.4,21.3,90.5,21.2,90.9,21.0,91.1,21.1,91.2,-0.17364817766693047,-0.984807753012208
2015207N22091,2015,KOMEN,2015-07-28 09:00:00,MX,21.4,90.4,25.0,994.0,3,170,21.6,90.4,22.0,90.5,21.3,90.5,21.3,90.7,21.0,91.0,21.0,91.1,21.2,91.2,0.17364817766693028,-0.984807753012208
2015207N22091,2015,KOMEN,2015-07-28 12:00:00,MX,21.3,90.5,25.0,994.0,3,115,21.4,90.4,21.6,90.4,21.3,90.7,21.2,90.9,21.0,91.1,21.1,91.2,21.3,91.3,0.90630778703665,-0.42261826174069933
2015207N22091,2015,KOMEN,2015-07-28 15:00:00,MX,21.3,90.7,25.0,993.0,4,110,21.3,90.5,21.4,90.4,21.2,90.9,21.0,91.0,21.0,91.1,21.2,91.2,21.4,91.3,0.9396926207859084,-0.3420201433256687
2015207N22091,2015,KOMEN,2015-07-28 18:00:00,MX,21.2,90.9,25.0,992.0,4,130,21.3,90.7,21.3,90.5,21.0,91.0,21.0,91.1,21.1,91.2,21.3,91.3,21.5,91.4,0.766044443118978,-0.6427876096865394
2015207N22091,2015,KOMEN,2015-07-28 21:00:00,MX,21.0,91.0,28.0,991.0,3,130,21.2,90.9,21.3,90.7,21.0,91.1,21.0,91.1,21.2,91.2,21.4,91.3,21.5,91.4,0.766044443118978,-0.6427876096865394
2015207N22091,2015,KOMEN,2015-07-29 00:00:00,MX,21.0,91.1,30.0,990.0,1,90,21.0,91.0,21.2,90.9,21.0,91.1,21.1,91.2,21.3,91.3,21.5,91.4,21.7,91.5,1.0,6.123233995736766e-17
2015207N22091,2015,KOMEN,2015-07-29 03:00:00,MX,21.0,91.1,30.0,990.0,2,10,21.0,91.1,21.0,91.0,21.1,91.2,21.2,91.2,21.4,91.3,21.5,91.4,21.9,91.5,0.17364817766693033,0.984807753012208
2015207N22091,2015,KOMEN,2015-07-29 06:00:00,MX,21.1,91.2,30.0,990.0,2,30,21.0,91.1,21.0,91.1,21.2,91.2,21.3,91.3,21.5,91.4,21.7,91.5,22.1,91.5,0.49999999999999994,0.8660254037844387
2015207N22091,2015,KOMEN,2015-07-29 09:00:00,MX,21.2,91.2,30.0,989.0,3,30,21.1,91.2,21.0,91.1,21.3,91.3,21.4,91.3,21.5,91.4,21.9,91.5,22.1,91.5,0.49999999999999994,0.8660254037844387
2015207N22091,2015,KOMEN,2015-07-29 12:00:00,MX,21.3,91.3,30.0,988.0,2,25,21.2,91.2,21.1,91.2,21.4,91.3,21.5,91.4,21.7,91.5,22.1,91.5,22.3,91.5,0.42261826174069944,0.9063077870366499
2015207N22091,2015,KOMEN,2015-07-29 15:00:00,MX,21.4,91.3,33.0,987.0,2,10,21.3,91.3,21.2,91.2,21.5,91.4,21.5,91.4,21.9,91.5,22.1,91.5,22.5,91.4,0.17364817766693033,0.984807753012208
2015207N22091,2015,KOMEN,2015-07-29 18:00:00,MX,21.5,91.4,35.0,986.0,1,30,21.4,91.3,21.3,91.3,21.5,91.4,21.7,91.5,22.1,91.5,22.3,91.5,22.7,91.2,0.49999999999999994,0.8660254037844387
2015207N22091,2015,KOMEN,2015-07-29 21:00:00,MX,21.5,91.4,35.0,986.0,2,30,21.5,91.4,21.4,91.3,21.7,91.5,21.9,91.5,22.1,91.5,22.5,91.4,22.9,91.1,0.49999999999999994,0.8660254037844387
2015207N22091,2015,KOMEN,2015-07-30 00:00:00,MX,21.7,91.5,35.0,986.0,3,15,21.5,91.4,21.5,91.4,21.9,91.5,22.1,91.5,22.3,91.5,22.7,91.2,23.1,90.2,0.25881904510252074,0.9659258262890683
2015207N22091,2015,KOMEN,2015-07-30 03:00:00,MX,21.9,91.5,35.0,986.0,4,5,21.7,91.5,21.5,91.4,22.1,91.5,22.1,91.5,22.5,91.4,22.9,91.1,23.1,90.0,0.08715574274765817,0.9961946980917455
2015207N22091,2015,KOMEN,2015-07-30 06:00:00,MX,22.1,91.5,40.0,986.0,3,355,21.9,91.5,21.7,91.5,22.1,91.5,22.3,91.5,22.7,91.2,23.1,90.2,23.1,89.8,-0.08715574274765832,0.9961946980917455
2015207N22091,2015,KOMEN,2015-07-30 09:00:00,MX,22.1,91.5,40.0,986.0,2,345,22.1,91.5,21.9,91.5,22.3,91.5,22.5,91.4,22.9,91.1,23.1,90.0,23.1,89.6,-0.2588190451025207,0.9659258262890683
2015207N22091,2015,KOMEN,2015-07-30 12:00:00,MX,22.3,91.5,35.0,988.0,3,345,22.1,91.5,22.1,91.5,22.5,91.4,22.7,91.2,23.1,90.2,23.1,89.8,23.1,89.5,-0.2588190451025207,0.9659258262890683
2015207N22091,2015,KOMEN,2015-07-30 15:00:00,MX,22.5,91.4,35.0,988.0,5,335,22.3,91.5,22.1,91.5,22.7,91.2,22.9,91.1,23.1,90.0,23.1,89.6,23.1,89.4,-0.4226182617406992,0.90630778703665
2015207N22091,2015,KOMEN,2015-07-30 18:00:00,MX,22.7,91.2,35.0,988.0,6,325,22.5,91.4,22.3,91.5,22.9,91.1,23.1,90.2,23.1,89.8,23.1,89.5,23.1,89.4,-0.5735764363510465,0.8191520442889916
2015207N22091,2015,KOMEN,2015-07-30 21:00:00,MX,22.9,91.1,30.0,988.0,10,290,22.7,91.2,22.5,91.4,23.1,90.2,23.1,90.0,23.1,89.6,23.1,89.4,23.2,89.3,-0.9396926207859083,0.342020143325669
2015207N22091,2015,KOMEN,2015-07-31 00:00:00,MX,23.1,90.2,30.0,990.0,10,280,22.9,91.1,22.7,91.2,23.1,90.0,23.1,89.8,23.1,89.5,23.1,89.4,23.2,89.2,-0.9848077530122081,0.17364817766692997
2015207N22091,2015,KOMEN,2015-07-31 03:00:00,TS,23.1,90.0,30.0,990.0,4,275,23.1,90.2,22.9,91.1,23.1,89.8,23.1,89.6,23.1,89.4,23.2,89.3,23.2,89.2,-0.9961946980917455,0.08715574274765789
2015207N22091,2015,KOMEN,2015-07-31 06:00:00,TS,23.1,89.8,30.0,992.0,3,270,23.1,90.0,23.1,90.2,23.1,89.6,23.1,89.5,23.1,89.4,23.2,89.2,23.5,88.8,-1.0,-1.8369701987210297e-16
2015207N22091,2015,KOMEN,2015-07-31 09:00:00,TS,23.1,89.6,28.0,993.0,3,270,23.1,89.8,23.1,90.0,23.1,89.5,23.1,89.4,23.2,89.3,23.2,89.2,23.7,88.6,-1.0,-1.8369701987210297e-16
2015207N22091,2015,KOMEN,2015-07-31 12:00:00,TS,23.1,89.5,25.0,994.0,2,265,23.1,89.6,23.1,89.8,23.1,89.4,23.1,89.4,23.2,89.2,23.5,88.8,23.8,88.4,-0.9961946980917455,-0.08715574274765825
2015207N22091,2015,KOMEN,2015-07-31 15:00:00,TS,23.1,89.4,25.0,994.0,1,270,23.1,89.5,23.1,89.6,23.1,89.4,23.2,89.3,23.2,89.2,23.7,88.6,23.8,88.0,-1.0,-1.8369701987210297e-16
2015207N22091,2015,KOMEN,2015-07-31 18:00:00,TS,23.1,89.4,25.0,994.0,2,295,23.1,89.4,23.1,89.5,23.2,89.3,23.2,89.2,23.5,88.8,23.8,88.4,23.8,87.5,-0.9063077870366499,0.4226182617406996
2015207N22091,2015,KOMEN,2015-07-31 21:00:00,TS,23.2,89.3,23.0,994.0,2,300,23.1,89.4,23.1,89.4,23.2,89.2,23.2,89.2,23.7,88.6,23.8,88.0,23.9,87.2,-0.8660254037844386,0.5000000000000001
2015207N22091,2015,KOMEN,2015-08-01 00:00:00,TS,23.2,89.2,20.0,994.0,1,300,23.2,89.3,23.1,89.4,23.2,89.2,23.5,88.8,23.8,88.4,23.8,87.5,23.8,86.7,-0.8660254037844386,0.5000000000000001
2015207N22091,2015,KOMEN,2015-08-01 03:00:00,TS,23.2,89.2,20.0,994.0,5,310,23.2,89.2,23.2,89.3,23.5,88.8,23.7,88.6,23.8,88.0,23.9,87.2,23.5,86.0,-0.7660444431189781,0.6427876096865393
2015207N22091,2015,KOMEN,2015-08-01 06:00:00,TS,23.5,88.8,20.0,994.0,8,310,23.2,89.2,23.2,89.2,23.7,88.6,23.8,88.4,23.8,87.5,23.8,86.7,23.3,85.7,-0.7660444431189781,0.6427876096865393
2015207N22091,2015,KOMEN,2015-08-01 09:00:00,TS,23.7,88.6,20.0,994.0,5,310,23.5,88.8,23.2,89.2,23.8,88.4,23.8,88.0,23.9,87.2,23.5,86.0,23.1,85.5,-0.7660444431189781,0.6427876096865393
2015209N26072,2015,UNNAMED,2015-07-27 18:00:00,TS,25.8,71.8,25.0,996.0,1,0,26.0,71.8,26.2,71.8,26.1,71.8,26.2,71.8,24.8,71.8,25.5,72.0,25.8,72.1,0.0,1.0
2015209N26072,2015,UNNAMED,2015-07-27 21:00:00,TS,26.1,71.8,25.0,996.0,4,0,25.8,71.8,26.0,71.8,26.2,71.8,24.8,71.8,24.8,71.8,25.6,72.1,25.9,72.3,0.0,1.0
2015209N26072,2015,UNNAMED,2015-07-28 00:00:00,TS,26.2,71.8,25.0,994.0,13,180,26.1,71.8,25.8,71.8,24.8,71.8,24.8,71.8,25.5,72.0,25.8,72.1,26.5,72.5,1.2246467991473532e-16,-1.0
2015209N26072,2015,UNNAMED,2015-07-28 03:00:00,TS,24.8,71.8,30.0,994.0,14,0,26.2,71.8,26.1,71.8,24.8,71.8,24.8,71.8,25.6,72.1,25.9,72.3,27.2,73.0,0.0,1.0
2015209N26072,2015,UNNAMED,2015-07-28 06:00:00,TS,24.8,71.8,30.0,994.0,0,0,24.8,71.8,26.2,71.8,24.8,71.8,25.5,72.0,25.8,72.1,26.5,72.5,27.2,73.0,0.0,1.0
2015209N26072,2015,UNNAMED,2015-07-28 09:00:00,TS,24.8,71.8,30.0,994.0,7,15,24.8,71.8,24.8,71.8,25.5,72.0,25.6,72.1,25.9,72.3,27.2,73.0,27.2,73.0,0.25881904510252074,0.9659258262890683
2015209N26072,2015,UNNAMED,2015-07-28 12:00:00,TS,25.5,72.0,30.0,994.0,8,20,24.8,71.8,24.8,71.8,25.6,72.1,25.8,72.1,26.5,72.5,27.2,73.0,27.7,73.0,0.3420201433256687,0.9396926207859084
2015209N26072,2015,UNNAMED,2015-07-28 15:00:00,TS,25.6,72.1,30.0,996.0,3,15,25.5,72.0,24.8,71.8,25.8,72.1,25.9,72.3,27.2,73.0,27.2,73.0,27.9,73.0,0.25881904510252074,0.9659258262890683
2015209N26072,2015,UNNAMED,2015-07-28 18:00:00,TS,25.8,72.1,30.0,996.0,4,30,25.6,72.1,25.5,72.0,25.9,72.3,26.5,72.5,27.2,73.0,27.7,73.0,27.9,73.1,0.49999999999999994,0.8660254037844387
2015209N26072,2015,UNNAMED,2015-07-28 21:00:00,TS,25.9,72.3,25.0,996.0,8,25,25.8,72.1,25.6,72.1,26.5,72.5,27.2,73.0,27.2,73.0,27.9,73.0,28.0,73.1,0.42261826174069944,0.9063077870366499
2015209N26072,2015,UNNAMED,2015-07-29 00:00:00,TS,26.5,72.5,25.0,996.0,14,25,25.9,72.3,25.8,72.1,27.2,73.0,27.2,73.0,27.7,73.0,27.9,73.1,28.7,73.4,0.42261826174069944,0.9063077870366499
2015259N20084,2015,UNNAMED,2015-09-16 09:00:00,TS,20.4,82.7,25.0,998.0,5,295,20.3,83.0,19.6,83.5,20.5,82.5,20.6,82.0,21.0,81.9,21.0,79.5,20.0,79.5,-0.9063077870366499,0.4226182617406996
2015259N20084,2015,UNNAMED,2015-09-16 12:00:00,TS,20.5,82.5,25.0,998.0,7,285,20.4,82.7,20.3,83.0,20.6,82.0,20.8,81.9,21.1,81.5,20.5,79.5,20.5,79.0,-0.9659258262890684,0.2588190451025203
2015259N20084,2015,UNNAMED,2015-09-16 15:00:00,TS,20.6,82.0,25.0,998.0,6,300,20.5,82.5,20.4,82.7,20.8,81.9,21.0,81.9,21.0,79.5,20.0,79.5,20.0,77.5,-0.8660254037844386,0.5000000000000001
2015259N20084,2015,UNNAMED,2015-09-16 18:00:00,TS,20.8,81.9,25.0,998.0,4,345,20.6,82.0,20.5,82.5,21.0,81.9,21.1,81.5,20.5,79.5,20.5,79.0,20.0,77.0,-0.2588190451025207,0.9659258262890683
2015259N20084,2015,UNNAMED,2015-09-16 21:00:00,TS,21.0,81.9,25.0,998.0,5,310,20.8,81.9,20.6,82.0,21.1,81.5,21.0,79.5,20.0,79.5,20.0,77.5,20.0,76.4,-0.7660444431189781,0.6427876096865393
2015259N20084,2015,UNNAMED,2015-09-17 00:00:00,TS,21.1,81.5,25.0,998.0,22,270,21.0,81.9,20.8,81.9,21.0,79.5,20.5,79.5,20.5,79.0,20.0,77.0,20.8,77.4,-1.0,-1.8369701987210297e-16
2015259N20084,2015,UNNAMED,2015-09-17 03:00:00,TS,21.0,79.5,30.0,998.0,20,250,21.1,81.5,21.0,81.9,20.5,79.5,20.0,79.5,20.0,77.5,20.0,76.4,20.7,77.0,-0.9396926207859084,-0.34202014332566855
2015259N20084,2015,UNNAMED,2015-09-17 06:00:00,TS,20.5,79.5,30.0,998.0,10,180,21.0,79.5,21.1,81.5,20.0,79.5,20.5,79.0,20.0,77.0,20.8,77.4,20.0,77.0,1.2246467991473532e-16,-1.0
2015259N20084,2015,UNNAMED,2015-09-17 09:00:00,TS,20.0,79.5,30.0,998.0,5,270,20.5,79.5,21.0,79.5,20.5,79.0,20.0,77.5,20.0,76.4,20.7,77.0,20.7,76.5,-1.0,-1.8369701987210297e-16
2015259N20084,2015,UNNAMED,2015-09-17 12:00:00,TS,20.5,79.0,30.0,996.0,19,270,20.0,79.5,20.5,79.5,20.0,77.5,20.0,77.0,20.8,77.4,20.0,77.0,20.5,76.0,-1.0,-1.8369701987210297e-16
2015259N20084,2015,UNNAMED,2015-09-17 15:00:00,TS,20.0,77.5,30.0,996.0,19,255,20.5,79.0,20.0,79.5,20.0,77.0,20.0,76.4,20.7,77.0,20.7,76.5,20.5,75.8,-0.9659258262890683,-0.25881904510252063
2015259N20084,2015,UNNAMED,2015-09-17 18:00:00,TS,20.0,77.0,30.0,996.0,10,270,20.0,77.5,20.5,79.0,20.0,76.4,20.8,77.4,20.0,77.0,20.5,76.0,20.5,75.5,-1.0,-1.8369701987210297e-16
2015259N20084,2015,UNNAMED,2015-09-17 21:00:00,TS,20.0,76.4,30.0,996.0,9,25,20.0,77.0,20.0,77.5,20.8,77.4,20.7,77.0,20.7,76.5,20.5,75.8,20.8,75.0,0.42261826174069944,0.9063077870366499
2015259N20084,2015,UNNAMED,2015-09-18 00:00:00,TS,20.8,77.4,25.0,996.0,9,40,20.0,76.4,20.0,77.0,20.7,77.0,20.0,77.0,20.5,76.0,20.5,75.5,21.0,74.5,0.6427876096865393,0.766044443118978
2015280N13071,2015,UNNAMED,2015-10-07 06:00:00,TS,12.5,71.4,,,2,110,12.6,71.3,12.7,71.3,12.5,71.5,12.6,71.6,12.8,71.7,12.9,71.5,12.9,71.3,0.9396926207859084,-0.3420201433256687
2015280N13071,2015,UNNAMED,2015-10-07 09:00:00,TS,12.5,71.5,,,2,65,12.5,71.4,12.6,71.3,12.6,71.6,12.7,71.7,12.9,71.6,12.9,71.4,13.0,71.2,0.9063077870366499,0.42261826174069944
2015280N13071,2015,UNNAMED,2015-10-07 12:00:00,TS,12.6,71.6,,,3,45,12.5,71.5,12.5,71.4,12.7,71.7,12.8,71.7,12.9,71.5,12.9,71.3,13.2,71.1,0.7071067811865475,0.7071067811865476
2015280N13071,2015,UNNAMED,2015-10-07 15:00:00,TS,12.7,71.7,,,2,25,12.6,71.6,12.5,71.5,12.8,71.7,12.9,71.6,12.9,71.4,13.0,71.2,13.3,71.0,0.42261826174069944,0.9063077870366499
2015280N13071,2015,UNNAMED,2015-10-07 18:00:00,TS,12.8,71.7,,,2,345,12.7,71.7,12.6,71.6,12.9,71.6,12.9,71.5,12.9,71.3,13.2,71.1,13.4,70.9,-0.2588190451025207,0.9659258262890683
2015280N13071,2015,UNNAMED,2015-10-07 21:00:00,TS,12.9,71.6,,,2,295,12.8,71.7,12.7,71.7,12.9,71.5,12.9,71.4,13.0,71.2,13.3,71.0,13.5,70.8,-0.9063077870366499,0.4226182617406996
2015280N13071,2015,UNNAMED,2015-10-08 00:00:00,TS,12.9,71.5,,,2,275,12.9,71.6,12.8,71.7,12.9,71.4,12.9,71.3,13.2,71.1,13.4,70.9,13.7,70.6,-0.9961946980917455,0.08715574274765789
2015280N13071,2015,UNNAMED,2015-10-08 03:00:00,TS,12.9,71.4,,,2,270,12.9,71.5,12.9,71.6,12.9,71.3,13.0,71.2,13.3,71.0,13.5,70.8,13.8,70.5,-1.0,-1.8369701987210297e-16
2015280N13071,2015,UNNAMED,2015-10-08 06:00:00,TS,12.9,71.3,,,2,310,12.9,71.4,12.9,71.5,13.0,71.2,13.2,71.1,13.4,70.9,13.7,70.6,14.0,70.4,-0.7660444431189781,0.6427876096865393
2015280N13071,2015,UNNAMED,2015-10-08 09:00:00,TS,13.0,71.2,,,4,325,12.9,71.3,12.9,71.4,13.2,71.1,13.3,71.0,13.5,70.8,13.8,70.5,14.1,70.3,-0.5735764363510465,0.8191520442889916
2015280N13071,2015,UNNAMED,2015-10-08 12:00:00,TS,13.2,71.1,,,3,325,13.0,71.2,12.9,71.3,13.3,71.0,13.4,70.9,13.7,70.6,14.0,70.4,14.3,70.2,-0.5735764363510465,0.8191520442889916
2015280N13071,2015,UNNAMED,2015-10-08 15:00:00,TS,13.3,71.0,,,3,315,13.2,71.1,13.0,71.2,13.4,70.9,13.5,70.8,13.8,70.5,14.1,70.3,14.5,70.1,-0.7071067811865477,0.7071067811865474
2015280N13071,2015,UNNAMED,2015-10-08 18:00:00,TS,13.4,70.9,,,3,315,13.3,71.0,13.2,71.1,13.5,70.8,13.7,70.6,14.0,70.4,14.3,70.2,14.7,69.9,-0.7071067811865477,0.7071067811865474
2015280N13071,2015,UNNAMED,2015-10-08 21:00:00,TS,13.5,70.8,,,4,315,13.4,70.9,13.3,71.0,13.7,70.6,13.8,70.5,14.1,70.3,14.5,70.1,14.8,69.7,-0.7071067811865477,0.7071067811865474
2015280N13071,2015,UNNAMED,2015-10-09 00:00:00,TS,13.7,70.6,25.0,1004.0,4,320,13.5,70.8,13.4,70.9,13.8,70.5,14.0,70.4,14.3,70.2,14.7,69.9,15.0,69.6,-0.6427876096865396,0.7660444431189778
2015280N13071,2015,UNNAMED,2015-10-09 03:00:00,TS,13.8,70.5,25.0,1004.0,4,325,13.7,70.6,13.5,70.8,14.0,70.4,14.1,70.3,14.5,70.1,14.8,69.7,15.1,69.5,-0.5735764363510465,0.8191520442889916
2015280N13071,2015,UNNAMED,2015-10-09 06:00:00,TS,14.0,70.4,25.0,1004.0,4,330,13.8,70.5,13.7,70.6,14.1,70.3,14.3,70.2,14.7,69.9,15.0,69.6,15.1,69.4,-0.5000000000000004,0.8660254037844384
2015280N13071,2015,UNNAMED,2015-10-09 09:00:00,TS,14.1,70.3,25.0,1003.0,4,325,14.0,70.4,13.8,70.5,14.3,70.2,14.5,70.1,14.8,69.7,15.1,69.5,15.2,69.4,-0.5735764363510465,0.8191520442889916
2015280N13071,2015,UNNAMED,2015-10-09 12:00:00,TS,14.3,70.2,25.0,1002.0,4,325,14.1,70.3,14.0,70.4,14.5,70.1,14.7,69.9,15.0,69.6,15.1,69.4,15.3,69.4,-0.5735764363510465,0.8191520442889916
2015280N13071,2015,UNNAMED,2015-10-09 15:00:00,TS,14.5,70.1,28.0,1002.0,5,325,14.3,70.2,14.1,70.3,14.7,69.9,14.8,69.7,15.1,69.5,15.2,69.4,15.3,69.4,-0.5735764363510465,0.8191520442889916
2015280N13071,2015,UNNAMED,2015-10-09 18:00:00,TS,14.7,69.9,30.0,1001.0,5,320,14.5,70.1,14.3,70.2,14.8,69.7,15.0,69.6,15.1,69.4,15.3,69.4,15.4,69.4,-0.6427876096865396,0.7660444431189778
2015280N13071,2015,UNNAMED,2015-10-09 21:00:00,TS,14.8,69.7,30.0,1001.0,4,310,14.7,69.9,14.5,70.1,15.0,69.6,15.1,69.5,15.2,69.4,15.3,69.4,15.5,69.4,-0.7660444431189781,0.6427876096865393
2015280N13071,2015,UNNAMED,2015-10-10 00:00:00,TS,15.0,69.6,30.0,1001.0,3,310,14.8,69.7,14.7,69.9,15.1,69.5,15.1,69.4,15.3,69.4,15.4,69.4,15.6,69.3,-0.7660444431189781,0.6427876096865393
2015280N13071,2015,UNNAMED,2015-10-10 03:00:00,TS,15.1,69.5,30.0,1001.0,2,310,15.0,69.6,14.8,69.7,15.1,69.4,15.2,69.4,15.3,69.4,15.5,69.4,15.7,69.3,-0.7660444431189781,0.6427876096865393
2015280N13071,2015,UNNAMED,2015-10-10 06:00:00,TS,15.1,69.4,30.0,1000.0,2,320,15.1,69.5,15.0,69.6,15.2,69.4,15.3,69.4,15.4,69.4,15.6,69.3,15.7,69.2,-0.6427876096865396,0.7660444431189778
2015280N13071,2015,UNNAMED,2015-10-10 09:00:00,TS,15.2,69.4,30.0,1000.0,2,0,15.1,69.4,15.1,69.5,15.3,69.4,15.3,69.4,15.5,69.4,15.7,69.3,15.8,69.2,0.0,1.0
2015280N13071,2015,UNNAMED,2015-10-10 12:00:00,TS,15.3,69.4,30.0,1000.0,2,10,15.2,69.4,15.1,69.4,15.3,69.4,15.4,69.4,15.6,69.3,15.7,69.2,15.9,69.2,0.17364817766693033,0.984807753012208
2015280N13071,2015,UNNAMED,2015-10-10 15:00:00,TS,15.3,69.4,30.0,1000.0,2,0,15.3,69.4,15.2,69.4,15.4,69.4,15.5,69.4,15.7,69.3,15.8,69.2,16.0,69.2,0.0,1.0
2015280N13071,2015,UNNAMED,2015-10-10 18:00:00,TS,15.4,69.4,30.0,1000.0,2,350,15.3,69.4,15.3,69.4,15.5,69.4,15.6,69.3,15.7,69.2,15.9,69.2,16.0,69.2,-0.1736481776669304,0.984807753012208
2015280N13071,2015,UNNAMED,2015-10-10 21:00:00,TS,15.5,69.4,30.0,1001.0,2,340,15.4,69.4,15.3,69.4,15.6,69.3,15.7,69.3,15.8,69.2,16.0,69.2,16.0,69.1,-0.3420201433256686,0.9396926207859084
2015280N13071,2015,UNNAMED,2015-10-11 00:00:00,TS,15.6,69.3,30.0,1001.0,2,325,15.5,69.4,15.4,69.4,15.7,69.3,15.7,69.2,15.9,69.2,16.0,69.2,16.1,69.0,-0.5735764363510465,0.8191520442889916
2015301N11065,2015,CHAPALA,2015-10-27 18:00:00,TS,11.1,64.9,,,5,335,10.9,65.0,10.7,65.1,11.3,64.8,11.6,64.7,12.0,64.8,12.7,64.8,13.1,64.6,-0.4226182617406992,0.90630778703665
2015301N11065,2015,CHAPALA,2015-10-27 21:00:00,TS,11.3,64.8,,,5,340,11.1,64.9,10.9,65.0,11.6,64.7,11.8,64.7,12.4,64.8,12.9,64.8,13.3,64.4,-0.3420201433256686,0.9396926207859084
2015301N11065,2015,CHAPALA,2015-10-28 00:00:00,TS,11.6,64.7,,,4,350,11.3,64.8,11.1,64.9,11.8,64.7,12.0,64.8,12.7,64.8,13.1,64.6,13.6,64.3,-0.1736481776669304,0.984807753012208
2015301N11065,2015,CHAPALA,2015-10-28 03:00:00,TS,11.8,64.7,25.0,1005.0,4,10,11.6,64.7,11.3,64.8,12.0,64.8,12.4,64.8,12.9,64.8,13.3,64.4,13.7,64.1,0.17364817766693033,0.984807753012208
2015301N11065,2015,CHAPALA,2015-10-28 06:00:00,TS,12.0,64.8,25.0,1004.0,6,5,11.8,64.7,11.6,64.7,12.4,64.8,12.7,64.8,13.1,64.6,13.6,64.3,13.9,63.8,0.08715574274765817,0.9961946980917455
2015301N11065,2015,CHAPALA,2015-10-28 09:00:00,TS,12.4,64.8,28.0,1003.0,7,5,12.0,64.8,11.8,64.7,12.7,64.8,12.9,64.8,13.3,64.4,13.7,64.1,14.0,63.5,0.08715574274765817,0.9961946980917455
2015301N11065,2015,CHAPALA,2015-10-28 12:00:00,TS,12.7,64.8,30.0,1001.0,5,355,12.4,64.8,12.0,64.8,12.9,64.8,13.1,64.6,13.6,64.3,13.9,63.8,14.2,63.2,-0.08715574274765832,0.9961946980917455
2015301N11065,2015,CHAPALA,2015-10-28 15:00:00,TS,12.9,64.8,30.0,1001.0,4,340,12.7,64.8,12.4,64.8,13.1,64.6,13.3,64.4,13.7,64.1,14.0,63.5,14.3,62.8,-0.3420201433256686,0.9396926207859084
2015301N11065,2015,CHAPALA,2015-10-28 18:00:00,TS,13.1,64.6,30.0,1001.0,5,320,12.9,64.8,12.7,64.8,13.3,64.4,13.6,64.3,13.9,63.8,14.2,63.2,14.3,62.5,-0.6427876096865396,0.7660444431189778
2015301N11065,2015,CHAPALA,2015-10-28 21:00:00,TS,13.3,64.4,33.0,1000.0,6,320,13.1,64.6,12.9,64.8,13.6,64.3,13.7,64.1,14.0,63.5,14.3,62.8,14.3,62.2,-0.6427876096865396,0.7660444431189778
2015301N11065,2015,CHAPALA,2015-10-29 00:00:00,TS,13.6,64.3,35.0,999.0,5,325,13.3,64.4,13.1,64.6,13.7,64.1,13.9,63.8,14.2,63.2,14.3,62.5,14.3,61.8,-0.5735764363510465,0.8191520442889916
2015301N11065,2015,CHAPALA,2015-10-29 03:00:00,TS,13.7,64.1,40.0,997.0,6,300,13.6,64.3,13.3,64.4,13.9,63.8,14.0,63.5,14.3,62.8,14.3,62.2,14.2,61.5,-0.8660254037844386,0.5000000000000001
2015301N11065,2015,CHAPALA,2015-10-29 06:00:00,TS,13.9,63.8,45.0,996.0,7,295,13.7,64.1,13.6,64.3,14.0,63.5,14.2,63.2,14.3,62.5,14.3,61.8,14.2,61.1,-0.9063077870366499,0.4226182617406996
2015301N11065,2015,CHAPALA,2015-10-29 09:00:00,TS,14.0,63.5,50.0,994.0,6,300,13.9,63.8,13.7,64.1,14.2,63.2,14.3,62.8,14.3,62.2,14.2,61.5,14.1,60.8,-0.8660254037844386,0.5000000000000001
2015301N11065,2015,CHAPALA,2015-10-29 12:00:00,TS,14.2,63.2,55.0,990.0,7,290,14.0,63.5,13.9,63.8,14.3,62.8,14.3,62.5,14.3,61.8,14.2,61.1,14.1,60.6,-0.9396926207859083,0.342020143325669
2015301N11065,2015,CHAPALA,2015-10-29 15:00:00,TS,14.3,62.8,60.0,988.0,7,280,14.2,63.2,14.0,63.5,14.3,62.5,14.3,62.2,14.2,61.5,14.1,60.8,14.0,60.4,-0.9848077530122081,0.17364817766692997
2015301N11065,2015,CHAPALA,2015-10-29 18:00:00,TS,14.3,62.5,65.0,984.0,6,270,14.3,62.8,14.2,63.2,14.3,62.2,14.3,61.8,14.2,61.1,14.1,60.6,13.9,60.2,-1.0,-1.8369701987210297e-16
2015301N11065,2015,CHAPALA,2015-10-29 21:00:00,TS,14.3,62.2,75.0,976.0,6,270,14.3,62.5,14.3,62.8,14.3,61.8,14.2,61.5,14.1,60.8,14.0,60.4,13.9,59.9,-1.0,-1.8369701987210297e-16
2015301N11065,2015,CHAPALA,2015-10-30 00:00:00,TS,14.3,61.8,90.0,966.0,7,270,14.3,62.2,14.3,62.5,14.2,61.5,14.2,61.1,14.1,60.6,13.9,60.2,13.8,59.6,-1.0,-1.8369701987210297e-16
2015301N11065,2015,CHAPALA,2015-10-30 03:00:00,TS,14.2,61.5,105.0,954.0,7,265,14.3,61.8,14.3,62.2,14.2,61.1,14.1,60.8,14.0,60.4,13.9,59.9,13.8,59.2,-0.9961946980917455,-0.08715574274765825
2015301N11065,2015,CHAPALA,2015-10-30 06:00:00,TS,14.2,61.1,110.0,948.0,6,260,14.2,61.5,14.3,61.8,14.1,60.8,14.1,60.6,13.9,60.2,13.8,59.6,13.8,58.7,-0.984807753012208,-0.17364817766693033
2015301N11065,2015,CHAPALA,2015-10-30 09:00:00,TS,14.1,60.8,115.0,940.0,5,255,14.2,61.1,14.2,61.5,14.1,60.6,14.0,60.4,13.9,59.9,13.8,59.2,13.8,58.3,-0.9659258262890683,-0.25881904510252063
2015301N11065,2015,CHAPALA,2015-10-30 12:00:00,TS,14.1,60.6,115.0,940.0,5,250,14.1,60.8,14.2,61.1,14.0,60.4,13.9,60.2,13.8,59.6,13.8,58.7,13.8,57.9,-0.9396926207859084,-0.34202014332566855
2015301N11065,2015,CHAPALA,2015-10-30 15:00:00,TS,14.0,60.4,115.0,940.0,5,250,14.1,60.6,14.1,60.8,13.9,60.2,13.9,59.9,13.8,59.2,13.8,58.3,13.8,57.5,-0.9396926207859084,-0.34202014332566855
2015301N11065,2015,CHAPALA,2015-10-30 18:00:00,TS,13.9,60.2,115.0,940.0,5,260,14.0,60.4,14.1,60.6,13.9,59.9,13.8,59.6,13.8,58.7,13.8,57.9,13.8,57.2,-0.984807753012208,-0.17364817766693033
2015301N11065,2015,CHAPALA,2015-10-30 21:00:00,TS,13.9,59.9,115.0,942.0,6,265,13.9,60.2,14.0,60.4,13.8,59.6,13.8,59.2,13.8,58.3,13.8,57.5,13.7,56.8,-0.9961946980917455,-0.08715574274765825
2015301N11065,2015,CHAPALA,2015-10-31 00:00:00,TS,13.8,59.6,110.0,944.0,7,265,13.9,59.9,13.9,60.2,13.8,59.2,13.8,58.7,13.8,57.9,13.8,57.2,13.7,56.4,-0.9961946980917455,-0.08715574274765825
2015301N11065,2015,CHAPALA,2015-10-31 03:00:00,TS,13.8,59.2,110.0,946.0,8,265,13.8,59.6,13.9,59.9,13.8,58.7,13.8,58.3,13.8,57.5,13.7,56.8,13.6,56.1,-0.9961946980917455,-0.08715574274765825
2015301N11065,2015,CHAPALA,2015-10-31 06:00:00,TS,13.8,58.7,105.0,950.0,8,270,13.8,59.2,13.8,59.6,13.8,58.3,13.8,57.9,13.8,57.2,13.7,56.4,13.6,55.7,-1.0,-1.8369701987210297e-16
2015301N11065,2015,CHAPALA,2015-10-31 09:00:00,TS,13.8,58.3,105.0,950.0,8,270,13.8,58.7,13.8,59.2,13.8,57.9,13.8,57.5,13.7,56.8,13.6,56.1,13.5,55.2,-1.0,-1.8369701987210297e-16
2015301N11065,2015,CHAPALA,2015-10-31 12:00:00,TS,13.8,57.9,105.0,950.0,8,270,13.8,58.3,13.8,58.7,13.8,57.5,13.8,57.2,13.7,56.4,13.6,55.7,13.6,54.7,-1.0,-1.8369701987210297e-16
2015301N11065,2015,CHAPALA,2015-10-31 15:00:00,TS,13.8,57.5,105.0,950.0,7,265,13.8,57.9,13.8,58.3,13.8,57.2,13.7,56.8,13.6,56.1,13.5,55.2,13.5,54.2,-0.9961946980917455,-0.08715574274765825
2015301N11065,2015,CHAPALA,2015-10-31 18:00:00,TS,13.8,57.2,105.0,950.0,7,260,13.8,57.5,13.8,57.9,13.7,56.8,13.7,56.4,13.6,55.7,13.6,54.7,13.4,53.7,-0.984807753012208,-0.17364817766693033
2015301N11065,2015,CHAPALA,2015-10-31 21:00:00,TS,13.7,56.8,105.0,950.0,8,265,13.8,57.2,13.8,57.5,13.7,56.4,13.6,56.1,13.5,55.2,13.5,54.2,13.3,53.1,-0.9961946980917455,-0.08715574274765825
2015301N11065,2015,CHAPALA,2015-11-01 00:00:00,TS,13.7,56.4,105.0,950.0,7,260,13.7,56.8,13.8,57.2,13.6,56.1,13.6,55.7,13.6,54.7,13.4,53.7,13.2,52.6,-0.984807753012208,-0.17364817766693033
2015301N11065,2015,CHAPALA,2015-11-01 03:00:00,TS,13.6,56.1,105.0,952.0,7,260,13.7,56.4,13.7,56.8,13.6,55.7,13.5,55.2,13.5,54.2,13.3,53.1,13.2,52.2,-0.984807753012208,-0.17364817766693033
2015301N11065,2015,CHAPALA,2015-11-01 06:00:00,TS,13.6,55.7,100.0,954.0,9,270,13.6,56.1,13.7,56.4,13.5,55.2,13.6,54.7,13.4,53.7,13.2,52.6,13.3,51.6,-1.0,-1.8369701987210297e-16
2015301N11065,2015,CHAPALA,2015-11-01 09:00:00,TS,13.5,55.2,100.0,956.0,10,270,13.6,55.7,13.6,56.1,13.6,54.7,13.5,54.2,13.3,53.1,13.2,52.2,13.3,51.0,-1.0,-1.8369701987210297e-16
2015301N11065,2015,CHAPALA,2015-11-01 12:00:00,TS,13.6,54.7,100.0,956.0,10,270,13.5,55.2,13.6,55.7,13.5,54.2,13.4,53.7,13.2,52.6,13.3,51.6,13.4,50.6,-1.0,-1.8369701987210297e-16
2015301N11065,2015,CHAPALA,2015-11-01 15:00:00,TS,13.5,54.2,100.0,956.0,10,260,13.6,54.7,13.5,55.2,13.4,53.7,13.3,53.1,13.2,52.2,13.3,51.0,13.5,50.0,-0.984807753012208,-0.17364817766693033
2015301N11065,2015,CHAPALA,2015-11-01 18:00:00,TS,13.4,53.7,100.0,956.0,11,255,13.5,54.2,13.6,54.7,13.3,53.1,13.2,52.6,13.3,51.6,13.4,50.6,13.7,49.6,-0.9659258262890683,-0.25881904510252063
2015301N11065,2015,CHAPALA,2015-11-01 21:00:00,TS,13.3,53.1,100.0,956.0,11,260,13.4,53.7,13.5,54.2,13.2,52.6,13.2,52.2,13.3,51.0,13.5,50.0,13.8,49.3,-0.984807753012208,-0.17364817766693033
2015301N11065,2015,CHAPALA,2015-11-02 00:00:00,TS,13.2,52.6,100.0,958.0,9,265,13.3,53.1,13.4,53.7,13.2,52.2,13.3,51.6,13.4,50.6,13.7,49.6,14.0,48.9,-0.9961946980917455,-0.08715574274765825
2015301N11065,2015,CHAPALA,2015-11-02 03:00:00,TS,13.2,52.2,95.0,960.0,9,275,13.2,52.6,13.3,53.1,13.3,51.6,13.3,51.0,13.5,50.0,13.8,49.3,14.1,48.4,-0.9961946980917455,0.08715574274765789
2015301N11065,2015,CHAPALA,2015-11-02 06:00:00,TS,13.3,51.6,90.0,964.0,11,275,13.2,52.2,13.2,52.6,13.3,51.0,13.4,50.6,13.7,49.6,14.0,48.9,14.1,47.9,-0.9961946980917455,0.08715574274765789
2015301N11065,2015,CHAPALA,2015-11-02 09:00:00,TS,13.3,51.0,90.0,966.0,10,275,13.3,51.6,13.2,52.2,13.4,50.6,13.5,50.0,13.8,49.3,14.1,48.4,14.1,47.6,-0.9961946980917455,0.08715574274765789
2015301N11065,2015,CHAPALA,2015-11-02 12:00:00,TS,13.4,50.6,85.0,968.0,10,280,13.3,51.0,13.3,51.6,13.5,50.0,13.7,49.6,14.0,48.9,14.1,47.9,14.1,47.4,-0.9848077530122081,0.17364817766692997
2015301N11065,2015,CHAPALA,2015-11-02 15:00:00,TS,13.5,50.0,85.0,970.0,10,290,13.4,50.6,13.3,51.0,13.7,49.6,13.8,49.3,14.1,48.4,14.1,47.6,14.2,47.2,-0.9396926207859083,0.342020143325669
2015301N11065,2015,CHAPALA,2015-11-02 18:00:00,TS,13.7,49.6,80.0,974.0,8,295,13.5,50.0,13.4,50.6,13.8,49.3,14.0,48.9,14.1,47.9,14.1,47.4,14.3,47.1,-0.9063077870366499,0.4226182617406996
2015301N11065,2015,CHAPALA,2015-11-02 21:00:00,TS,13.8,49.3,75.0,978.0,8,290,13.7,49.6,13.5,50.0,14.0,48.9,14.1,48.4,14.1,47.6,14.2,47.2,14.5,46.8,-0.9396926207859083,0.342020143325669
2015301N11065,2015,CHAPALA,2015-11-03 00:00:00,TS,14.0,48.9,65.0,984.0,9,285,13.8,49.3,13.7,49.6,14.1,48.4,14.1,47.9,14.1,47.4,14.3,47.1,14.8,46.5,-0.9659258262890684,0.2588190451025203
2015309N14067,2015,MEGH,2015-11-04 18:00:00,TS,14.0,66.4,,,5,280,14.0,66.6,14.0,66.9,14.1,66.1,14.1,65.8,14.0,64.8,14.0,64.0,13.8,63.3,-0.9848077530122081,0.17364817766692997
2015309N14067,2015,MEGH,2015-11-04 21:00:00,TS,14.1,66.1,,,6,280,14.0,66.4,14.0,66.6,14.1,65.8,14.1,65.4,14.0,64.3,13.9,63.6,13.7,62.9,-0.9848077530122081,0.17364817766692997
2015309N14067,2015,MEGH,2015-11-05 00:00:00,TS,14.1,65.8,25.0,1006.0,7,270,14.1,66.1,14.0,66.4,14.1,65.4,14.0,64.8,14.0,64.0,13.8,63.3,13.6,62.5,-1.0,-1.8369701987210297e-16
2015309N14067,2015,MEGH,2015-11-05 03:00:00,TS,14.1,65.4,25.0,1004.0,10,265,14.1,65.8,14.1,66.1,14.0,64.8,14.0,64.3,13.9,63.6,13.7,62.9,13.4,62.2,-0.9961946980917455,-0.08715574274765825
2015309N14067,2015,MEGH,2015-11-05 06:00:00,TS,14.0,64.8,30.0,1002.0,11,265,14.1,65.4,14.1,65.8,14.0,64.3,14.0,64.0,13.8,63.3,13.6,62.5,13.3,61.9,-0.9961946980917455,-0.08715574274765825
2015309N14067,2015,MEGH,2015-11-05 09:00:00,TS,14.0,64.3,33.0,1000.0,8,265,14.0,64.8,14.1,65.4,14.0,64.0,13.9,63.6,13.7,62.9,13.4,62.2,13.1,61.6,-0.9961946980917455,-0.08715574274765825
2015309N14067,2015,MEGH,2015-11-05 12:00:00,TS,14.0,64.0,35.0,998.0,7,255,14.0,64.3,14.0,64.8,13.9,63.6,13.8,63.3,13.6,62.5,13.3,61.9,13.1,61.2,-0.9659258262890683,-0.25881904510252063
2015309N14067,2015,MEGH,2015-11-05 15:00:00,TS,13.9,63.6,40.0,996.0,6,255,14.0,64.0,14.0,64.3,13.8,63.3,13.7,62.9,13.4,62.2,13.1,61.6,12.9,60.9,-0.9659258262890683,-0.25881904510252063
2015309N14067,2015,MEGH,2015-11-05 18:00:00,TS,13.8,63.3,45.0,994.0,7,255,13.9,63.6,14.0,64.0,13.7,62.9,13.6,62.5,13.3,61.9,13.1,61.2,12.9,60.7,-0.9659258262890683,-0.25881904510252063
2015309N14067,2015,MEGH,2015-11-05 21:00:00,TS,13.7,62.9,45.0,994.0,8,255,13.8,63.3,13.9,63.6,13.6,62.5,13.4,62.2,13.1,61.6,12.9,60.9,12.8,60.4,-0.9659258262890683,-0.25881904510252063
2015309N14067,2015,MEGH,2015-11-06 00:00:00,TS,13.6,62.5,45.0,994.0,7,250,13.7,62.9,13.8,63.3,13.4,62.2,13.3,61.9,13.1,61.2,12.9,60.7,12.8,60.1,-0.9396926207859084,-0.34202014332566855
2015309N14067,2015,MEGH,2015-11-06 03:00:00,TS,13.4,62.2,45.0,994.0,7,240,13.6,62.5,13.7,62.9,13.3,61.9,13.1,61.6,12.9,60.9,12.8,60.4,12.8,59.6,-0.8660254037844384,-0.5000000000000004
2015309N14067,2015,MEGH,2015-11-06 06:00:00,TS,13.3,61.9,45.0,994.0,7,245,13.4,62.2,13.6,62.5,13.1,61.6,13.1,61.2,12.9,60.7,12.8,60.1,12.7,59.3,-0.90630778703665,-0.42261826174069916
2015309N14067,2015,MEGH,2015-11-06 09:00:00,TS,13.1,61.6,45.0,994.0,8,255,13.3,61.9,13.4,62.2,13.1,61.2,12.9,60.9,12.8,60.4,12.8,59.6,12.7,58.8,-0.9659258262890683,-0.25881904510252063
2015309N14067,2015,MEGH,2015-11-06 12:00:00,TS,13.1,61.2,45.0,994.0,7,250,13.1,61.6,13.3,61.9,12.9,60.9,12.9,60.7,12.8,60.1,12.7,59.3,12.8,58.4,-0.9396926207859084,-0.34202014332566855
2015309N14067,2015,MEGH,2015-11-06 15:00:00,TS,12.9,60.9,45.0,994.0,5,255,13.1,61.2,13.1,61.6,12.9,60.7,12.8,60.4,12.8,59.6,12.7,58.8,12.7,57.9,-0.9659258262890683,-0.25881904510252063
2015309N14067,2015,MEGH,2015-11-06 18:00:00,TS,12.9,60.7,45.0,994.0,5,255,12.9,60.9,13.1,61.2,12.8,60.4,12.8,60.1,12.7,59.3,12.8,58.4,12.8,57.3,-0.9659258262890683,-0.25881904510252063
2015309N14067,2015,MEGH,2015-11-06 21:00:00,TS,12.8,60.4,45.0,994.0,6,260,12.9,60.7,12.9,60.9,12.8,60.1,12.8,59.6,12.7,58.8,12.7,57.9,12.7,56.7,-0.984807753012208,-0.17364817766693033
2015309N14067,2015,MEGH,2015-11-07 00:00:00,TS,12.8,60.1,45.0,994.0,7,265,12.8,60.4,12.9,60.7,12.8,59.6,12.7,59.3,12.8,58.4,12.8,57.3,12.7,56.1,-0.9961946980917455,-0.08715574274765825
2015309N14067,2015,MEGH,2015-11-07 03:00:00,TS,12.8,59.6,45.0,994.0,8,265,12.8,60.1,12.8,60.4,12.7,59.3,12.7,58.8,12.7,57.9,12.7,56.7,12.7,55.5,-0.9961946980917455,-0.08715574274765825
2015309N14067,2015,MEGH,2015-11-07 06:00:00,TS,12.7,59.3,50.0,992.0,8,265,12.8,59.6,12.8,60.1,12.7,58.8,12.8,58.4,12.8,57.3,12.7,56.1,12.7,54.9,-0.9961946980917455,-0.08715574274765825
2015309N14067,2015,MEGH,2015-11-07 09:00:00,TS,12.7,58.8,55.0,990.0,9,275,12.7,59.3,12.8,59.6,12.8,58.4,12.7,57.9,12.7,56.7,12.7,55.5,12.7,54.2,-0.9961946980917455,0.08715574274765789
2015309N14067,2015,MEGH,2015-11-07 12:00:00,TS,12.8,58.4,60.0,988.0,9,270,12.7,58.8,12.7,59.3,12.7,57.9,12.8,57.3,12.7,56.1,12.7,54.9,12.7,53.5,-1.0,-1.8369701987210297e-16
2015309N14067,2015,MEGH,2015-11-07 15:00:00,TS,12.7,57.9,65.0,984.0,10,270,12.8,58.4,12.7,58.8,12.8,57.3,12.7,56.7,12.7,55.5,12.7,54.2,12.6,52.8,-1.0,-1.8369701987210297e-16
2015309N14067,2015,MEGH,2015-11-07 18:00:00,TS,12.8,57.3,70.0,980.0,11,270,12.7,57.9,12.8,58.4,12.7,56.7,12.7,56.1,12.7,54.9,12.7,53.5,12.5,52.3,-1.0,-1.8369701987210297e-16
2015309N14067,2015,MEGH,2015-11-07 21:00:00,TS,12.7,56.7,80.0,976.0,12,270,12.8,57.3,12.7,57.9,12.7,56.1,12.7,55.5,12.7,54.2,12.6,52.8,12.4,51.6,-1.0,-1.8369701987210297e-16
2015309N14067,2015,MEGH,2015-11-08 00:00:00,TS,12.7,56.1,85.0,974.0,12,265,12.7,56.7,12.8,57.3,12.7,55.5,12.7,54.9,12.7,53.5,12.5,52.3,12.3,50.9,-0.9961946980917455,-0.08715574274765825
2015309N14067,2015,MEGH,2015-11-08 03:00:00,TS,12.7,55.5,90.0,968.0,12,270,12.7,56.1,12.7,56.7,12.7,54.9,12.7,54.2,12.6,52.8,12.4,51.6,12.2,50.2,-1.0,-1.8369701987210297e-16
2015309N14067,2015,MEGH,2015-11-08 06:00:00,TS,12.7,54.9,95.0,964.0,13,270,12.7,55.5,12.7,56.1,12.7,54.2,12.7,53.5,12.5,52.3,12.3,50.9,12.3,49.6,-1.0,-1.8369701987210297e-16
2015309N14067,2015,MEGH,2015-11-08 09:00:00,TS,12.7,54.2,95.0,964.0,14,270,12.7,54.9,12.7,55.5,12.7,53.5,12.6,52.8,12.4,51.6,12.2,50.2,12.3,48.9,-1.0,-1.8369701987210297e-16
2015309N14067,2015,MEGH,2015-11-08 12:00:00,TS,12.7,53.5,90.0,970.0,13,270,12.7,54.2,12.7,54.9,12.6,52.8,12.5,52.3,12.3,50.9,12.3,49.6,12.5,48.3,-1.0,-1.8369701987210297e-16
2015309N14067,2015,MEGH,2015-11-08 15:00:00,TS,12.6,52.8,90.0,970.0,12,260,12.7,53.5,12.7,54.2,12.5,52.3,12.4,51.6,12.2,50.2,12.3,48.9,12.5,48.0,-0.984807753012208,-0.17364817766693033
2015309N14067,2015,MEGH,2015-11-08 18:00:00,TS,12.5,52.3,90.0,970.0,13,260,12.6,52.8,12.7,53.5,12.4,51.6,12.3,50.9,12.3,49.6,12.5,48.3,12.6,47.6,-0.984807753012208,-0.17364817766693033
2015309N14067,2015,MEGH,2015-11-08 21:00:00,TS,12.4,51.6,90.0,970.0,13,260,12.5,52.3,12.6,52.8,12.3,50.9,12.2,50.2,12.3,48.9,12.5,48.0,12.7,47.3,-0.984807753012208,-0.17364817766693033
2015309N14067,2015,MEGH,2015-11-09 00:00:00,TS,12.3,50.9,85.0,974.0,13,265,12.4,51.6,12.5,52.3,12.2,50.2,12.3,49.6,12.5,48.3,12.6,47.6,12.9,47.0,-0.9961946980917455,-0.08715574274765825
2015309N14067,2015,MEGH,2015-11-09 03:00:00,TS,12.2,50.2,80.0,976.0,13,270,12.3,50.9,12.4,51.6,12.3,49.6,12.3,48.9,12.5,48.0,12.7,47.3,13.0,46.8,-1.0,-1.8369701987210297e-16
2015309N14067,2015,MEGH,2015-11-09 06:00:00,TS,12.3,49.6,80.0,978.0,13,275,12.2,50.2,12.3,50.9,12.3,48.9,12.5,48.3,12.6,47.6,12.9,47.0,13.3,46.6,-0.9961946980917455,0.08715574274765789
2015309N14067,2015,MEGH,2015-11-09 09:00:00,TS,12.3,48.9,75.0,980.0,12,280,12.3,49.6,12.2,50.2,12.5,48.3,12.5,48.0,12.7,47.3,13.0,46.8,13.5,46.6,-0.9848077530122081,0.17364817766692997
2015309N14067,2015,MEGH,2015-11-09 12:00:00,TS,12.5,48.3,70.0,982.0,9,280,12.3,48.9,12.3,49.6,12.5,48.0,12.6,47.6,12.9,47.0,13.3,46.6,13.7,46.6,-0.9848077530122081,0.17364817766692997
2015312N11084,2015,UNNAMED,2015-11-08 09:00:00,TS,10.9,82.8,25.0,1003.0,7,285,10.8,83.2,10.7,83.7,11.0,82.5,11.1,82.0,11.3,81.0,11.6,80.3,11.9,80.0,-0.9659258262890684,0.2588190451025203
2015312N11084,2015,UNNAMED,2015-11-08 12:00:00,TS,11.0,82.5,25.0,1002.0,9,285,10.9,82.8,10.8,83.2,11.1,82.0,11.2,81.4,11.4,80.7,11.7,80.1,12.1,80.0,-0.9659258262890684,0.2588190451025203
2015312N11084,2015,UNNAMED,2015-11-08 15:00:00,TS,11.1,82.0,28.0,1001.0,11,280,11.0,82.5,10.9,82.8,11.2,81.4,11.3,81.0,11.6,80.3,11.9,80.0,12.3,80.0,-0.9848077530122081,0.17364817766692997
2015312N11084,2015,UNNAMED,2015-11-08 18:00:00,TS,11.2,81.4,30.0,1000.0,9,280,11.1,82.0,11.0,82.5,11.3,81.0,11.4,80.7,11.7,80.1,12.1,80.0,12.4,79.9,-0.9848077530122081,0.17364817766692997
2015312N11084,2015,UNNAMED,2015-11-08 21:00:00,TS,11.3,81.0,30.0,1000.0,7,285,11.2,81.4,11.1,82.0,11.4,80.7,11.6,80.3,11.9,80.0,12.3,80.0,12.4,79.8,-0.9659258262890684,0.2588190451025203
2015312N11084,2015,UNNAMED,2015-11-09 00:00:00,TS,11.4,80.7,30.0,999.0,8,295,11.3,81.0,11.2,81.4,11.6,80.3,11.7,80.1,12.1,80.0,12.4,79.9,12.4,79.6,-0.9063077870366499,0.4226182617406996
2015312N11084,2015,UNNAMED,2015-11-09 03:00:00,TS,11.6,80.3,30.0,998.0,7,295,11.4,80.7,11.3,81.0,11.7,80.1,11.9,80.0,12.3,80.0,12.4,79.8,12.4,79.3,-0.9063077870366499,0.4226182617406996
2016138N10081,2016,ROANU,2016-05-17 06:00:00,MX,10.8,81.1,25.0,999.0,7,10,10.5,81.0,10.0,80.8,11.2,81.1,11.7,81.1,12.5,81.1,13.1,81.2,13.9,81.3,0.17364817766693033,0.984807753012208
2016138N10081,2016,ROANU,2016-05-17 09:00:00,MX,11.2,81.1,25.0,999.0,8,0,10.8,81.1,10.5,81.0,11.7,81.1,12.1,81.1,12.8,81.2,13.4,81.3,14.2,81.3,0.0,1.0
2016138N10081,2016,ROANU,2016-05-17 12:00:00,MX,11.7,81.1,25.0,998.0,9,0,11.2,81.1,10.8,81.1,12.1,81.1,12.5,81.1,13.1,81.2,13.9,81.3,14.4,81.3,0.0,1.0
2016138N10081,2016,ROANU,2016-05-17 15:00:00,MX,12.1,81.1,25.0,998.0,8,5,11.7,81.1,11.2,81.1,12.5,81.1,12.8,81.2,13.4,81.3,14.2,81.3,14.5,81.3,0.08715574274765817,0.9961946980917455
2016138N10081,2016,ROANU,2016-05-17 18:00:00,TS,12.5,81.1,25.0,998.0,7,5,12.1,81.1,11.7,81.1,12.8,81.2,13.1,81.2,13.9,81.3,14.4,81.3,14.7,81.3,0.08715574274765817,0.9961946980917455
2016138N10081,2016,ROANU,2016-05-17 21:00:00,TS,12.8,81.2,25.0,998.0,7,5,12.5,81.1,12.1,81.1,13.1,81.2,13.4,81.3,14.2,81.3,14.5,81.3,14.9,81.4,0.08715574274765817,0.9961946980917455
2016138N10081,2016,ROANU,2016-05-18 00:00:00,TS,13.1,81.2,25.0,998.0,7,10,12.8,81.2,12.5,81.1,13.4,81.3,13.9,81.3,14.4,81.3,14.7,81.3,15.1,81.6,0.17364817766693033,0.984807753012208
2016138N10081,2016,ROANU,2016-05-18 03:00:00,TS,13.4,81.3,30.0,997.0,8,5,13.1,81.2,12.8,81.2,13.9,81.3,14.2,81.3,14.5,81.3,14.9,81.4,15.4,81.8,0.08715574274765817,0.9961946980917455
2016138N10081,2016,ROANU,2016-05-18 06:00:00,TS,13.9,81.3,30.0,996.0,7,0,13.4,81.3,13.1,81.2,14.2,81.3,14.4,81.3,14.7,81.3,15.1,81.6,15.4,82.0,0.0,1.0
2016138N10081,2016,ROANU,2016-05-18 09:00:00,TS,14.2,81.3,30.0,996.0,6,0,13.9,81.3,13.4,81.3,14.4,81.3,14.5,81.3,14.9,81.4,15.4,81.8,15.5,82.2,0.0,1.0
2016138N10081,2016,ROANU,2016-05-18 12:00:00,TS,14.4,81.3,30.0,996.0,4,0,14.2,81.3,13.9,81.3,14.5,81.3,14.7,81.3,15.1,81.6,15.4,82.0,15.8,82.5,0.0,1.0
2016138N10081,2016,ROANU,2016-05-18 15:00:00,TS,14.5,81.3,30.0,995.0,3,0,14.4,81.3,14.2,81.3,14.7,81.3,14.9,81.4,15.4,81.8,15.5,82.2,16.1,82.8,0.0,1.0
2016138N10081,2016,ROANU,2016-05-18 18:00:00,TS,14.7,81.3,30.0,994.0,3,25,14.5,81.3,14.4,81.3,14.9,81.4,15.1,81.6,15.4,82.0,15.8,82.5,16.5,83.1,0.42261826174069944,0.9063077870366499
2016138N10081,2016,ROANU,2016-05-18 21:00:00,TS,14.9,81.4,33.0,992.0,5,35,14.7,81.3,14.5,81.3,15.1,81.6,15.4,81.8,15.5,82.2,16.1,82.8,16.9,83.5,0.573576436351046,0.8191520442889918
2016138N10081,2016,ROANU,2016-05-19 00:00:00,TS,15.1,81.6,35.0,990.0,7,40,14.9,81.4,14.7,81.3,15.4,81.8,15.4,82.0,15.8,82.5,16.5,83.1,17.4,84.0,0.6427876096865393,0.766044443118978
2016138N10081,2016,ROANU,2016-05-19 03:00:00,TS,15.4,81.8,35.0,990.0,5,50,15.1,81.6,14.9,81.4,15.4,82.0,15.5,82.2,16.1,82.8,16.9,83.5,18.1,84.7,0.766044443118978,0.6427876096865394
2016138N10081,2016,ROANU,2016-05-19 06:00:00,TS,15.4,82.0,40.0,988.0,4,65,15.4,81.8,15.1,81.6,15.5,82.2,15.8,82.5,16.5,83.1,17.4,84.0,18.6,85.1,0.9063077870366499,0.42261826174069944
2016138N10081,2016,ROANU,2016-05-19 09:00:00,TS,15.5,82.2,40.0,988.0,6,50,15.4,82.0,15.4,81.8,15.8,82.5,16.1,82.8,16.9,83.5,18.1,84.7,18.9,85.6,0.766044443118978,0.6427876096865394
2016138N10081,2016,ROANU,2016-05-19 12:00:00,TS,15.8,82.5,40.0,988.0,8,45,15.5,82.2,15.4,82.0,16.1,82.8,16.5,83.1,17.4,84.0,18.6,85.1,19.4,86.7,0.7071067811865475,0.7071067811865476
2016138N10081,2016,ROANU,2016-05-19 15:00:00,TS,16.1,82.8,40.0,988.0,9,40,15.8,82.5,15.5,82.2,16.5,83.1,16.9,83.5,18.1,84.7,18.9,85.6,19.8,87.3,0.6427876096865393,0.766044443118978
2016138N10081,2016,ROANU,2016-05-19 18:00:00,TS,16.5,83.1,40.0,988.0,10,40,16.1,82.8,15.8,82.5,16.9,83.5,17.4,84.0,18.6,85.1,19.4,86.7,20.2,88.0,0.6427876096865393,0.766044443118978
2016138N10081,2016,ROANU,2016-05-19 21:00:00,TS,16.9,83.5,40.0,988.0,12,40,16.5,83.1,16.1,82.8,17.4,84.0,18.1,84.7,18.9,85.6,19.8,87.3,20.5,88.7,0.6427876096865393,0.766044443118978
2016138N10081,2016,ROANU,2016-05-20 00:00:00,TS,17.4,84.0,40.0,988.0,16,45,16.9,83.5,16.5,83.1,18.1,84.7,18.6,85.1,19.4,86.7,20.2,88.0,20.9,89.4,0.7071067811865475,0.7071067811865476
2016138N10081,2016,ROANU,2016-05-20 03:00:00,TS,18.1,84.7,40.0,988.0,16,45,17.4,84.0,16.9,83.5,18.6,85.1,18.9,85.6,19.8,87.3,20.5,88.7,21.4,90.4,0.7071067811865475,0.7071067811865476
2016138N10081,2016,ROANU,2016-05-20 06:00:00,TS,18.6,85.1,40.0,988.0,12,50,18.1,84.7,17.4,84.0,18.9,85.6,19.4,86.7,20.2,88.0,20.9,89.4,21.9,91.0,0.766044443118978,0.6427876096865394
2016138N10081,2016,ROANU,2016-05-20 09:00:00,TS,18.9,85.6,40.0,988.0,17,60,18.6,85.1,18.1,84.7,19.4,86.7,19.8,87.3,20.5,88.7,21.4,90.4,22.6,91.5,0.8660254037844386,0.5000000000000001
2016138N10081,2016,ROANU,2016-05-20 12:00:00,TS,19.4,86.7,40.0,988.0,18,60,18.9,85.6,18.6,85.1,19.8,87.3,20.2,88.0,20.9,89.4,21.9,91.0,23.0,92.0,0.8660254037844386,0.5000000000000001
2016138N10081,2016,ROANU,2016-05-20 15:00:00,TS,19.8,87.3,40.0,986.0,14,55,19.4,86.7,18.9,85.6,20.2,88.0,20.5,88.7,21.4,90.4,22.6,91.5,23.5,93.0,0.8191520442889918,0.5735764363510462
2016138N10081,2016,ROANU,2016-05-20 18:00:00,TS,20.2,88.0,45.0,984.0,15,60,19.8,87.3,19.4,86.7,20.5,88.7,20.9,89.4,21.9,91.0,23.0,92.0,24.0,94.0,0.8660254037844386,0.5000000000000001
2016138N10081,2016,ROANU,2016-05-20 21:00:00,TS,20.5,88.7,45.0,983.0,15,65,20.2,88.0,19.8,87.3,20.9,89.4,21.4,90.4,22.6,91.5,23.5,93.0,24.3,94.5,0.9063077870366499,0.42261826174069944
2016138N10081,2016,ROANU,2016-05-21 00:00:00,TS,20.9,89.4,45.0,983.0,18,60,20.5,88.7,20.2,88.0,21.4,90.4,21.9,91.0,23.0,92.0,24.0,94.0,24.5,94.7,0.8660254037844386,0.5000000000000001
2016178N22068,2016,UNNAMED,2016-06-26 12:00:00,TS,21.8,67.1,,,6,280,21.8,67.4,21.7,67.8,21.8,66.8,21.9,66.5,22.0,65.6,21.9,64.7,21.6,64.1,-0.9848077530122081,0.17364817766692997
2016178N22068,2016,UNNAMED,2016-06-26 15:00:00,TS,21.8,66.8,,,6,280,21.8,67.1,21.8,67.4,21.9,66.5,22.0,66.1,22.0,65.1,21.7,64.4,21.5,64.0,-0.9848077530122081,0.17364817766692997
2016178N22068,2016,UNNAMED,2016-06-26 18:00:00,TS,21.9,66.5,,,7,280,21.8,66.8,21.8,67.1,22.0,66.1,22.0,65.6,21.9,64.7,21.6,64.1,21.5,64.0,-0.9848077530122081,0.17364817766692997
2016178N22068,2016,UNNAMED,2016-06-26 21:00:00,TS,22.0,66.1,,,8,275,21.9,66.5,21.8,66.8,22.0,65.6,22.0,65.1,21.7,64.4,21.5,64.0,21.5,64.1,-0.9961946980917455,0.08715574274765789
2016178N22068,2016,UNNAMED,2016-06-27 00:00:00,TS,22.0,65.6,,,9,270,22.0,66.1,21.9,66.5,22.0,65.1,21.9,64.7,21.6,64.1,21.5,64.0,21.5,63.9,-1.0,-1.8369701987210297e-16
2016178N22068,2016,UNNAMED,2016-06-27 03:00:00,TS,22.0,65.1,,,8,265,22.0,65.6,22.0,66.1,21.9,64.7,21.7,64.4,21.5,64.0,21.5,64.1,21.2,62.9,-0.9961946980917455,-0.08715574274765825
2016178N22068,2016,UNNAMED,2016-06-27 06:00:00,TS,21.9,64.7,,,7,245,22.0,65.1,22.0,65.6,21.7,64.4,21.6,64.1,21.5,64.0,21.5,63.9,21.2,62.7,-0.90630778703665,-0.42261826174069916
2016178N22068,2016,UNNAMED,2016-06-27 09:00:00,TS,21.7,64.4,25.0,996.0,6,240,21.9,64.7,22.0,65.1,21.6,64.1,21.5,64.0,21.5,64.1,21.2,62.9,21.1,62.4,-0.8660254037844384,-0.5000000000000004
2016178N22068,2016,UNNAMED,2016-06-27 12:00:00,TS,21.6,64.1,25.0,996.0,5,245,21.7,64.4,21.9,64.7,21.5,64.0,21.5,64.0,21.5,63.9,21.2,62.7,20.8,62.3,-0.90630778703665,-0.42261826174069916
2016178N22068,2016,UNNAMED,2016-06-27 15:00:00,TS,21.5,64.0,25.0,996.0,2,235,21.6,64.1,21.7,64.4,21.5,64.0,21.5,64.1,21.2,62.9,21.1,62.4,20.5,62.3,-0.8191520442889916,-0.5735764363510464
2016178N22068,2016,UNNAMED,2016-06-27 18:00:00,TS,21.5,64.0,25.0,996.0,1,60,21.5,64.0,21.6,64.1,21.5,64.1,21.5,63.9,21.2,62.7,20.8,62.3,20.3,62.4,0.8660254037844386,0.5000000000000001
2016178N22068,2016,UNNAMED,2016-06-27 21:00:00,TS,21.5,64.1,25.0,996.0,1,320,21.5,64.0,21.5,64.0,21.5,63.9,21.2,62.9,21.1,62.4,20.5,62.3,20.3,62.4,-0.6427876096865396,0.7660444431189778
2016178N22068,2016,UNNAMED,2016-06-28 00:00:00,TS,21.5,63.9,25.0,996.0,12,255,21.5,64.1,21.5,64.0,21.2,62.9,21.2,62.7,20.8,62.3,20.3,62.4,20.3,62.3,-0.9659258262890683,-0.25881904510252063
2016222N22089,2016,UNNAMED,2016-08-09 15:00:00,TS,22.2,88.7,25.0,996.0,7,45,22.0,88.5,22.0,88.5,22.5,89.0,22.7,89.5,23.0,89.4,23.2,89.2,23.5,88.8,0.7071067811865475,0.7071067811865476
2016222N22089,2016,UNNAMED,2016-08-09 18:00:00,TS,22.5,89.0,25.0,995.0,8,60,22.2,88.7,22.0,88.5,22.7,89.5,22.8,89.7,23.1,89.3,23.4,89.1,23.6,88.5,0.8660254037844386,0.5000000000000001
2016222N22089,2016,UNNAMED,2016-08-09 21:00:00,TS,22.7,89.5,25.0,995.0,7,65,22.5,89.0,22.2,88.7,22.8,89.7,23.0,89.4,23.2,89.2,23.5,88.8,23.7,88.2,0.9063077870366499,0.42261826174069944
2016222N22089,2016,UNNAMED,2016-08-10 00:00:00,TS,22.8,89.7,25.0,995.0,4,350,22.7,89.5,22.5,89.0,23.0,89.4,23.1,89.3,23.4,89.1,23.6,88.5,23.8,87.8,-0.1736481776669304,0.984807753012208
2016222N22089,2016,UNNAMED,2016-08-10 03:00:00,TS,23.0,89.4,30.0,994.0,5,310,22.8,89.7,22.7,89.5,23.1,89.3,23.2,89.2,23.5,88.8,23.7,88.2,24.0,87.4,-0.7660444431189781,0.6427876096865393
2016222N22089,2016,UNNAMED,2016-08-10 06:00:00,TS,23.1,89.3,30.0,994.0,3,325,23.0,89.4,22.8,89.7,23.2,89.2,23.4,89.1,23.6,88.5,23.8,87.8,24.0,87.0,-0.5735764363510465,0.8191520442889916
2016222N22089,2016,UNNAMED,2016-08-10 09:00:00,TS,23.2,89.2,30.0,994.0,4,330,23.1,89.3,23.0,89.4,23.4,89.1,23.5,88.8,23.7,88.2,24.0,87.4,24.0,86.7,-0.5000000000000004,0.8660254037844384
2016222N22089,2016,UNNAMED,2016-08-10 12:00:00,TS,23.4,89.1,30.0,994.0,4,305,23.2,89.2,23.1,89.3,23.5,88.8,23.6,88.5,23.8,87.8,24.0,87.0,24.0,86.5,-0.8191520442889918,0.573576436351046
2016222N22089,2016,UNNAMED,2016-08-10 15:00:00,TS,23.5,88.8,30.0,994.0,6,290,23.4,89.1,23.2,89.2,23.6,88.5,23.7,88.2,24.0,87.4,24.0,86.7,24.0,86.1,-0.9396926207859083,0.342020143325669
2016222N22089,2016,UNNAMED,2016-08-10 18:00:00,TS,23.6,88.5,30.0,994.0,6,285,23.5,88.8,23.4,89.1,23.7,88.2,23.8,87.8,24.0,87.0,24.0,86.5,24.0,85.7,-0.9659258262890684,0.2588190451025203
2016222N22089,2016,UNNAMED,2016-08-10 21:00:00,TS,23.7,88.2,30.0,994.0,7,285,23.6,88.5,23.5,88.8,23.8,87.8,24.0,87.4,24.0,86.7,24.0,86.1,24.0,85.4,-0.9659258262890684,0.2588190451025203
2016222N22089,2016,UNNAMED,2016-08-11 00:00:00,TS,23.8,87.8,30.0,994.0,8,295,23.7,88.2,23.6,88.5,24.0,87.4,24.0,87.0,24.0,86.5,24.0,85.7,24.0,85.0,-0.9063077870366499,0.4226182617406996
2016222N22089,2016,UNNAMED,2016-08-11 03:00:00,TS,24.0,87.4,30.0,994.0,8,285,23.8,87.8,23.7,88.2,24.0,87.0,24.0,86.7,24.0,86.1,24.0,85.4,24.0,84.5,-0.9659258262890684,0.2588190451025203
2016222N22089,2016,UNNAMED,2016-08-11 06:00:00,TS,24.0,87.0,25.0,996.0,6,270,24.0,87.4,23.8,87.8,24.0,86.7,24.0,86.5,24.0,85.7,24.0,85.0,24.0,84.5,-1.0,-1.8369701987210297e-16
2016222N22089,2016,UNNAMED,2016-08-11 09:00:00,TS,24.0,86.7,25.0,996.0,5,270,24.0,87.0,24.0,87.4,24.0,86.5,24.0,86.1,24.0,85.4,24.0,84.5,24.1,84.5,-1.0,-1.8369701987210297e-16
2016222N22089,2016,UNNAMED,2016-08-11 12:00:00,TS,24.0,86.5,25.0,996.0,6,270,24.0,86.7,24.0,87.0,24.0,86.1,24.0,85.7,24.0,85.0,24.0,84.5,24.2,84.5,-1.0,-1.8369701987210297e-16
2016222N22089,2016,UNNAMED,2016-08-11 15:00:00,TS,24.0,86.1,25.0,996.0,7,270,24.0,86.5,24.0,86.7,24.0,85.7,24.0,85.4,24.0,84.5,24.1,84.5,24.3,84.3,-1.0,-1.8369701987210297e-16
2016222N22089,2016,UNNAMED,2016-08-11 18:00:00,TS,24.0,85.7,25.0,996.0,7,270,24.0,86.1,24.0,86.5,24.0,85.4,24.0,85.0,24.0,84.5,24.2,84.5,24.4,84.0,-1.0,-1.8369701987210297e-16
2016230N21089,2016,UNNAMED,2016-08-16 18:00:00,TS,21.2,88.7,20.0,996.0,4,300,21.1,88.9,21.0,89.0,21.3,88.5,21.4,88.4,21.5,88.5,22.0,88.2,22.9,86.9,-0.8660254037844386,0.5000000000000001
2016230N21089,2016,UNNAMED,2016-08-16 21:00:00,TS,21.3,88.5,20.0,996.0,3,305,21.2,88.7,21.1,88.9,21.4,88.4,21.5,88.5,21.7,88.4,22.4,87.6,23.3,86.3,-0.8191520442889918,0.573576436351046
2016230N21089,2016,UNNAMED,2016-08-17 00:00:00,TS,21.4,88.4,20.0,996.0,2,10,21.3,88.5,21.2,88.7,21.5,88.5,21.5,88.5,22.0,88.2,22.9,86.9,23.7,85.7,0.17364817766693033,0.984807753012208
2016230N21089,2016,UNNAMED,2016-08-17 03:00:00,TS,21.5,88.5,20.0,996.0,1,45,21.4,88.4,21.3,88.5,21.5,88.5,21.7,88.4,22.4,87.6,23.3,86.3,24.0,85.0,0.7071067811865475,0.7071067811865476
2016230N21089,2016,UNNAMED,2016-08-17 06:00:00,TS,21.5,88.5,20.0,996.0,2,345,21.5,88.5,21.4,88.4,21.7,88.4,22.0,88.2,22.9,86.9,23.7,85.7,24.0,84.4,-0.2588190451025207,0.9659258262890683
2016230N21089,2016,UNNAMED,2016-08-17 09:00:00,TS,21.7,88.4,23.0,995.0,6,330,21.5,88.5,21.5,88.5,22.0,88.2,22.4,87.6,23.3,86.3,24.0,85.0,24.0,83.9,-0.5000000000000004,0.8660254037844384
2016230N21089,2016,UNNAMED,2016-08-17 12:00:00,TS,22.0,88.2,25.0,994.0,11,315,21.7,88.4,21.5,88.5,22.4,87.6,22.9,86.9,23.7,85.7,24.0,84.4,24.1,83.4,-0.7071067811865477,0.7071067811865474
2016230N21089,2016,UNNAMED,2016-08-17 15:00:00,TS,22.4,87.6,25.0,994.0,15,305,22.0,88.2,21.7,88.4,22.9,86.9,23.3,86.3,24.0,85.0,24.0,83.9,24.2,83.0,-0.8191520442889918,0.573576436351046
2016230N21089,2016,UNNAMED,2016-08-17 18:00:00,TS,22.9,86.9,25.0,994.0,15,305,22.4,87.6,22.0,88.2,23.3,86.3,23.7,85.7,24.0,84.4,24.1,83.4,24.4,82.7,-0.8191520442889918,0.573576436351046
2016230N21089,2016,UNNAMED,2016-08-17 21:00:00,TS,23.3,86.3,25.0,994.0,14,305,22.9,86.9,22.4,87.6,23.7,85.7,24.0,85.0,24.0,83.9,24.2,83.0,24.5,82.3,-0.8191520442889918,0.573576436351046
2016230N21089,2016,UNNAMED,2016-08-18 00:00:00,TS,23.7,85.7,25.0,994.0,14,300,23.3,86.3,22.9,86.9,24.0,85.0,24.0,84.4,24.1,83.4,24.4,82.7,24.7,82.1,-0.8660254037844386,0.5000000000000001
2016230N21089,2016,UNNAMED,2016-08-18 03:00:00,TS,24.0,85.0,25.0,994.0,12,285,23.7,85.7,23.3,86.3,24.0,84.4,24.0,83.9,24.2,83.0,24.5,82.3,25.0,82.3,-0.9659258262890684,0.2588190451025203
2016230N21089,2016,UNNAMED,2016-08-18 06:00:00,TS,24.0,84.4,25.0,994.0,10,270,24.0,85.0,23.7,85.7,24.0,83.9,24.1,83.4,24.4,82.7,24.7,82.1,24.8,80.6,-1.0,-1.8369701987210297e-16
2016230N21089,2016,UNNAMED,2016-08-18 09:00:00,TS,24.0,83.9,25.0,994.0,9,275,24.0,84.4,24.0,85.0,24.1,83.4,24.2,83.0,24.5,82.3,25.0,82.3,24.7,79.5,-0.9961946980917455,0.08715574274765789
2016230N21089,2016,UNNAMED,2016-08-18 12:00:00,TS,24.1,83.4,25.0,994.0,8,285,24.0,83.9,24.0,84.4,24.2,83.0,24.4,82.7,24.7,82.1,24.8,80.6,24.7,79.0,-0.9659258262890684,0.2588190451025203
2016230N21089,2016,UNNAMED,2016-08-18 15:00:00,TS,24.2,83.0,25.0,994.0,7,295,24.1,83.4,24.0,83.9,24.4,82.7,24.5,82.3,25.0,82.3,24.7,79.5,24.7,78.6,-0.9063077870366499,0.4226182617406996
2016230N21089,2016,UNNAMED,2016-08-18 18:00:00,TS,24.4,82.7,25.0,994.0,7,295,24.2,83.0,24.1,83.4,24.5,82.3,24.7,82.1,24.8,80.6,24.7,79.0,24.7,78.4,-0.9063077870366499,0.4226182617406996
2016230N21089,2016,UNNAMED,2016-08-18 21:00:00,TS,24.5,82.3,25.0,994.0,6,300,24.4,82.7,24.2,83.0,24.7,82.1,25.0,82.3,24.7,79.5,24.7,78.6,24.7,78.1,-0.8660254037844386,0.5000000000000001
2016230N21089,2016,UNNAMED,2016-08-19 00:00:00,TS,24.7,82.1,25.0,994.0,5,5,24.5,82.3,24.4,82.7,25.0,82.3,24.8,80.6,24.7,79.0,24.7,78.4,24.7,77.8,0.08715574274765817,0.9961946980917455
2016230N21089,2016,UNNAMED,2016-08-19 03:00:00,TS,25.0,82.3,25.0,994.0,14,275,24.7,82.1,24.5,82.3,24.8,80.6,24.7,79.5,24.7,78.6,24.7,78.1,24.8,77.5,-0.9961946980917455,0.08715574274765789
2016230N21089,2016,UNNAMED,2016-08-19 06:00:00,TS,24.8,80.6,25.0,994.0,25,265,25.0,82.3,24.7,82.1,24.7,79.5,24.7,79.0,24.7,78.4,24.7,77.8,24.8,77.3,-0.9961946980917455,-0.08715574274765825
2016230N21089,2016,UNNAMED,2016-08-19 09:00:00,TS,24.7,79.5,25.0,994.0,15,265,24.8,80.6,25.0,82.3,24.7,79.0,24.7,78.6,24.7,78.1,24.8,77.5,24.8,77.3,-0.9961946980917455,-0.08715574274765825
2016230N21089,2016,UNNAMED,2016-08-19 12:00:00,TS,24.7,79.0,25.0,994.0,8,270,24.7,79.5,24.8,80.6,24.7,78.6,24.7,78.4,24.7,77.8,24.8,77.3,24.8,77.2,-1.0,-1.8369701987210297e-16
2016230N21089,2016,UNNAMED,2016-08-19 15:00:00,TS,24.7,78.6,25.0,994.0,5,270,24.7,79.0,24.7,79.5,24.7,78.4,24.7,78.1,24.8,77.5,24.8,77.3,24.9,76.9,-1.0,-1.8369701987210297e-16
2016230N21089,2016,UNNAMED,2016-08-19 18:00:00,TS,24.7,78.4,25.0,994.0,5,270,24.7,78.6,24.7,79.0,24.7,78.1,24.7,77.8,24.8,77.3,24.8,77.2,25.0,76.5,-1.0,-1.8369701987210297e-16
2016295N13089,2016,KYANT,2016-10-21 06:00:00,TS,13.7,89.3,25.0,1003.0,8,75,13.6,88.8,13.5,88.5,13.8,89.6,13.9,89.8,13.9,89.9,13.9,90.1,14.5,91.4,0.9659258262890683,0.25881904510252074
2016295N13089,2016,KYANT,2016-10-21 09:00:00,TS,13.8,89.6,25.0,1003.0,5,70,13.7,89.3,13.6,88.8,13.9,89.8,13.9,89.9,13.9,89.9,14.1,90.7,14.8,91.8,0.9396926207859083,0.3420201433256688
2016295N13089,2016,KYANT,2016-10-21 12:00:00,TS,13.9,89.8,25.0,1003.0,3,70,13.8,89.6,13.7,89.3,13.9,89.9,13.9,89.9,13.9,90.1,14.5,91.4,14.9,92.1,0.9396926207859083,0.3420201433256688
2016295N13089,2016,KYANT,2016-10-21 15:00:00,TS,13.9,89.9,25.0,1003.0,1,90,13.9,89.8,13.8,89.6,13.9,89.9,13.9,89.9,14.1,90.7,14.8,91.8,15.1,92.3,1.0,6.123233995736766e-17
2016295N13089,2016,KYANT,2016-10-21 18:00:00,TS,13.9,89.9,25.0,1003.0,0,205,13.9,89.9,13.9,89.8,13.9,89.9,13.9,90.1,14.5,91.4,14.9,92.1,15.3,92.5,-0.4226182617406993,-0.90630778703665
2016295N13089,2016,KYANT,2016-10-21 21:00:00,TS,13.9,89.9,25.0,1003.0,2,80,13.9,89.9,13.9,89.9,13.9,90.1,14.1,90.7,14.8,91.8,15.1,92.3,15.4,92.6,0.984807753012208,0.17364817766693041
2016295N13089,2016,KYANT,2016-10-22 00:00:00,TS,13.9,90.1,25.0,1002.0,8,75,13.9,89.9,13.9,89.9,14.1,90.7,14.5,91.4,14.9,92.1,15.3,92.5,15.5,92.8,0.9659258262890683,0.25881904510252074
2016295N13089,2016,KYANT,2016-10-22 03:00:00,TS,14.1,90.7,25.0,1002.0,14,65,13.9,90.1,13.9,89.9,14.5,91.4,14.8,91.8,15.1,92.3,15.4,92.6,15.6,92.8,0.9063077870366499,0.42261826174069944
2016295N13089,2016,KYANT,2016-10-22 06:00:00,TS,14.5,91.4,25.0,1002.0,13,60,14.1,90.7,13.9,90.1,14.8,91.8,14.9,92.1,15.3,92.5,15.5,92.8,15.6,92.8,0.8660254037844386,0.5000000000000001
2016295N13089,2016,KYANT,2016-10-22 09:00:00,TS,14.8,91.8,25.0,1002.0,7,60,14.5,91.4,14.1,90.7,14.9,92.1,15.1,92.3,15.4,92.6,15.6,92.8,15.7,92.9,0.8660254037844386,0.5000000000000001
2016295N13089,2016,KYANT,2016-10-22 12:00:00,TS,14.9,92.1,25.0,1002.0,6,55,14.8,91.8,14.5,91.4,15.1,92.3,15.3,92.5,15.5,92.8,15.6,92.8,15.8,93.0,0.8191520442889918,0.5735764363510462
2016295N13089,2016,KYANT,2016-10-22 15:00:00,TS,15.1,92.3,25.0,1002.0,5,50,14.9,92.1,14.8,91.8,15.3,92.5,15.4,92.6,15.6,92.8,15.7,92.9,15.9,93.0,0.766044443118978,0.6427876096865394
2016295N13089,2016,KYANT,2016-10-22 18:00:00,TS,15.3,92.5,25.0,1002.0,5,50,15.1,92.3,14.9,92.1,15.4,92.6,15.5,92.8,15.6,92.8,15.8,93.0,16.0,93.1,0.766044443118978,0.6427876096865394
2016295N13089,2016,KYANT,2016-10-22 21:00:00,TS,15.4,92.6,25.0,1002.0,4,50,15.3,92.5,15.1,92.3,15.5,92.8,15.6,92.8,15.7,92.9,15.9,93.0,16.1,93.1,0.766044443118978,0.6427876096865394
2016295N13089,2016,KYANT,2016-10-23 00:00:00,TS,15.5,92.8,25.0,1002.0,2,40,15.4,92.6,15.3,92.5,15.6,92.8,15.6,92.8,15.8,93.0,16.0,93.1,16.3,93.1,0.6427876096865393,0.766044443118978
2016295N13089,2016,KYANT,2016-10-23 03:00:00,TS,15.6,92.8,30.0,1000.0,1,15,15.5,92.8,15.4,92.6,15.6,92.8,15.7,92.9,15.9,93.0,16.1,93.1,16.3,93.1,0.25881904510252074,0.9659258262890683
2016295N13089,2016,KYANT,2016-10-23 06:00:00,TS,15.6,92.8,30.0,1000.0,1,40,15.6,92.8,15.5,92.8,15.7,92.9,15.8,93.0,16.0,93.1,16.3,93.1,16.5,93.1,0.6427876096865393,0.766044443118978
2016295N13089,2016,KYANT,2016-10-23 09:00:00,TS,15.7,92.9,30.0,1000.0,2,45,15.6,92.8,15.6,92.8,15.8,93.0,15.9,93.0,16.1,93.1,16.3,93.1,16.7,92.8,0.7071067811865475,0.7071067811865476
2016295N13089,2016,KYANT,2016-10-23 12:00:00,TS,15.8,93.0,30.0,1000.0,3,40,15.7,92.9,15.6,92.8,15.9,93.0,16.0,93.1,16.3,93.1,16.5,93.1,16.7,92.5,0.6427876096865393,0.766044443118978
2016295N13089,2016,KYANT,2016-10-23 15:00:00,TS,15.9,93.0,30.0,1000.0,3,30,15.8,93.0,15.7,92.9,16.0,93.1,16.1,93.1,16.3,93.1,16.7,92.8,16.7,92.3,0.49999999999999994,0.8660254037844387
2016295N13089,2016,KYANT,2016-10-23 18:00:00,TS,16.0,93.1,30.0,1000.0,3,15,15.9,93.0,15.8,93.0,16.1,93.1,16.3,93.1,16.5,93.1,16.7,92.5,16.7,92.2,0.25881904510252074,0.9659258262890683
2016295N13089,2016,KYANT,2016-10-23 21:00:00,TS,16.1,93.1,30.0,1000.0,3,0,16.0,93.1,15.9,93.0,16.3,93.1,16.3,93.1,16.7,92.8,16.7,92.3,16.7,92.0,0.0,1.0
2016295N13089,2016,KYANT,2016-10-24 00:00:00,TS,16.3,93.1,30.0,1000.0,2,355,16.1,93.1,16.0,93.1,16.3,93.1,16.5,93.1,16.7,92.5,16.7,92.2,16.8,91.7,-0.08715574274765832,0.9961946980917455
2016295N13089,2016,KYANT,2016-10-24 03:00:00,TS,16.3,93.1,30.0,1000.0,3,350,16.3,93.1,16.1,93.1,16.5,93.1,16.7,92.8,16.7,92.3,16.7,92.0,16.8,91.4,-0.1736481776669304,0.984807753012208
2016295N13089,2016,KYANT,2016-10-24 06:00:00,TS,16.5,93.1,30.0,1000.0,4,315,16.3,93.1,16.3,93.1,16.7,92.8,16.7,92.5,16.7,92.2,16.8,91.7,16.8,91.1,-0.7071067811865477,0.7071067811865474
2016295N13089,2016,KYANT,2016-10-24 09:00:00,TS,16.7,92.8,30.0,1000.0,6,290,16.5,93.1,16.3,93.1,16.7,92.5,16.7,92.3,16.7,92.0,16.8,91.4,16.7,90.8,-0.9396926207859083,0.342020143325669
2016295N13089,2016,KYANT,2016-10-24 12:00:00,TS,16.7,92.5,30.0,1000.0,4,275,16.7,92.8,16.5,93.1,16.7,92.3,16.7,92.2,16.8,91.7,16.8,91.1,16.8,90.6,-0.9961946980917455,0.08715574274765789
2016295N13089,2016,KYANT,2016-10-24 15:00:00,TS,16.7,92.3,30.0,1000.0,3,270,16.7,92.5,16.7,92.8,16.7,92.2,16.7,92.0,16.8,91.4,16.7,90.8,16.6,90.2,-1.0,-1.8369701987210297e-16
2016295N13089,2016,KYANT,2016-10-24 18:00:00,TS,16.7,92.2,30.0,1000.0,3,270,16.7,92.3,16.7,92.5,16.7,92.0,16.8,91.7,16.8,91.1,16.8,90.6,16.6,89.8,-1.0,-1.8369701987210297e-16
2016295N13089,2016,KYANT,2016-10-24 21:00:00,TS,16.7,92.0,30.0,1000.0,4,275,16.7,92.2,16.7,92.3,16.8,91.7,16.8,91.4,16.7,90.8,16.6,90.2,16.4,89.5,-0.9961946980917455,0.08715574274765789
2016295N13089,2016,KYANT,2016-10-25 00:00:00,TS,16.8,91.7,30.0,1000.0,6,280,16.7,92.0,16.7,92.2,16.8,91.4,16.8,91.1,16.8,90.6,16.6,89.8,16.4,89.0,-0.9848077530122081,0.17364817766692997
2016295N13089,2016,KYANT,2016-10-25 03:00:00,TS,16.8,91.4,35.0,998.0,6,275,16.8,91.7,16.7,92.0,16.8,91.1,16.7,90.8,16.6,90.2,16.4,89.5,16.3,88.5,-0.9961946980917455,0.08715574274765789
2016295N13089,2016,KYANT,2016-10-25 06:00:00,TS,16.8,91.1,35.0,998.0,6,260,16.8,91.4,16.8,91.7,16.7,90.8,16.8,90.6,16.6,89.8,16.4,89.0,16.3,87.9,-0.984807753012208,-0.17364817766693033
2016295N13089,2016,KYANT,2016-10-25 09:00:00,TS,16.7,90.8,35.0,998.0,5,265,16.8,91.1,16.8,91.4,16.8,90.6,16.6,90.2,16.4,89.5,16.3,88.5,16.2,87.4,-0.9961946980917455,-0.08715574274765825
2016295N13089,2016,KYANT,2016-10-25 12:00:00,TS,16.8,90.6,35.0,998.0,6,265,16.7,90.8,16.8,91.1,16.6,90.2,16.6,89.8,16.4,89.0,16.3,87.9,16.2,87.0,-0.9961946980917455,-0.08715574274765825
2016295N13089,2016,KYANT,2016-10-25 15:00:00,TS,16.6,90.2,35.0,998.0,7,260,16.8,90.6,16.7,90.8,16.6,89.8,16.4,89.5,16.3,88.5,16.2,87.4,16.1,86.6,-0.984807753012208,-0.17364817766693033
2016295N13089,2016,KYANT,2016-10-25 18:00:00,TS,16.6,89.8,35.0,998.0,7,250,16.6,90.2,16.8,90.6,16.4,89.5,16.4,89.0,16.3,87.9,16.2,87.0,16.0,86.3,-0.9396926207859084,-0.34202014332566855
2016295N13089,2016,KYANT,2016-10-25 21:00:00,TS,16.4,89.5,35.0,997.0,8,250,16.6,89.8,16.6,90.2,16.4,89.0,16.3,88.5,16.2,87.4,16.1,86.6,15.9,85.8,-0.9396926207859084,-0.34202014332566855
2016295N13089,2016,KYANT,2016-10-26 00:00:00,TS,16.4,89.0,40.0,996.0,10,265,16.4,89.5,16.6,89.8,16.3,88.5,16.3,87.9,16.2,87.0,16.0,86.3,15.8,85.4,-0.9961946980917455,-0.08715574274765825
2016295N13089,2016,KYANT,2016-10-26 03:00:00,TS,16.3,88.5,40.0,996.0,11,265,16.4,89.0,16.4,89.5,16.3,87.9,16.2,87.4,16.1,86.6,15.9,85.8,15.7,84.8,-0.9961946980917455,-0.08715574274765825
2016295N13089,2016,KYANT,2016-10-26 06:00:00,TS,16.3,87.9,40.0,996.0,10,265,16.3,88.5,16.4,89.0,16.2,87.4,16.2,87.0,16.0,86.3,15.8,85.4,15.7,84.4,-0.9961946980917455,-0.08715574274765825
2016295N13089,2016,KYANT,2016-10-26 09:00:00,TS,16.2,87.4,40.0,996.0,9,260,16.3,87.9,16.3,88.5,16.2,87.0,16.1,86.6,15.9,85.8,15.7,84.8,15.6,83.9,-0.984807753012208,-0.17364817766693033
2016295N13089,2016,KYANT,2016-10-26 12:00:00,TS,16.2,87.0,40.0,996.0,8,260,16.2,87.4,16.3,87.9,16.1,86.6,16.0,86.3,15.8,85.4,15.7,84.4,15.6,83.6,-0.984807753012208,-0.17364817766693033
2016295N13089,2016,KYANT,2016-10-26 15:00:00,TS,16.1,86.6,40.0,997.0,7,255,16.2,87.0,16.2,87.4,16.0,86.3,15.9,85.8,15.7,84.8,15.6,83.9,15.4,83.3,-0.9659258262890683,-0.25881904510252063
2016295N13089,2016,KYANT,2016-10-26 18:00:00,TS,16.0,86.3,35.0,998.0,8,255,16.1,86.6,16.2,87.0,15.9,85.8,15.8,85.4,15.7,84.4,15.6,83.6,15.3,83.0,-0.9659258262890683,-0.25881904510252063
2016295N13089,2016,KYANT,2016-10-26 21:00:00,TS,15.9,85.8,30.0,1000.0,9,255,16.0,86.3,16.1,86.6,15.8,85.4,15.7,84.8,15.6,83.9,15.4,83.3,15.2,82.8,-0.9659258262890683,-0.25881904510252063
2016295N13089,2016,KYANT,2016-10-27 00:00:00,TS,15.8,85.4,30.0,1002.0,9,260,15.9,85.8,16.0,86.3,15.7,84.8,15.7,84.4,15.6,83.6,15.3,83.0,15.1,82.6,-0.984807753012208,-0.17364817766693033
2016295N13089,2016,KYANT,2016-10-27 03:00:00,TS,15.7,84.8,30.0,1002.0,10,265,15.8,85.4,15.9,85.8,15.7,84.4,15.6,83.9,15.4,83.3,15.2,82.8,15.0,82.4,-0.9961946980917455,-0.08715574274765825
2016295N13089,2016,KYANT,2016-10-27 06:00:00,TS,15.7,84.4,30.0,1003.0,9,265,15.7,84.8,15.8,85.4,15.6,83.9,15.6,83.6,15.3,83.0,15.1,82.6,14.9,82.1,-0.9961946980917455,-0.08715574274765825
2016295N13089,2016,KYANT,2016-10-27 09:00:00,TS,15.6,83.9,30.0,1004.0,8,260,15.7,84.4,15.7,84.8,15.6,83.6,15.4,83.3,15.2,82.8,15.0,82.4,14.8,81.9,-0.984807753012208,-0.17364817766693033
2016295N13089,2016,KYANT,2016-10-27 12:00:00,TS,15.6,83.6,30.0,1004.0,7,255,15.6,83.9,15.7,84.4,15.4,83.3,15.3,83.0,15.1,82.6,14.9,82.1,14.6,81.7,-0.9659258262890683,-0.25881904510252063
2016295N13089,2016,KYANT,2016-10-27 15:00:00,TS,15.4,83.3,28.0,1004.0,6,245,15.6,83.6,15.6,83.9,15.3,83.0,15.2,82.8,15.0,82.4,14.8,81.9,14.4,81.5,-0.90630778703665,-0.42261826174069916
2016295N13089,2016,KYANT,2016-10-27 18:00:00,TS,15.3,83.0,25.0,1004.0,5,240,15.4,83.3,15.6,83.6,15.2,82.8,15.1,82.6,14.9,82.1,14.6,81.7,14.3,81.3,-0.8660254037844384,-0.5000000000000004
2016295N13089,2016,KYANT,2016-10-27 21:00:00,TS,15.2,82.8,,,4,240,15.3,83.0,15.4,83.3,15.1,82.6,15.0,82.4,14.8,81.9,14.4,81.5,14.2,81.2,-0.8660254037844384,-0.5000000000000004
2016295N13089,2016,KYANT,2016-10-28 00:00:00,TS,15.1,82.6,,,5,245,15.2,82.8,15.3,83.0,15.0,82.4,14.9,82.1,14.6,81.7,14.3,81.3,14.2,81.2,-0.90630778703665,-0.42261826174069916
2016295N13089,2016,KYANT,2016-10-28 03:00:00,TS,15.0,82.4,,,5,250,15.1,82.6,15.2,82.8,14.9,82.1,14.8,81.9,14.4,81.5,14.2,81.2,14.1,81.1,-0.9396926207859084,-0.34202014332566855
2016295N13089,2016,KYANT,2016-10-28 06:00:00,TS,14.9,82.1,,,5,240,15.0,82.4,15.1,82.6,14.8,81.9,14.6,81.7,14.3,81.3,14.2,81.2,14.0,81.0,-0.8660254037844384,-0.5000000000000004
2016308N13088,2016,UNNAMED,2016-11-03 00:00:00,TS,13.0,87.0,25.0,1004.0,12,305,12.8,87.5,12.7,88.0,13.4,86.5,13.7,86.0,14.2,85.5,14.6,85.0,15.5,84.8,-0.8191520442889918,0.573576436351046
2016308N13088,2016,UNNAMED,2016-11-03 03:00:00,TS,13.4,86.5,25.0,1004.0,12,305,13.0,87.0,12.8,87.5,13.7,86.0,14.0,85.7,14.4,85.2,15.0,84.9,16.0,84.7,-0.8191520442889918,0.573576436351046
2016308N13088,2016,UNNAMED,2016-11-03 06:00:00,TS,13.7,86.0,25.0,1004.0,10,305,13.4,86.5,13.0,87.0,14.0,85.7,14.2,85.5,14.6,85.0,15.5,84.8,16.0,84.7,-0.8191520442889918,0.573576436351046
2016308N13088,2016,UNNAMED,2016-11-03 09:00:00,TS,14.0,85.7,25.0,1004.0,7,315,13.7,86.0,13.4,86.5,14.2,85.5,14.4,85.2,15.0,84.9,16.0,84.7,16.1,84.7,-0.7071067811865477,0.7071067811865474
2016308N13088,2016,UNNAMED,2016-11-03 12:00:00,TS,14.2,85.5,25.0,1004.0,6,310,14.0,85.7,13.7,86.0,14.4,85.2,14.6,85.0,15.5,84.8,16.0,84.7,16.3,84.7,-0.7660444431189781,0.6427876096865393
2016308N13088,2016,UNNAMED,2016-11-03 15:00:00,TS,14.4,85.2,25.0,1004.0,6,310,14.2,85.5,14.0,85.7,14.6,85.0,15.0,84.9,16.0,84.7,16.1,84.7,16.6,84.8,-0.7660444431189781,0.6427876096865393
2016308N13088,2016,UNNAMED,2016-11-03 18:00:00,TS,14.6,85.0,25.0,1004.0,7,330,14.4,85.2,14.2,85.5,15.0,84.9,15.5,84.8,16.0,84.7,16.3,84.7,16.9,85.0,-0.5000000000000004,0.8660254037844384
2016308N13088,2016,UNNAMED,2016-11-03 21:00:00,TS,15.0,84.9,25.0,1003.0,9,350,14.6,85.0,14.4,85.2,15.5,84.8,16.0,84.7,16.1,84.7,16.6,84.8,17.2,85.4,-0.1736481776669304,0.984807753012208
2016308N13088,2016,UNNAMED,2016-11-04 00:00:00,TS,15.5,84.8,25.0,1002.0,10,350,15.0,84.9,14.6,85.0,16.0,84.7,16.0,84.7,16.3,84.7,16.9,85.0,17.7,86.0,-0.1736481776669304,0.984807753012208
2016308N13088,2016,UNNAMED,2016-11-04 03:00:00,TS,16.0,84.7,25.0,1002.0,5,350,15.5,84.8,15.0,84.9,16.0,84.7,16.1,84.7,16.6,84.8,17.2,85.4,18.3,87.0,-0.1736481776669304,0.984807753012208
2016308N13088,2016,UNNAMED,2016-11-04 06:00:00,TS,16.0,84.7,25.0,1000.0,1,0,16.0,84.7,15.5,84.8,16.1,84.7,16.3,84.7,16.9,85.0,17.7,86.0,18.5,87.0,0.0,1.0
2016308N13088,2016,UNNAMED,2016-11-04 09:00:00,TS,16.1,84.7,25.0,1000.0,3,0,16.0,84.7,16.0,84.7,16.3,84.7,16.6,84.8,17.2,85.4,18.3,87.0,18.7,87.7,0.0,1.0
2016308N13088,2016,UNNAMED,2016-11-04 12:00:00,TS,16.3,84.7,25.0,1000.0,5,10,16.1,84.7,16.0,84.7,16.6,84.8,16.9,85.0,17.7,86.0,18.5,87.0,19.0,88.7,0.17364817766693033,0.984807753012208
2016308N13088,2016,UNNAMED,2016-11-04 15:00:00,TS,16.6,84.8,25.0,1000.0,7,25,16.3,84.7,16.1,84.7,16.9,85.0,17.2,85.4,18.3,87.0,18.7,87.7,19.2,89.1,0.42261826174069944,0.9063077870366499
2016308N13088,2016,UNNAMED,2016-11-04 18:00:00,TS,16.9,85.0,25.0,1000.0,9,40,16.6,84.8,16.3,84.7,17.2,85.4,17.7,86.0,18.5,87.0,19.0,88.7,19.5,89.5,0.6427876096865393,0.766044443118978
2016308N13088,2016,UNNAMED,2016-11-04 21:00:00,TS,17.2,85.4,25.0,1000.0,13,50,16.9,85.0,16.6,84.8,17.7,86.0,18.3,87.0,18.7,87.7,19.2,89.1,20.0,90.3,0.766044443118978,0.6427876096865394
2016308N13088,2016,UNNAMED,2016-11-05 00:00:00,TS,17.7,86.0,25.0,1000.0,19,55,17.2,85.4,16.9,85.0,18.3,87.0,18.5,87.0,19.0,88.7,19.5,89.5,20.5,91.0,0.8191520442889918,0.5735764363510462
2016308N13088,2016,UNNAMED,2016-11-05 03:00:00,TS,18.3,87.0,25.0,1000.0,12,50,17.7,86.0,17.2,85.4,18.5,87.0,18.7,87.7,19.2,89.1,20.0,90.3,21.0,91.5,0.766044443118978,0.6427876096865394
2016308N13088,2016,UNNAMED,2016-11-05 06:00:00,TS,18.5,87.0,25.0,1000.0,8,60,18.3,87.0,17.7,86.0,18.7,87.7,19.0,88.7,19.5,89.5,20.5,91.0,21.5,91.8,0.8660254037844386,0.5000000000000001
2016308N13088,2016,UNNAMED,2016-11-05 09:00:00,TS,18.7,87.7,25.0,1000.0,17,75,18.5,87.0,18.3,87.0,19.0,88.7,19.2,89.1,20.0,90.3,21.0,91.5,21.6,91.9,0.9659258262890683,0.25881904510252074
2016335N07088,2016,NADA,2016-11-29 18:00:00,TS,7.5,86.8,25.0,1003.0,11,305,7.2,87.3,6.8,87.7,7.8,86.3,8.2,85.9,9.0,84.9,9.8,83.9,10.3,83.0,-0.8191520442889918,0.573576436351046
2016335N07088,2016,NADA,2016-11-29 21:00:00,TS,7.8,86.3,28.0,1003.0,11,305,7.5,86.8,7.2,87.3,8.2,85.9,8.6,85.3,9.6,84.3,10.0,83.4,10.3,82.2,-0.8191520442889918,0.573576436351046
2016335N07088,2016,NADA,2016-11-30 00:00:00,TS,8.2,85.9,30.0,1002.0,13,310,7.8,86.3,7.5,86.8,8.6,85.3,9.0,84.9,9.8,83.9,10.3,83.0,10.4,82.0,-0.7660444431189781,0.6427876096865393
2016335N07088,2016,NADA,2016-11-30 03:00:00,TS,8.6,85.3,35.0,1002.0,13,310,8.2,85.9,7.8,86.3,9.0,84.9,9.6,84.3,10.0,83.4,10.3,82.2,10.4,81.7,-0.7660444431189781,0.6427876096865393
2016335N07088,2016,NADA,2016-11-30 06:00:00,TS,9.0,84.9,35.0,1002.0,14,315,8.6,85.3,8.2,85.9,9.6,84.3,9.8,83.9,10.3,83.0,10.4,82.0,10.5,81.3,-0.7071067811865477,0.7071067811865474
2016335N07088,2016,NADA,2016-11-30 09:00:00,TS,9.6,84.3,35.0,1002.0,12,310,9.0,84.9,8.6,85.3,9.8,83.9,10.0,83.4,10.3,82.2,10.4,81.7,10.6,80.9,-0.7660444431189781,0.6427876096865393
2016335N07088,2016,NADA,2016-11-30 12:00:00,TS,9.8,83.9,40.0,1000.0,9,300,9.6,84.3,9.0,84.9,10.0,83.4,10.3,83.0,10.4,82.0,10.5,81.3,10.8,80.6,-0.8660254037844386,0.5000000000000001
2016335N07088,2016,NADA,2016-11-30 15:00:00,TS,10.0,83.4,40.0,1000.0,10,295,9.8,83.9,9.6,84.3,10.3,83.0,10.3,82.2,10.4,81.7,10.6,80.9,10.8,80.4,-0.9063077870366499,0.4226182617406996
2016335N07088,2016,NADA,2016-11-30 18:00:00,TS,10.3,83.0,40.0,1000.0,12,285,10.0,83.4,9.8,83.9,10.3,82.2,10.4,82.0,10.5,81.3,10.8,80.6,10.8,80.1,-0.9659258262890684,0.2588190451025203
2016335N07088,2016,NADA,2016-11-30 21:00:00,TS,10.3,82.2,40.0,1000.0,10,275,10.3,83.0,10.0,83.4,10.4,82.0,10.4,81.7,10.6,80.9,10.8,80.4,10.8,79.9,-0.9961946980917455,0.08715574274765789
2016335N07088,2016,NADA,2016-12-01 00:00:00,TS,10.4,82.0,35.0,1000.0,5,275,10.3,82.2,10.3,83.0,10.4,81.7,10.5,81.3,10.8,80.6,10.8,80.1,10.9,79.6,-0.9961946980917455,0.08715574274765789
2016335N07088,2016,NADA,2016-12-01 03:00:00,TS,10.4,81.7,30.0,1001.0,7,280,10.4,82.0,10.3,82.2,10.5,81.3,10.6,80.9,10.8,80.4,10.8,79.9,11.0,79.3,-0.9848077530122081,0.17364817766692997
2016335N07088,2016,NADA,2016-12-01 06:00:00,TS,10.5,81.3,30.0,1003.0,9,290,10.4,81.7,10.4,82.0,10.6,80.9,10.8,80.6,10.8,80.1,10.9,79.6,11.0,78.9,-0.9396926207859083,0.342020143325669
2016341N08092,2016,VARDAH,2016-12-06 12:00:00,TS,8.4,91.0,25.0,1002.0,6,325,8.2,91.3,7.8,91.7,8.7,91.0,9.1,91.0,9.6,91.0,9.9,91.2,10.3,91.3,-0.5735764363510465,0.8191520442889916
2016341N08092,2016,VARDAH,2016-12-06 15:00:00,TS,8.7,91.0,25.0,1002.0,7,355,8.4,91.0,8.2,91.3,9.1,91.0,9.4,91.0,9.8,91.1,10.1,91.2,10.5,91.3,-0.08715574274765832,0.9961946980917455
2016341N08092,2016,VARDAH,2016-12-06 18:00:00,MX,9.1,91.0,25.0,1002.0,7,0,8.7,91.0,8.4,91.0,9.4,91.0,9.6,91.0,9.9,91.2,10.3,91.3,10.8,91.3,0.0,1.0
2016341N08092,2016,VARDAH,2016-12-06 21:00:00,MX,9.4,91.0,25.0,1002.0,5,0,9.1,91.0,8.7,91.0,9.6,91.0,9.8,91.1,10.1,91.2,10.5,91.3,11.0,91.3,0.0,1.0
2016341N08092,2016,VARDAH,2016-12-07 00:00:00,MX,9.6,91.0,25.0,1002.0,4,10,9.4,91.0,9.1,91.0,9.8,91.1,9.9,91.2,10.3,91.3,10.8,91.3,11.1,91.3,0.17364817766693033,0.984807753012208
2016341N08092,2016,VARDAH,2016-12-07 03:00:00,MX,9.8,91.1,25.0,1002.0,3,25,9.6,91.0,9.4,91.0,9.9,91.2,10.1,91.2,10.5,91.3,11.0,91.3,11.3,91.3,0.42261826174069944,0.9063077870366499
2016341N08092,2016,VARDAH,2016-12-07 06:00:00,MX,9.9,91.2,25.0,1002.0,3,25,9.8,91.1,9.6,91.0,10.1,91.2,10.3,91.3,10.8,91.3,11.1,91.3,11.4,91.3,0.42261826174069944,0.9063077870366499
2016341N08092,2016,VARDAH,2016-12-07 09:00:00,MX,10.1,91.2,25.0,1002.0,4,15,9.9,91.2,9.8,91.1,10.3,91.3,10.5,91.3,11.0,91.3,11.3,91.3,11.4,91.2,0.25881904510252074,0.9659258262890683
2016341N08092,2016,VARDAH,2016-12-07 12:00:00,TS,10.3,91.3,25.0,1002.0,5,5,10.1,91.2,9.9,91.2,10.5,91.3,10.8,91.3,11.1,91.3,11.4,91.3,11.4,91.2,0.08715574274765817,0.9961946980917455
2016341N08092,2016,VARDAH,2016-12-07 15:00:00,TS,10.5,91.3,28.0,1001.0,6,0,10.3,91.3,10.1,91.2,10.8,91.3,11.0,91.3,11.3,91.3,11.4,91.2,11.5,91.1,0.0,1.0
2016341N08092,2016,VARDAH,2016-12-07 18:00:00,TS,10.8,91.3,30.0,1000.0,4,0,10.5,91.3,10.3,91.3,11.0,91.3,11.1,91.3,11.4,91.3,11.4,91.2,11.6,91.0,0.0,1.0
2016341N08092,2016,VARDAH,2016-12-07 21:00:00,TS,11.0,91.3,33.0,999.0,3,0,10.8,91.3,10.5,91.3,11.1,91.3,11.3,91.3,11.4,91.2,11.5,91.1,11.7,90.9,0.0,1.0
2016341N08092,2016,VARDAH,2016-12-08 00:00:00,TS,11.1,91.3,35.0,998.0,4,0,11.0,91.3,10.8,91.3,11.3,91.3,11.4,91.3,11.4,91.2,11.6,91.0,11.8,90.7,0.0,1.0
2016341N08092,2016,VARDAH,2016-12-08 03:00:00,TS,11.3,91.3,35.0,998.0,3,0,11.1,91.3,11.0,91.3,11.4,91.3,11.4,91.2,11.5,91.1,11.7,90.9,11.9,90.6,0.0,1.0
2016341N08092,2016,VARDAH,2016-12-08 06:00:00,TS,11.4,91.3,35.0,998.0,1,325,11.3,91.3,11.1,91.3,11.4,91.2,11.4,91.2,11.6,91.0,11.8,90.7,12.0,90.5,-0.5735764363510465,0.8191520442889916
2016341N08092,2016,VARDAH,2016-12-08 09:00:00,TS,11.4,91.2,35.0,998.0,1,315,11.4,91.3,11.3,91.3,11.4,91.2,11.5,91.1,11.7,90.9,11.9,90.6,12.1,90.3,-0.7071067811865477,0.7071067811865474
2016341N08092,2016,VARDAH,2016-12-08 12:00:00,TS,11.4,91.2,40.0,997.0,2,315,11.4,91.2,11.4,91.3,11.5,91.1,11.6,91.0,11.8,90.7,12.0,90.5,12.2,90.0,-0.7071067811865477,0.7071067811865474
2016341N08092,2016,VARDAH,2016-12-08 15:00:00,TS,11.5,91.1,40.0,997.0,2,305,11.4,91.2,11.4,91.2,11.6,91.0,11.7,90.9,11.9,90.6,12.1,90.3,12.2,89.7,-0.8191520442889918,0.573576436351046
2016341N08092,2016,VARDAH,2016-12-08 18:00:00,TS,11.6,91.0,40.0,997.0,3,320,11.5,91.1,11.4,91.2,11.7,90.9,11.8,90.7,12.0,90.5,12.2,90.0,12.3,89.4,-0.6427876096865396,0.7660444431189778
2016341N08092,2016,VARDAH,2016-12-08 21:00:00,TS,11.7,90.9,40.0,997.0,4,305,11.6,91.0,11.5,91.1,11.8,90.7,11.9,90.6,12.1,90.3,12.2,89.7,12.5,88.8,-0.8191520442889918,0.573576436351046
2016341N08092,2016,VARDAH,2016-12-09 00:00:00,TS,11.8,90.7,45.0,996.0,3,305,11.7,90.9,11.6,91.0,11.9,90.6,12.0,90.5,12.2,90.0,12.3,89.4,12.6,88.3,-0.8191520442889918,0.573576436351046
2016341N08092,2016,VARDAH,2016-12-09 03:00:00,TS,11.9,90.6,45.0,996.0,3,310,11.8,90.7,11.7,90.9,12.0,90.5,12.1,90.3,12.2,89.7,12.5,88.8,12.7,87.8,-0.7660444431189781,0.6427876096865393
2016341N08092,2016,VARDAH,2016-12-09 06:00:00,TS,12.0,90.5,45.0,996.0,3,305,11.9,90.6,11.8,90.7,12.1,90.3,12.2,90.0,12.3,89.4,12.6,88.3,12.9,87.3,-0.8191520442889918,0.573576436351046
2016341N08092,2016,VARDAH,2016-12-09 09:00:00,TS,12.1,90.3,45.0,996.0,5,295,12.0,90.5,11.9,90.6,12.2,90.0,12.2,89.7,12.5,88.8,12.7,87.8,13.0,86.7,-0.9063077870366499,0.4226182617406996
2016341N08092,2016,VARDAH,2016-12-09 12:00:00,TS,12.2,90.0,45.0,996.0,6,285,12.1,90.3,12.0,90.5,12.2,89.7,12.3,89.4,12.6,88.3,12.9,87.3,13.0,86.4,-0.9659258262890684,0.2588190451025203
2016341N08092,2016,VARDAH,2016-12-09 15:00:00,TS,12.2,89.7,45.0,994.0,7,285,12.2,90.0,12.1,90.3,12.3,89.4,12.5,88.8,12.7,87.8,13.0,86.7,13.1,85.9,-0.9659258262890684,0.2588190451025203
2016341N08092,2016,VARDAH,2016-12-09 18:00:00,TS,12.3,89.4,50.0,992.0,10,285,12.2,89.7,12.2,90.0,12.5,88.8,12.6,88.3,12.9,87.3,13.0,86.4,13.1,85.4,-0.9659258262890684,0.2588190451025203
2016341N08092,2016,VARDAH,2016-12-09 21:00:00,TS,12.5,88.8,55.0,990.0,11,285,12.3,89.4,12.2,89.7,12.6,88.3,12.7,87.8,13.0,86.7,13.1,85.9,13.0,85.1,-0.9659258262890684,0.2588190451025203
2016341N08092,2016,VARDAH,2016-12-10 00:00:00,TS,12.6,88.3,55.0,990.0,10,280,12.5,88.8,12.3,89.4,12.7,87.8,12.9,87.3,13.0,86.4,13.1,85.4,13.1,84.8,-0.9848077530122081,0.17364817766692997
2016341N08092,2016,VARDAH,2016-12-10 03:00:00,TS,12.7,87.8,55.0,990.0,10,285,12.6,88.3,12.5,88.8,12.9,87.3,13.0,86.7,13.1,85.9,13.0,85.1,13.0,84.4,-0.9659258262890684,0.2588190451025203
2016341N08092,2016,VARDAH,2016-12-10 06:00:00,TS,12.9,87.3,55.0,990.0,11,285,12.7,87.8,12.6,88.3,13.0,86.7,13.0,86.4,13.1,85.4,13.1,84.8,13.1,83.8,-0.9659258262890684,0.2588190451025203
2016341N08092,2016,VARDAH,2016-12-10 09:00:00,TS,13.0,86.7,60.0,988.0,9,275,12.9,87.3,12.7,87.8,13.0,86.4,13.1,85.9,13.0,85.1,13.0,84.4,13.1,83.4,-0.9961946980917455,0.08715574274765789
2016341N08092,2016,VARDAH,2016-12-10 12:00:00,TS,13.0,86.4,65.0,984.0,9,275,13.0,86.7,12.9,87.3,13.1,85.9,13.1,85.4,13.1,84.8,13.1,83.8,13.2,83.2,-0.9961946980917455,0.08715574274765789
2016341N08092,2016,VARDAH,2016-12-10 15:00:00,TS,13.1,85.9,65.0,984.0,10,275,13.0,86.4,13.0,86.7,13.1,85.4,13.0,85.1,13.0,84.4,13.1,83.4,13.2,82.7,-0.9961946980917455,0.08715574274765789
2016341N08092,2016,VARDAH,2016-12-10 18:00:00,TS,13.1,85.4,65.0,984.0,8,270,13.1,85.9,13.0,86.4,13.0,85.1,13.1,84.8,13.1,83.8,13.2,83.2,13.1,82.4,-1.0,-1.8369701987210297e-16
2016341N08092,2016,VARDAH,2016-12-10 21:00:00,TS,13.0,85.1,65.0,982.0,5,270,13.1,85.4,13.1,85.9,13.1,84.8,13.0,84.4,13.1,83.4,13.2,82.7,13.2,82.0,-1.0,-1.8369701987210297e-16
2016341N08092,2016,VARDAH,2016-12-11 00:00:00,TS,13.1,84.8,70.0,980.0,7,265,13.0,85.1,13.1,85.4,13.0,84.4,13.1,83.8,13.2,83.2,13.1,82.4,13.2,81.7,-0.9961946980917455,-0.08715574274765825
2016341N08092,2016,VARDAH,2016-12-11 03:00:00,TS,13.0,84.4,70.0,980.0,10,270,13.1,84.8,13.0,85.1,13.1,83.8,13.1,83.4,13.2,82.7,13.2,82.0,13.2,81.3,-1.0,-1.8369701987210297e-16
2016341N08092,2016,VARDAH,2016-12-11 06:00:00,TS,13.1,83.8,70.0,980.0,9,275,13.0,84.4,13.1,84.8,13.1,83.4,13.2,83.2,13.1,82.4,13.2,81.7,13.2,80.8,-0.9961946980917455,0.08715574274765789
2016341N08092,2016,VARDAH,2016-12-11 09:00:00,TS,13.1,83.4,70.0,980.0,7,285,13.1,83.8,13.0,84.4,13.2,83.2,13.2,82.7,13.2,82.0,13.2,81.3,13.2,80.3,-0.9659258262890684,0.2588190451025203
2016341N08092,2016,VARDAH,2016-12-11 12:00:00,TS,13.2,83.2,70.0,980.0,8,280,13.1,83.4,13.1,83.8,13.2,82.7,13.1,82.4,13.2,81.7,13.2,80.8,13.1,79.9,-0.9848077530122081,0.17364817766692997
2016341N08092,2016,VARDAH,2016-12-11 15:00:00,TS,13.2,82.7,70.0,980.0,8,265,13.2,83.2,13.1,83.4,13.1,82.4,13.2,82.0,13.2,81.3,13.2,80.3,13.1,79.4,-0.9961946980917455,-0.08715574274765825
2016341N08092,2016,VARDAH,2016-12-11 18:00:00,TS,13.1,82.4,70.0,980.0,7,265,13.2,82.7,13.2,83.2,13.2,82.0,13.2,81.7,13.2,80.8,13.1,79.9,13.0,78.9,-0.9961946980917455,-0.08715574274765825
2016341N08092,2016,VARDAH,2016-12-11 21:00:00,TS,13.2,82.0,70.0,978.0,6,280,13.1,82.4,13.2,82.7,13.2,81.7,13.2,81.3,13.2,80.3,13.1,79.4,13.0,78.4,-0.9848077530122081,0.17364817766692997
2016341N08092,2016,VARDAH,2016-12-12 00:00:00,TS,13.2,81.7,70.0,975.0,7,275,13.2,82.0,13.1,82.4,13.2,81.3,13.2,80.8,13.1,79.9,13.0,78.9,13.0,77.8,-0.9961946980917455,0.08715574274765789
2016341N08092,2016,VARDAH,2016-12-12 03:00:00,TS,13.2,81.3,70.0,975.0,9,270,13.2,81.7,13.2,82.0,13.2,80.8,13.2,80.3,13.1,79.4,13.0,78.4,13.0,77.4,-1.0,-1.8369701987210297e-16
2016341N08092,2016,VARDAH,2016-12-12 06:00:00,TS,13.2,80.8,70.0,975.0,9,265,13.2,81.3,13.2,81.7,13.2,80.3,13.1,79.9,13.0,78.9,13.0,77.8,13.0,77.0,-0.9961946980917455,-0.08715574274765825
2016341N08092,2016,VARDAH,2016-12-12 09:00:00,TS,13.2,80.3,60.0,975.0,9,265,13.2,80.8,13.2,81.3,13.1,79.9,13.1,79.4,13.0,78.4,13.0,77.4,13.0,76.5,-0.9961946980917455,-0.08715574274765825
2016341N08092,2016,VARDAH,2016-12-12 12:00:00,TS,13.1,79.9,50.0,984.0,9,265,13.2,80.3,13.2,80.8,13.1,79.4,13.0,78.9,13.0,77.8,13.0,77.0,13.1,76.0,-0.9961946980917455,-0.08715574274765825
2016341N08092,2016,VARDAH,2016-12-12 15:00:00,TS,13.1,79.4,40.0,994.0,9,265,13.1,79.9,13.2,80.3,13.0,78.9,13.0,78.4,13.0,77.4,13.0,76.5,13.2,75.6,-0.9961946980917455,-0.08715574274765825
2016341N08092,2016,VARDAH,2016-12-12 18:00:00,TS,13.0,78.9,30.0,1002.0,10,265,13.1,79.4,13.1,79.9,13.0,78.4,13.0,77.8,13.0,77.0,13.1,76.0,13.2,75.1,-0.9961946980917455,-0.08715574274765825
2016341N08092,2016,VARDAH,2016-12-12 21:00:00,TS,13.0,78.4,25.0,1003.0,11,270,13.0,78.9,13.1,79.4,13.0,77.8,13.0,77.4,13.0,76.5,13.2,75.6,13.2,74.5,-1.0,-1.8369701987210297e-16
2016341N08092,2016,VARDAH,2016-12-13 00:00:00,TS,13.0,77.8,20.0,1003.0,10,275,13.0,78.4,13.0,78.9,13.0,77.4,13.0,77.0,13.1,76.0,13.2,75.1,13.2,74.0,-0.9961946980917455,0.08715574274765789
2016341N08092,2016,VARDAH,2016-12-13 03:00:00,TS,13.0,77.4,,,8,270,13.0,77.8,13.0,78.4,13.0,77.0,13.0,76.5,13.2,75.6,13.2,74.5,13.2,73.6,-1.0,-1.8369701987210297e-16
2016341N08092,2016,VARDAH,2016-12-13 06:00:00,TS,13.0,77.0,,,9,270,13.0,77.4,13.0,77.8,13.0,76.5,13.1,76.0,13.2,75.1,13.2,74.0,13.1,73.2,-1.0,-1.8369701987210297e-16
2016341N08092,2016,VARDAH,2016-12-13 09:00:00,TS,13.0,76.5,,,10,275,13.0,77.0,13.0,77.4,13.1,76.0,13.2,75.6,13.2,74.5,13.2,73.6,13.0,72.9,-0.9961946980917455,0.08715574274765789
2016341N08092,2016,VARDAH,2016-12-13 12:00:00,TS,13.1,76.0,,,9,280,13.0,76.5,13.0,77.0,13.2,75.6,13.2,75.1,13.2,74.0,13.1,73.2,12.9,72.6,-0.9848077530122081,0.17364817766692997
2016341N08092,2016,VARDAH,2016-12-13 15:00:00,TS,13.2,75.6,,,9,275,13.1,76.0,13.0,76.5,13.2,75.1,13.2,74.5,13.2,73.6,13.0,72.9,12.8,72.2,-0.9961946980917455,0.08715574274765789
2016341N08092,2016,VARDAH,2016-12-13 18:00:00,DS,13.2,75.1,,,10,275,13.2,75.6,13.1,76.0,13.2,74.5,13.2,74.0,13.1,73.2,12.9,72.6,12.6,71.8,-0.9961946980917455,0.08715574274765789
2016341N08092,2016,VARDAH,2016-12-13 21:00:00,DS,13.2,74.5,,,11,270,13.2,75.1,13.2,75.6,13.2,74.0,13.2,73.6,13.0,72.9,12.8,72.2,12.4,71.4,-1.0,-1.8369701987210297e-16
2016341N08092,2016,VARDAH,2016-12-14 00:00:00,DS,13.2,74.0,,,10,265,13.2,74.5,13.2,75.1,13.2,73.6,13.1,73.2,12.9,72.6,12.6,71.8,12.2,71.0,-0.9961946980917455,-0.08715574274765825
2016341N08092,2016,VARDAH,2016-12-14 03:00:00,DS,13.2,73.6,,,8,265,13.2,74.0,13.2,74.5,13.1,73.2,13.0,72.9,12.8,72.2,12.4,71.4,12.0,70.6,-0.9961946980917455,-0.08715574274765825
2016341N08092,2016,VARDAH,2016-12-14 06:00:00,DS,13.1,73.2,,,7,255,13.2,73.6,13.2,74.0,13.0,72.9,12.9,72.6,12.6,71.8,12.2,71.0,11.8,70.2,-0.9659258262890683,-0.25881904510252063
2016341N08092,2016,VARDAH,2016-12-14 09:00:00,DS,13.0,72.9,,,6,250,13.1,73.2,13.2,73.6,12.9,72.6,12.8,72.2,12.4,71.4,12.0,70.6,11.6,69.9,-0.9396926207859084,-0.34202014332566855
2016341N08092,2016,VARDAH,2016-12-14 12:00:00,TS,12.9,72.6,,,7,250,13.0,72.9,13.1,73.2,12.8,72.2,12.6,71.8,12.2,71.0,11.8,70.2,11.4,69.5,-0.9396926207859084,-0.34202014332566855
2016341N08092,2016,VARDAH,2016-12-14 15:00:00,TS,12.8,72.2,,,8,250,12.9,72.6,13.0,72.9,12.6,71.8,12.4,71.4,12.0,70.6,11.6,69.9,11.2,69.0,-0.9396926207859084,-0.34202014332566855
2016341N08092,2016,VARDAH,2016-12-14 18:00:00,TS,12.6,71.8,,,9,245,12.8,72.2,12.9,72.6,12.4,71.4,12.2,71.0,11.8,70.2,11.4,69.5,11.1,68.5,-0.90630778703665,-0.42261826174069916
2016341N08092,2016,VARDAH,2016-12-14 21:00:00,TS,12.4,71.4,,,9,245,12.6,71.8,12.8,72.2,12.2,71.0,12.0,70.6,11.6,69.9,11.2,69.0,11.1,68.0,-0.90630778703665,-0.42261826174069916
2016341N08092,2016,VARDAH,2016-12-15 00:00:00,TS,12.2,71.0,,,9,245,12.4,71.4,12.6,71.8,12.0,70.6,11.8,70.2,11.4,69.5,11.1,68.5,11.2,67.5,-0.90630778703665,-0.42261826174069916
2016341N08092,2016,VARDAH,2016-12-15 03:00:00,TS,12.0,70.6,,,9,245,12.2,71.0,12.4,71.4,11.8,70.2,11.6,69.9,11.2,69.0,11.1,68.0,11.2,66.9,-0.90630778703665,-0.42261826174069916
2016341N08092,2016,VARDAH,2016-12-15 06:00:00,TS,11.8,70.2,,,8,240,12.0,70.6,12.2,71.0,11.6,69.9,11.4,69.5,11.1,68.5,11.2,67.5,11.2,66.4,-0.8660254037844384,-0.5000000000000004
2016341N08092,2016,VARDAH,2016-12-15 09:00:00,TS,11.6,69.9,,,8,240,11.8,70.2,12.0,70.6,11.4,69.5,11.2,69.0,11.1,68.0,11.2,66.9,11.2,65.9,-0.8660254037844384,-0.5000000000000004
2016341N08092,2016,VARDAH,2016-12-15 12:00:00,TS,11.4,69.5,,,9,245,11.6,69.9,11.8,70.2,11.2,69.0,11.1,68.5,11.2,67.5,11.2,66.4,11.2,65.4,-0.90630778703665,-0.42261826174069916
2016341N08092,2016,VARDAH,2016-12-15 15:00:00,TS,11.2,69.0,,,10,255,11.4,69.5,11.6,69.9,11.1,68.5,11.1,68.0,11.2,66.9,11.2,65.9,11.2,64.9,-0.9659258262890683,-0.25881904510252063
2016341N08092,2016,VARDAH,2016-12-15 18:00:00,TS,11.1,68.5,,,10,265,11.2,69.0,11.4,69.5,11.1,68.0,11.2,67.5,11.2,66.4,11.2,65.4,11.1,64.2,-0.9961946980917455,-0.08715574274765825
2016341N08092,2016,VARDAH,2016-12-15 21:00:00,TS,11.1,68.0,,,10,275,11.1,68.5,11.2,69.0,11.2,67.5,11.2,66.9,11.2,65.9,11.2,64.9,11.0,63.1,-0.9961946980917455,0.08715574274765789
2016341N08092,2016,VARDAH,2016-12-16 00:00:00,TS,11.2,67.5,,,10,275,11.1,68.0,11.1,68.5,11.2,66.9,11.2,66.4,11.2,65.4,11.1,64.2,11.1,62.1,-0.9961946980917455,0.08715574274765789
2016341N08092,2016,VARDAH,2016-12-16 03:00:00,TS,11.2,66.9,,,11,270,11.2,67.5,11.1,68.0,11.2,66.4,11.2,65.9,11.2,64.9,11.0,63.1,11.2,61.4,-1.0,-1.8369701987210297e-16
2016341N08092,2016,VARDAH,2016-12-16 06:00:00,TS,11.2,66.4,,,10,270,11.2,66.9,11.2,67.5,11.2,65.9,11.2,65.4,11.1,64.2,11.1,62.1,11.0,60.8,-1.0,-1.8369701987210297e-16
2016341N08092,2016,VARDAH,2016-12-16 09:00:00,TS,11.2,65.9,,,10,270,11.2,66.4,11.2,66.9,11.2,65.4,11.2,64.9,11.0,63.1,11.2,61.4,10.8,60.3,-1.0,-1.8369701987210297e-16
2016341N08092,2016,VARDAH,2016-12-16 12:00:00,TS,11.2,65.4,,,10,270,11.2,65.9,11.2,66.4,11.2,64.9,11.1,64.2,11.1,62.1,11.0,60.8,10.6,59.8,-1.0,-1.8369701987210297e-16
2016341N08092,2016,VARDAH,2016-12-16 15:00:00,TS,11.2,64.9,,,12,265,11.2,65.4,11.2,65.9,11.1,64.2,11.0,63.1,11.2,61.4,10.8,60.3,10.2,59.1,-0.9961946980917455,-0.08715574274765825
2016341N08092,2016,VARDAH,2016-12-16 18:00:00,TS,11.1,64.2,,,17,265,11.2,64.9,11.2,65.4,11.0,63.1,11.1,62.1,11.0,60.8,10.6,59.8,9.8,58.3,-0.9961946980917455,-0.08715574274765825
2016341N08092,2016,VARDAH,2016-12-16 21:00:00,TS,11.0,63.1,25.0,,21,270,11.1,64.2,11.2,64.9,11.1,62.1,11.2,61.4,10.8,60.3,10.2,59.1,9.5,57.4,-1.0,-1.8369701987210297e-16
2016341N08092,2016,VARDAH,2016-12-17 00:00:00,TS,11.1,62.1,25.0,,17,275,11.0,63.1,11.1,64.2,11.2,61.4,11.0,60.8,10.6,59.8,9.8,58.3,9.4,56.8,-0.9961946980917455,0.08715574274765789
2016341N08092,2016,VARDAH,2016-12-17 03:00:00,TS,11.2,61.4,25.0,,13,260,11.1,62.1,11.0,63.1,11.0,60.8,10.8,60.3,10.2,59.1,9.5,57.4,9.3,56.1,-0.984807753012208,-0.17364817766693033
2016341N08092,2016,VARDAH,2016-12-17 06:00:00,TS,11.0,60.8,25.0,,11,250,11.2,61.4,11.1,62.1,10.8,60.3,10.6,59.8,9.8,58.3,9.4,56.8,9.3,55.4,-0.9396926207859084,-0.34202014332566855
2016341N08092,2016,VARDAH,2016-12-17 09:00:00,TS,10.8,60.3,25.0,,10,250,11.0,60.8,11.2,61.4,10.6,59.8,10.2,59.1,9.5,57.4,9.3,56.1,9.3,54.6,-0.9396926207859084,-0.34202014332566855
2016341N08092,2016,VARDAH,2016-12-17 12:00:00,TS,10.6,59.8,25.0,,13,245,10.8,60.3,11.0,60.8,10.2,59.1,9.8,58.3,9.4,56.8,9.3,55.4,9.3,53.7,-0.90630778703665,-0.42261826174069916
2016341N08092,2016,VARDAH,2016-12-17 15:00:00,TS,10.2,59.1,25.0,,17,240,10.6,59.8,10.8,60.3,9.8,58.3,9.5,57.4,9.3,56.1,9.3,54.6,9.3,52.9,-0.8660254037844384,-0.5000000000000004
2016341N08092,2016,VARDAH,2016-12-17 18:00:00,TS,9.8,58.3,25.0,,18,250,10.2,59.1,10.6,59.8,9.5,57.4,9.4,56.8,9.3,55.4,9.3,53.7,9.2,52.1,-0.9396926207859084,-0.34202014332566855
2016341N08092,2016,VARDAH,2016-12-17 21:00:00,TS,9.5,57.4,20.0,,15,255,9.8,58.3,10.2,59.1,9.4,56.8,9.3,56.1,9.3,54.6,9.3,52.9,9.1,51.5,-0.9659258262890683,-0.25881904510252063
2016341N08092,2016,VARDAH,2016-12-18 00:00:00,TS,9.4,56.8,,,13,260,9.5,57.4,9.8,58.3,9.3,56.1,9.3,55.4,9.3,53.7,9.2,52.1,8.9,51.0,-0.984807753012208,-0.17364817766693033
2017104N08085,2017,MAARUTHA,2017-04-14 06:00:00,TS,9.4,86.1,,,14,35,8.8,85.7,8.2,85.3,10.0,86.5,10.5,86.9,11.3,87.6,12.2,88.3,13.3,89.2,0.573576436351046,0.8191520442889918
2017104N08085,2017,MAARUTHA,2017-04-14 09:00:00,TS,10.0,86.5,,,14,35,9.4,86.1,8.8,85.7,10.5,86.9,10.9,87.3,11.8,88.0,12.7,88.7,13.8,89.7,0.573576436351046,0.8191520442889918
2017104N08085,2017,MAARUTHA,2017-04-14 12:00:00,TS,10.5,86.9,,,12,40,10.0,86.5,9.4,86.1,10.9,87.3,11.3,87.6,12.2,88.3,13.3,89.2,14.3,90.2,0.6427876096865393,0.766044443118978
2017104N08085,2017,MAARUTHA,2017-04-14 15:00:00,TS,10.9,87.3,,,11,40,10.5,86.9,10.0,86.5,11.3,87.6,11.8,88.0,12.7,88.7,13.8,89.7,14.7,90.7,0.6427876096865393,0.766044443118978
2017104N08085,2017,MAARUTHA,2017-04-14 18:00:00,TS,11.3,87.6,,,11,40,10.9,87.3,10.5,86.9,11.8,88.0,12.2,88.3,13.3,89.2,14.3,90.2,15.1,91.1,0.6427876096865393,0.766044443118978
2017104N08085,2017,MAARUTHA,2017-04-14 21:00:00,TS,11.8,88.0,,,12,35,11.3,87.6,10.9,87.3,12.2,88.3,12.7,88.7,13.8,89.7,14.7,90.7,15.4,91.3,0.573576436351046,0.8191520442889918
2017104N08085,2017,MAARUTHA,2017-04-15 00:00:00,TS,12.2,88.3,25.0,1001.0,12,35,11.8,88.0,11.3,87.6,12.7,88.7,13.3,89.2,14.3,90.2,15.1,91.1,16.0,92.0,0.573576436351046,0.8191520442889918
2017104N08085,2017,MAARUTHA,2017-04-15 03:00:00,TS,12.7,88.7,25.0,1001.0,14,40,12.2,88.3,11.8,88.0,13.3,89.2,13.8,89.7,14.7,90.7,15.4,91.3,16.6,92.5,0.6427876096865393,0.766044443118978
2017104N08085,2017,MAARUTHA,2017-04-15 06:00:00,TS,13.3,89.2,25.0,1000.0,14,45,12.7,88.7,12.2,88.3,13.8,89.7,14.3,90.2,15.1,91.1,16.0,92.0,17.2,92.9,0.7071067811865475,0.7071067811865476
2017104N08085,2017,MAARUTHA,2017-04-15 09:00:00,TS,13.8,89.7,30.0,999.0,13,45,13.3,89.2,12.7,88.7,14.3,90.2,14.7,90.7,15.4,91.3,16.6,92.5,17.7,93.2,0.7071067811865475,0.7071067811865476
2017104N08085,2017,MAARUTHA,2017-04-15 12:00:00,TS,14.3,90.2,30.0,999.0,13,45,13.8,89.7,13.3,89.2,14.7,90.7,15.1,91.1,16.0,92.0,17.2,92.9,18.1,93.6,0.7071067811865475,0.7071067811865476
2017104N08085,2017,MAARUTHA,2017-04-15 15:00:00,TS,14.7,90.7,33.0,999.0,12,45,14.3,90.2,13.8,89.7,15.1,91.1,15.4,91.3,16.6,92.5,17.7,93.2,18.5,93.9,0.7071067811865475,0.7071067811865476
2017104N08085,2017,MAARUTHA,2017-04-15 18:00:00,TS,15.1,91.1,35.0,998.0,9,45,14.7,90.7,14.3,90.2,15.4,91.3,16.0,92.0,17.2,92.9,18.1,93.6,18.8,94.3,0.7071067811865475,0.7071067811865476
2017104N08085,2017,MAARUTHA,2017-04-15 21:00:00,TS,15.4,91.3,40.0,996.0,13,45,15.1,91.1,14.7,90.7,16.0,92.0,16.6,92.5,17.7,93.2,18.5,93.9,19.3,94.8,0.7071067811865475,0.7071067811865476
2017104N08085,2017,MAARUTHA,2017-04-16 00:00:00,TS,16.0,92.0,40.0,996.0,17,40,15.4,91.3,15.1,91.1,16.6,92.5,17.2,92.9,18.1,93.6,18.8,94.3,19.8,95.4,0.6427876096865393,0.766044443118978
2017147N14087,2017,MORA,2017-05-27 12:00:00,TS,13.8,88.4,,,9,90,13.8,87.9,13.9,87.4,13.8,88.8,13.9,89.2,14.2,89.7,15.1,90.5,15.8,90.9,1.0,6.123233995736766e-17
2017147N14087,2017,MORA,2017-05-27 15:00:00,TS,13.8,88.8,,,8,85,13.8,88.4,13.8,87.9,13.9,89.2,14.0,89.6,14.7,90.1,15.5,90.7,16.0,91.0,0.9961946980917455,0.08715574274765814
2017147N14087,2017,MORA,2017-05-27 18:00:00,TS,13.9,89.2,,,8,75,13.8,88.8,13.8,88.4,14.0,89.6,14.2,89.7,15.1,90.5,15.8,90.9,16.3,91.1,0.9659258262890683,0.25881904510252074
2017147N14087,2017,MORA,2017-05-27 21:00:00,TS,14.0,89.6,,,6,55,13.9,89.2,13.8,88.8,14.2,89.7,14.7,90.1,15.5,90.7,16.0,91.0,16.6,91.2,0.8191520442889918,0.5735764363510462
2017147N14087,2017,MORA,2017-05-28 00:00:00,TS,14.2,89.7,25.0,998.0,8,40,14.0,89.6,13.9,89.2,14.7,90.1,15.1,90.5,15.8,90.9,16.3,91.1,17.0,91.3,0.6427876096865393,0.766044443118978
2017147N14087,2017,MORA,2017-05-28 03:00:00,TS,14.7,90.1,25.0,998.0,11,40,14.2,89.7,14.0,89.6,15.1,90.5,15.5,90.7,16.0,91.0,16.6,91.2,17.3,91.3,0.6427876096865393,0.766044443118978
2017147N14087,2017,MORA,2017-05-28 06:00:00,TS,15.1,90.5,25.0,997.0,10,35,14.7,90.1,14.2,89.7,15.5,90.7,15.8,90.9,16.3,91.1,17.0,91.3,17.8,91.5,0.573576436351046,0.8191520442889918
2017147N14087,2017,MORA,2017-05-28 09:00:00,TS,15.5,90.7,30.0,996.0,7,30,15.1,90.5,14.7,90.1,15.8,90.9,16.0,91.0,16.6,91.2,17.3,91.3,18.2,91.6,0.49999999999999994,0.8660254037844387
2017147N14087,2017,MORA,2017-05-28 12:00:00,TS,15.8,90.9,30.0,995.0,6,25,15.5,90.7,15.1,90.5,16.0,91.0,16.3,91.1,17.0,91.3,17.8,91.5,18.7,91.6,0.42261826174069944,0.9063077870366499
2017147N14087,2017,MORA,2017-05-28 15:00:00,TS,16.0,91.0,35.0,994.0,6,25,15.8,90.9,15.5,90.7,16.3,91.1,16.6,91.2,17.3,91.3,18.2,91.6,19.0,91.6,0.42261826174069944,0.9063077870366499
2017147N14087,2017,MORA,2017-05-28 18:00:00,TS,16.3,91.1,35.0,994.0,6,15,16.0,91.0,15.8,90.9,16.6,91.2,17.0,91.3,17.8,91.5,18.7,91.6,19.8,91.7,0.25881904510252074,0.9659258262890683
2017147N14087,2017,MORA,2017-05-28 21:00:00,TS,16.6,91.2,40.0,992.0,7,10,16.3,91.1,16.0,91.0,17.0,91.3,17.3,91.3,18.2,91.6,19.0,91.6,20.3,91.7,0.17364817766693033,0.984807753012208
2017147N14087,2017,MORA,2017-05-29 00:00:00,TS,17.0,91.3,45.0,990.0,7,10,16.6,91.2,16.3,91.1,17.3,91.3,17.8,91.5,18.7,91.6,19.8,91.7,21.0,91.9,0.17364817766693033,0.984807753012208
2017147N14087,2017,MORA,2017-05-29 03:00:00,TS,17.3,91.3,45.0,990.0,8,15,17.0,91.3,16.6,91.2,17.8,91.5,18.2,91.6,19.0,91.6,20.3,91.7,21.9,92.0,0.25881904510252074,0.9659258262890683
2017147N14087,2017,MORA,2017-05-29 06:00:00,TS,17.8,91.5,45.0,988.0,10,15,17.3,91.3,17.0,91.3,18.2,91.6,18.7,91.6,19.8,91.7,21.0,91.9,23.0,92.0,0.25881904510252074,0.9659258262890683
2017147N14087,2017,MORA,2017-05-29 09:00:00,TS,18.2,91.6,45.0,986.0,9,10,17.8,91.5,17.3,91.3,18.7,91.6,19.0,91.6,20.3,91.7,21.9,92.0,23.9,92.2,0.17364817766693033,0.984807753012208
2017147N14087,2017,MORA,2017-05-29 12:00:00,TS,18.7,91.6,50.0,984.0,8,5,18.2,91.6,17.8,91.5,19.0,91.6,19.8,91.7,21.0,91.9,23.0,92.0,24.7,92.4,0.08715574274765817,0.9961946980917455
2017147N14087,2017,MORA,2017-05-29 15:00:00,TS,19.0,91.6,55.0,980.0,12,0,18.7,91.6,18.2,91.6,19.8,91.7,20.3,91.7,21.9,92.0,23.9,92.2,25.2,92.6,0.0,1.0
2017147N14087,2017,MORA,2017-05-29 18:00:00,TS,19.8,91.7,55.0,980.0,13,5,19.0,91.6,18.7,91.6,20.3,91.7,21.0,91.9,23.0,92.0,24.7,92.4,25.7,92.9,0.08715574274765817,0.9961946980917455
2017163N20090,2017,UNNAMED,2017-06-11 18:00:00,TS,21.5,90.0,25.0,988.0,11,30,21.0,89.7,20.5,89.5,22.0,90.3,22.5,90.5,23.5,90.7,24.0,91.0,24.5,91.5,0.49999999999999994,0.8660254037844387
2017232N19130,2017,HATO,2017-08-19 18:00:00,TS,19.0,129.6,,,4,250,19.3,129.6,19.1,130.1,19.1,129.2,19.3,128.8,19.5,127.7,19.6,126.7,19.8,125.9,-0.9396926207859084,-0.34202014332566855
2017232N19130,2017,HATO,2017-08-19 21:00:00,TS,19.1,129.2,,,8,285,19.0,129.6,19.3,129.6,19.3,128.8,19.4,128.3,19.6,127.2,19.7,126.3,19.9,125.6,-0.9659258262890684,0.2588190451025203
2017232N19130,2017,HATO,2017-08-20 00:00:00,TS,19.3,128.8,,,9,285,19.1,129.2,19.0,129.6,19.4,128.3,19.5,127.7,19.6,126.7,19.8,125.9,20.1,125.1,-0.9659258262890684,0.2588190451025203
2017232N19130,2017,HATO,2017-08-20 03:00:00,TS,19.4,128.3,,,11,285,19.3,128.8,19.1,129.2,19.5,127.7,19.6,127.2,19.7,126.3,19.9,125.6,20.2,124.6,-0.9659258262890684,0.2588190451025203
2017232N19130,2017,HATO,2017-08-20 06:00:00,MX,19.5,127.7,,,11,280,19.4,128.3,19.3,128.8,19.6,127.2,19.6,126.7,19.8,125.9,20.1,125.1,20.3,124.1,-0.9848077530122081,0.17364817766692997
2017232N19130,2017,HATO,2017-08-20 09:00:00,MX,19.6,127.2,,,10,275,19.5,127.7,19.4,128.3,19.6,126.7,19.7,126.3,19.9,125.6,20.2,124.6,20.4,123.6,-0.9961946980917455,0.08715574274765789
2017232N19130,2017,HATO,2017-08-20 12:00:00,MX,19.6,126.7,,,8,275,19.6,127.2,19.5,127.7,19.7,126.3,19.8,125.9,20.1,125.1,20.3,124.1,20.3,122.9,-0.9961946980917455,0.08715574274765789
2017232N19130,2017,HATO,2017-08-20 15:00:00,MX,19.7,126.3,,,7,280,19.6,126.7,19.6,127.2,19.8,125.9,19.9,125.6,20.2,124.6,20.4,123.6,20.2,122.1,-0.9848077530122081,0.17364817766692997
2017232N19130,2017,HATO,2017-08-20 18:00:00,MX,19.8,125.9,,,7,290,19.7,126.3,19.6,126.7,19.9,125.6,20.1,125.1,20.3,124.1,20.3,122.9,20.1,121.3,-0.9396926207859083,0.342020143325669
2017232N19130,2017,HATO,2017-08-20 21:00:00,MX,19.9,125.6,,,8,290,19.8,125.9,19.7,126.3,20.1,125.1,20.2,124.6,20.4,123.6,20.2,122.1,20.2,120.6,-0.9396926207859083,0.342020143325669
2017232N19130,2017,HATO,2017-08-21 00:00:00,TS,20.1,125.1,,,9,290,19.9,125.6,19.8,125.9,20.2,124.6,20.3,124.1,20.3,122.9,20.1,121.3,20.3,120.0,-0.9396926207859083,0.342020143325669
2017232N19130,2017,HATO,2017-08-21 03:00:00,TS,20.2,124.6,,,10,285,20.1,125.1,19.9,125.6,20.3,124.1,20.4,123.6,20.2,122.1,20.2,120.6,20.4,119.4,-0.9659258262890684,0.2588190451025203
2017232N19130,2017,HATO,2017-08-21 06:00:00,TS,20.3,124.1,,,10,275,20.2,124.6,20.1,125.1,20.4,123.6,20.3,122.9,20.1,121.3,20.3,120.0,20.4,118.7,-0.9961946980917455,0.08715574274765789
2017232N19130,2017,HATO,2017-08-21 09:00:00,TS,20.4,123.6,,,11,270,20.3,124.1,20.2,124.6,20.3,122.9,20.2,122.1,20.2,120.6,20.4,119.4,20.5,118.0,-1.0,-1.8369701987210297e-16
2017232N19130,2017,HATO,2017-08-21 12:00:00,TS,20.3,122.9,,,14,265,20.4,123.6,20.3,124.1,20.2,122.1,20.1,121.3,20.3,120.0,20.4,118.7,20.6,117.3,-0.9961946980917455,-0.08715574274765825
2017232N19130,2017,HATO,2017-08-21 15:00:00,TS,20.2,122.1,,,15,260,20.3,122.9,20.4,123.6,20.1,121.3,20.2,120.6,20.4,119.4,20.5,118.0,20.8,116.7,-0.984807753012208,-0.17364817766693033
2017232N19130,2017,HATO,2017-08-21 18:00:00,TS,20.1,121.3,,,14,270,20.2,122.1,20.3,122.9,20.2,120.6,20.3,120.0,20.4,118.7,20.6,117.3,21.0,116.0,-1.0,-1.8369701987210297e-16
2017232N19130,2017,HATO,2017-08-21 21:00:00,TS,20.2,120.6,,,13,275,20.1,121.3,20.2,122.1,20.3,120.0,20.4,119.4,20.5,118.0,20.8,116.7,21.2,115.2,-0.9961946980917455,0.08715574274765789
2017232N19130,2017,HATO,2017-08-22 00:00:00,TS,20.3,120.0,,,12,280,20.2,120.6,20.1,121.3,20.4,119.4,20.4,118.7,20.6,117.3,21.0,116.0,21.5,114.5,-0.9848077530122081,0.17364817766692997
2017232N19130,2017,HATO,2017-08-22 03:00:00,TS,20.4,119.4,,,12,280,20.3,120.0,20.2,120.6,20.4,118.7,20.5,118.0,20.8,116.7,21.2,115.2,21.9,113.7,-0.9848077530122081,0.17364817766692997
2017232N19130,2017,HATO,2017-08-22 06:00:00,TS,20.4,118.7,,,13,275,20.4,119.4,20.3,120.0,20.5,118.0,20.6,117.3,21.0,116.0,21.5,114.5,22.2,112.9,-0.9961946980917455,0.08715574274765789
2017232N19130,2017,HATO,2017-08-22 09:00:00,TS,20.5,118.0,,,13,275,20.4,118.7,20.4,119.4,20.6,117.3,20.8,116.7,21.2,115.2,21.9,113.7,22.5,111.9,-0.9961946980917455,0.08715574274765789
2017232N19130,2017,HATO,2017-08-22 12:00:00,TS,20.6,117.3,,,13,285,20.5,118.0,20.4,118.7,20.8,116.7,21.0,116.0,21.5,114.5,22.2,112.9,22.7,110.9,-0.9659258262890684,0.2588190451025203
2017232N19130,2017,HATO,2017-08-22 15:00:00,TS,20.8,116.7,,,14,290,20.6,117.3,20.5,118.0,21.0,116.0,21.2,115.2,21.9,113.7,22.5,111.9,22.9,110.0,-0.9396926207859083,0.342020143325669
2017232N19130,2017,HATO,2017-08-22 18:00:00,TS,21.0,116.0,,,14,290,20.8,116.7,20.6,117.3,21.2,115.2,21.5,114.5,22.2,112.9,22.7,110.9,23.1,109.1,-0.9396926207859083,0.342020143325669
2017232N19130,2017,HATO,2017-08-22 21:00:00,TS,21.2,115.2,,,15,290,21.0,116.0,20.8,116.7,21.5,114.5,21.9,113.7,22.5,111.9,22.9,110.0,23.3,108.3,-0.9396926207859083,0.342020143325669
2017232N19130,2017,HATO,2017-08-23 00:00:00,TS,21.5,114.5,,,16,295,21.2,115.2,21.0,116.0,21.9,113.7,22.2,112.9,22.7,110.9,23.1,109.1,23.4,107.6,-0.9063077870366499,0.4226182617406996
2017232N19130,2017,HATO,2017-08-23 03:00:00,TS,21.9,113.7,,,16,295,21.5,114.5,21.2,115.2,22.2,112.9,22.5,111.9,22.9,110.0,23.3,108.3,23.6,106.9,-0.9063077870366499,0.4226182617406996
2017232N19130,2017,HATO,2017-08-23 06:00:00,TS,22.2,112.9,,,17,290,21.9,113.7,21.5,114.5,22.5,111.9,22.7,110.9,23.1,109.1,23.4,107.6,23.7,106.2,-0.9396926207859083,0.342020143325669
2017232N19130,2017,HATO,2017-08-23 09:00:00,TS,22.5,111.9,,,19,285,22.2,112.9,21.9,113.7,22.7,110.9,22.9,110.0,23.3,108.3,23.6,106.9,23.7,105.5,-0.9659258262890684,0.2588190451025203
2017232N19130,2017,HATO,2017-08-23 12:00:00,TS,22.7,110.9,,,18,285,22.5,111.9,22.2,112.9,22.9,110.0,23.1,109.1,23.4,107.6,23.7,106.2,23.8,104.7,-0.9659258262890684,0.2588190451025203
2017232N19130,2017,HATO,2017-08-23 15:00:00,TS,22.9,110.0,,,17,285,22.7,110.9,22.5,111.9,23.1,109.1,23.3,108.3,23.6,106.9,23.7,105.5,23.7,103.6,-0.9659258262890684,0.2588190451025203
2017232N19130,2017,HATO,2017-08-23 18:00:00,TS,23.1,109.1,,,16,285,22.9,110.0,22.7,110.9,23.3,108.3,23.4,107.6,23.7,106.2,23.8,104.7,23.7,102.4,-0.9659258262890684,0.2588190451025203
2017232N19130,2017,HATO,2017-08-23 21:00:00,TS,23.3,108.3,,,15,280,23.1,109.1,22.9,110.0,23.4,107.6,23.6,106.9,23.7,105.5,23.7,103.6,23.7,101.0,-0.9848077530122081,0.17364817766692997
2017232N19130,2017,HATO,2017-08-24 00:00:00,TS,23.4,107.6,,,14,280,23.3,108.3,23.1,109.1,23.6,106.9,23.7,106.2,23.8,104.7,23.7,102.4,23.7,99.7,-0.9848077530122081,0.17364817766692997
2017282N22088,2017,UNNAMED,2017-10-09 06:00:00,TS,22.6,88.3,30.0,996.0,3,325,22.5,88.4,22.4,88.4,22.7,88.2,22.9,88.1,23.1,87.8,23.2,87.1,23.8,86.6,-0.5735764363510465,0.8191520442889916
2017307N07102,2017,UNNAMED,2017-11-03 06:00:00,DS,7.3,101.8,,,3,250,7.3,102.0,7.2,102.4,7.2,101.7,7.0,101.7,6.6,101.3,6.4,100.7,6.0,100.4,-0.9396926207859084,-0.34202014332566855
2017307N07102,2017,UNNAMED,2017-11-03 09:00:00,DS,7.2,101.7,,,3,195,7.3,101.8,7.3,102.0,7.0,101.7,6.8,101.5,6.5,101.0,6.2,100.5,5.8,100.3,-0.2588190451025208,-0.9659258262890683
2017307N07102,2017,UNNAMED,2017-11-03 12:00:00,DS,7.0,101.7,,,4,205,7.2,101.7,7.3,101.8,6.8,101.5,6.6,101.3,6.4,100.7,6.0,100.4,5.6,100.3,-0.4226182617406993,-0.90630778703665
2017307N07102,2017,UNNAMED,2017-11-03 15:00:00,DS,6.8,101.5,,,6,225,7.0,101.7,7.2,101.7,6.6,101.3,6.5,101.0,6.2,100.5,5.8,100.3,5.4,100.3,-0.7071067811865475,-0.7071067811865477
2017307N07102,2017,UNNAMED,2017-11-03 18:00:00,DS,6.6,101.3,,,6,240,6.8,101.5,7.0,101.7,6.5,101.0,6.4,100.7,6.0,100.4,5.6,100.3,5.2,100.4,-0.8660254037844384,-0.5000000000000004
2017307N07102,2017,UNNAMED,2017-11-03 21:00:00,DS,6.5,101.0,,,6,250,6.6,101.3,6.8,101.5,6.4,100.7,6.2,100.5,5.8,100.3,5.4,100.3,5.1,100.6,-0.9396926207859084,-0.34202014332566855
2017307N07102,2017,UNNAMED,2017-11-04 00:00:00,DS,6.4,100.7,,,6,240,6.5,101.0,6.6,101.3,6.2,100.5,6.0,100.4,5.6,100.3,5.2,100.4,5.1,100.9,-0.8660254037844384,-0.5000000000000004
2017307N07102,2017,UNNAMED,2017-11-04 03:00:00,DS,6.2,100.5,,,5,215,6.4,100.7,6.5,101.0,6.0,100.4,5.8,100.3,5.4,100.3,5.1,100.6,5.1,101.3,-0.5735764363510462,-0.8191520442889918
2017307N07102,2017,UNNAMED,2017-11-04 06:00:00,DS,6.0,100.4,,,5,205,6.2,100.5,6.4,100.7,5.8,100.3,5.6,100.3,5.2,100.4,5.1,100.9,5.2,101.6,-0.4226182617406993,-0.90630778703665
2017307N07102,2017,UNNAMED,2017-11-04 09:00:00,DS,5.8,100.3,,,4,195,6.0,100.4,6.2,100.5,5.6,100.3,5.4,100.3,5.1,100.6,5.1,101.3,5.5,101.8,-0.2588190451025208,-0.9659258262890683
2017307N07102,2017,UNNAMED,2017-11-04 12:00:00,TS,5.6,100.3,,,4,0,5.8,100.3,6.0,100.4,5.4,100.3,5.2,100.4,5.1,100.9,5.2,101.6,5.8,102.0,0.0,1.0
2017307N07102,2017,UNNAMED,2017-11-04 15:00:00,TS,5.4,100.3,,,4,165,5.6,100.3,5.8,100.3,5.2,100.4,5.1,100.6,5.1,101.3,5.5,101.8,6.1,102.3,0.258819045102521,-0.9659258262890682
2017307N07102,2017,UNNAMED,2017-11-04 18:00:00,TS,5.2,100.4,,,4,130,5.4,100.3,5.6,100.3,5.1,100.6,5.1,100.9,5.2,101.6,5.8,102.0,6.5,102.6,0.766044443118978,-0.6427876096865394
2017307N07102,2017,UNNAMED,2017-11-04 21:00:00,TS,5.1,100.6,,,5,100,5.2,100.4,5.4,100.3,5.1,100.9,5.1,101.3,5.5,101.8,6.1,102.3,7.0,102.6,0.984807753012208,-0.1736481776669303
2017307N07102,2017,UNNAMED,2017-11-05 00:00:00,DS,5.1,100.9,,,7,90,5.1,100.6,5.2,100.4,5.1,101.3,5.2,101.6,5.8,102.0,6.5,102.6,7.5,102.6,1.0,6.123233995736766e-17
2017307N07102,2017,UNNAMED,2017-11-05 03:00:00,DS,5.1,101.3,,,7,80,5.1,100.9,5.1,100.6,5.2,101.6,5.5,101.8,6.1,102.3,7.0,102.6,7.9,102.6,0.984807753012208,0.17364817766693041
2017307N07102,2017,UNNAMED,2017-11-05 06:00:00,DS,5.2,101.6,,,7,55,5.1,101.3,5.1,100.9,5.5,101.8,5.8,102.0,6.5,102.6,7.5,102.6,8.3,102.6,0.8191520442889918,0.5735764363510462
2017307N07102,2017,UNNAMED,2017-11-05 09:00:00,DS,5.5,101.8,,,7,35,5.2,101.6,5.1,101.3,5.8,102.0,6.1,102.3,7.0,102.6,7.9,102.6,8.6,102.6,0.573576436351046,0.8191520442889918
2017307N07102,2017,UNNAMED,2017-11-05 12:00:00,DS,5.8,102.0,,,8,40,5.5,101.8,5.2,101.6,6.1,102.3,6.5,102.6,7.5,102.6,8.3,102.6,8.8,102.5,0.6427876096865393,0.766044443118978
2017307N07102,2017,UNNAMED,2017-11-05 15:00:00,DS,6.1,102.3,,,9,40,5.8,102.0,5.5,101.8,6.5,102.6,7.0,102.6,7.9,102.6,8.6,102.6,9.0,102.3,0.6427876096865393,0.766044443118978
2017307N07102,2017,UNNAMED,2017-11-05 18:00:00,DS,6.5,102.6,,,9,20,6.1,102.3,5.8,102.0,7.0,102.6,7.5,102.6,8.3,102.6,8.8,102.5,9.3,102.0,0.3420201433256687,0.9396926207859084
2017307N07102,2017,UNNAMED,2017-11-05 21:00:00,DS,7.0,102.6,,,10,0,6.5,102.6,6.1,102.3,7.5,102.6,7.9,102.6,8.6,102.6,9.0,102.3,9.6,101.7,0.0,1.0
2017307N07102,2017,UNNAMED,2017-11-06 00:00:00,DS,7.5,102.6,,,10,355,7.0,102.6,6.5,102.6,7.9,102.6,8.3,102.6,8.8,102.5,9.3,102.0,9.9,101.4,-0.08715574274765832,0.9961946980917455
2017307N07102,2017,UNNAMED,2017-11-06 03:00:00,DS,7.9,102.6,,,8,0,7.5,102.6,7.0,102.6,8.3,102.6,8.6,102.6,9.0,102.3,9.6,101.7,10.2,101.0,0.0,1.0
2017307N07102,2017,UNNAMED,2017-11-06 06:00:00,TS,8.3,102.6,,,6,360,7.9,102.6,7.5,102.6,8.6,102.6,8.8,102.5,9.3,102.0,9.9,101.4,10.5,100.7,-2.4492935982947064e-16,1.0
2017307N07102,2017,UNNAMED,2017-11-06 09:00:00,TS,8.6,102.6,,,5,350,8.3,102.6,7.9,102.6,8.8,102.5,9.0,102.3,9.6,101.7,10.2,101.0,10.7,100.6,-0.1736481776669304,0.984807753012208
2017307N07102,2017,UNNAMED,2017-11-06 12:00:00,TS,8.8,102.5,,,6,330,8.6,102.6,8.3,102.6,9.0,102.3,9.3,102.0,9.9,101.4,10.5,100.7,10.9,100.5,-0.5000000000000004,0.8660254037844384
2017307N07102,2017,UNNAMED,2017-11-06 15:00:00,TS,9.0,102.3,,,7,315,8.8,102.5,8.6,102.6,9.3,102.0,9.6,101.7,10.2,101.0,10.7,100.6,11.0,100.3,-0.7071067811865477,0.7071067811865474
2017307N07102,2017,UNNAMED,2017-11-06 18:00:00,TS,9.3,102.0,,,8,315,9.0,102.3,8.8,102.5,9.6,101.7,9.9,101.4,10.5,100.7,10.9,100.5,11.1,100.0,-0.7071067811865477,0.7071067811865474
2017307N07102,2017,UNNAMED,2017-11-06 21:00:00,TS,9.6,101.7,,,8,315,9.3,102.0,9.0,102.3,9.9,101.4,10.2,101.0,10.7,100.6,11.0,100.3,11.2,99.8,-0.7071067811865477,0.7071067811865474
2017307N07102,2017,UNNAMED,2017-11-07 00:00:00,TS,9.9,101.4,,,9,310,9.6,101.7,9.3,102.0,10.2,101.0,10.5,100.7,10.9,100.5,11.1,100.0,11.3,99.6,-0.7660444431189781,0.6427876096865393
2017319N15083,2017,UNNAMED,2017-11-15 09:00:00,TS,15.9,83.1,25.0,1003.0,8,20,15.5,83.0,15.0,83.0,16.2,83.3,16.6,83.5,17.3,84.0,17.7,84.3,17.9,84.6,0.3420201433256687,0.9396926207859084
2017319N15083,2017,UNNAMED,2017-11-15 12:00:00,TS,16.2,83.3,25.0,1001.0,9,30,15.9,83.1,15.5,83.0,16.6,83.5,17.0,83.8,17.5,84.1,17.7,84.3,18.1,85.0,0.49999999999999994,0.8660254037844387
2017319N15083,2017,UNNAMED,2017-11-15 15:00:00,TS,16.6,83.5,25.0,1002.0,9,30,16.2,83.3,15.9,83.1,17.0,83.8,17.3,84.0,17.7,84.3,17.9,84.6,18.3,85.3,0.49999999999999994,0.8660254037844387
2017319N15083,2017,UNNAMED,2017-11-15 18:00:00,TS,17.0,83.8,25.0,1002.0,8,30,16.6,83.5,16.2,83.3,17.3,84.0,17.5,84.1,17.7,84.3,18.1,85.0,18.5,85.5,0.49999999999999994,0.8660254037844387
2017319N15083,2017,UNNAMED,2017-11-15 21:00:00,TS,17.3,84.0,25.0,1003.0,6,30,17.0,83.8,16.6,83.5,17.5,84.1,17.7,84.3,17.9,84.6,18.3,85.3,18.5,85.6,0.49999999999999994,0.8660254037844387
2017319N15083,2017,UNNAMED,2017-11-16 00:00:00,TS,17.5,84.1,25.0,1004.0,5,40,17.3,84.0,17.0,83.8,17.7,84.3,17.7,84.3,18.1,85.0,18.5,85.5,18.8,85.8,0.6427876096865393,0.766044443118978
2017319N15083,2017,UNNAMED,2017-11-16 03:00:00,TS,17.7,84.3,25.0,1004.0,3,45,17.5,84.1,17.3,84.0,17.7,84.3,17.9,84.6,18.3,85.3,18.5,85.6,19.5,86.3,0.7071067811865475,0.7071067811865476
2017333N06082,2017,OCKHI,2017-11-29 00:00:00,TS,5.9,81.7,,,6,275,5.9,82.0,6.0,82.2,6.0,81.4,6.1,80.7,6.2,79.9,6.5,79.0,7.0,78.1,-0.9961946980917455,0.08715574274765789
2017333N06082,2017,OCKHI,2017-11-29 03:00:00,TS,6.0,81.4,25.0,1004.0,10,280,5.9,81.7,5.9,82.0,6.1,80.7,6.2,80.1,6.3,79.5,6.7,78.5,7.5,77.4,-0.9848077530122081,0.17364817766692997
2017333N06082,2017,OCKHI,2017-11-29 06:00:00,TS,6.1,80.7,25.0,1004.0,13,275,6.0,81.4,5.9,81.7,6.2,80.1,6.2,79.9,6.5,79.0,7.0,78.1,7.8,76.8,-0.9961946980917455,0.08715574274765789
2017333N06082,2017,OCKHI,2017-11-29 09:00:00,TS,6.2,80.1,25.0,1003.0,8,275,6.1,80.7,6.0,81.4,6.2,79.9,6.3,79.5,6.7,78.5,7.5,77.4,7.9,76.3,-0.9961946980917455,0.08715574274765789
2017333N06082,2017,OCKHI,2017-11-29 12:00:00,TS,6.2,79.9,25.0,1002.0,7,285,6.2,80.1,6.1,80.7,6.3,79.5,6.5,79.0,7.0,78.1,7.8,76.8,8.2,75.8,-0.9659258262890684,0.2588190451025203
2017333N06082,2017,OCKHI,2017-11-29 15:00:00,TS,6.3,79.5,25.0,1002.0,9,290,6.2,79.9,6.2,80.1,6.5,79.0,6.7,78.5,7.5,77.4,7.9,76.3,8.3,75.4,-0.9396926207859083,0.342020143325669
2017333N06082,2017,OCKHI,2017-11-29 18:00:00,TS,6.5,79.0,25.0,1002.0,10,295,6.3,79.5,6.2,79.9,6.7,78.5,7.0,78.1,7.8,76.8,8.2,75.8,8.5,74.9,-0.9063077870366499,0.4226182617406996
2017333N06082,2017,OCKHI,2017-11-29 21:00:00,TS,6.7,78.5,30.0,1001.0,10,295,6.5,79.0,6.3,79.5,7.0,78.1,7.5,77.4,7.9,76.3,8.3,75.4,8.6,74.5,-0.9063077870366499,0.4226182617406996
2017333N06082,2017,OCKHI,2017-11-30 00:00:00,TS,7.0,78.1,30.0,1000.0,14,305,6.7,78.5,6.5,79.0,7.5,77.4,7.8,76.8,8.2,75.8,8.5,74.9,8.8,74.1,-0.8191520442889918,0.573576436351046
2017333N06082,2017,OCKHI,2017-11-30 03:00:00,TS,7.5,77.4,35.0,999.0,16,300,7.0,78.1,6.7,78.5,7.8,76.8,7.9,76.3,8.3,75.4,8.6,74.5,8.8,73.8,-0.8660254037844386,0.5000000000000001
2017333N06082,2017,OCKHI,2017-11-30 06:00:00,TS,7.8,76.8,40.0,998.0,12,290,7.5,77.4,7.0,78.1,7.9,76.3,8.2,75.8,8.5,74.9,8.8,74.1,8.9,73.4,-0.9396926207859083,0.342020143325669
2017333N06082,2017,OCKHI,2017-11-30 09:00:00,TS,7.9,76.3,45.0,996.0,10,290,7.8,76.8,7.5,77.4,8.2,75.8,8.3,75.4,8.6,74.5,8.8,73.8,8.9,73.0,-0.9396926207859083,0.342020143325669
2017333N06082,2017,OCKHI,2017-11-30 12:00:00,TS,8.2,75.8,45.0,996.0,10,290,7.9,76.3,7.8,76.8,8.3,75.4,8.5,74.9,8.8,74.1,8.9,73.4,9.0,72.8,-0.9396926207859083,0.342020143325669
2017333N06082,2017,OCKHI,2017-11-30 15:00:00,TS,8.3,75.4,45.0,996.0,10,290,8.2,75.8,7.9,76.3,8.5,74.9,8.6,74.5,8.8,73.8,8.9,73.0,9.1,72.5,-0.9396926207859083,0.342020143325669
2017333N06082,2017,OCKHI,2017-11-30 18:00:00,TS,8.5,74.9,45.0,994.0,9,290,8.3,75.4,8.2,75.8,8.6,74.5,8.8,74.1,8.9,73.4,9.0,72.8,9.2,72.1,-0.9396926207859083,0.342020143325669
2017333N06082,2017,OCKHI,2017-11-30 21:00:00,TS,8.6,74.5,45.0,994.0,8,290,8.5,74.9,8.3,75.4,8.8,74.1,8.8,73.8,8.9,73.0,9.1,72.5,9.3,71.8,-0.9396926207859083,0.342020143325669
2017333N06082,2017,OCKHI,2017-12-01 00:00:00,TS,8.8,74.1,50.0,992.0,8,285,8.6,74.5,8.5,74.9,8.8,73.8,8.9,73.4,9.0,72.8,9.2,72.1,9.5,71.5,-0.9659258262890684,0.2588190451025203
2017333N06082,2017,OCKHI,2017-12-01 03:00:00,TS,8.8,73.8,55.0,990.0,8,280,8.8,74.1,8.6,74.5,8.9,73.4,8.9,73.0,9.1,72.5,9.3,71.8,9.6,71.2,-0.9848077530122081,0.17364817766692997
2017333N06082,2017,OCKHI,2017-12-01 06:00:00,TS,8.9,73.4,60.0,989.0,8,280,8.8,73.8,8.8,74.1,8.9,73.0,9.0,72.8,9.2,72.1,9.5,71.5,9.8,71.0,-0.9848077530122081,0.17364817766692997
2017333N06082,2017,OCKHI,2017-12-01 09:00:00,TS,8.9,73.0,65.0,988.0,6,280,8.9,73.4,8.8,73.8,9.0,72.8,9.1,72.5,9.3,71.8,9.6,71.2,10.2,70.6,-0.9848077530122081,0.17364817766692997
2017333N06082,2017,OCKHI,2017-12-01 12:00:00,TS,9.0,72.8,65.0,986.0,5,280,8.9,73.0,8.9,73.4,9.1,72.5,9.2,72.1,9.5,71.5,9.8,71.0,10.5,70.3,-0.9848077530122081,0.17364817766692997
2017333N06082,2017,OCKHI,2017-12-01 15:00:00,TS,9.1,72.5,65.0,984.0,7,280,9.0,72.8,8.9,73.0,9.2,72.1,9.3,71.8,9.6,71.2,10.2,70.6,10.7,70.0,-0.9848077530122081,0.17364817766692997
2017333N06082,2017,OCKHI,2017-12-01 18:00:00,TS,9.2,72.1,70.0,982.0,7,290,9.1,72.5,9.0,72.8,9.3,71.8,9.5,71.5,9.8,71.0,10.5,70.3,11.0,69.7,-0.9396926207859083,0.342020143325669
2017333N06082,2017,OCKHI,2017-12-01 21:00:00,TS,9.3,71.8,75.0,980.0,7,295,9.2,72.1,9.1,72.5,9.5,71.5,9.6,71.2,10.2,70.6,10.7,70.0,11.2,69.5,-0.9063077870366499,0.4226182617406996
2017333N06082,2017,OCKHI,2017-12-02 00:00:00,TS,9.5,71.5,80.0,978.0,7,300,9.3,71.8,9.2,72.1,9.6,71.2,9.8,71.0,10.5,70.3,11.0,69.7,11.5,69.3,-0.8660254037844386,0.5000000000000001
2017333N06082,2017,OCKHI,2017-12-02 03:00:00,TS,9.6,71.2,80.0,978.0,6,305,9.5,71.5,9.3,71.8,9.8,71.0,10.2,70.6,10.7,70.0,11.2,69.5,11.9,69.0,-0.8191520442889918,0.573576436351046
2017333N06082,2017,OCKHI,2017-12-02 06:00:00,TS,9.8,71.0,85.0,976.0,8,310,9.6,71.2,9.5,71.5,10.2,70.6,10.5,70.3,11.0,69.7,11.5,69.3,12.2,68.9,-0.7660444431189781,0.6427876096865393
2017333N06082,2017,OCKHI,2017-12-02 09:00:00,TS,10.2,70.6,85.0,976.0,10,315,9.8,71.0,9.6,71.2,10.5,70.3,10.7,70.0,11.2,69.5,11.9,69.0,12.4,68.8,-0.7071067811865477,0.7071067811865474
2017333N06082,2017,OCKHI,2017-12-02 12:00:00,TS,10.5,70.3,85.0,976.0,9,315,10.2,70.6,9.8,71.0,10.7,70.0,11.0,69.7,11.5,69.3,12.2,68.9,12.9,68.7,-0.7071067811865477,0.7071067811865474
2017333N06082,2017,OCKHI,2017-12-02 15:00:00,TS,10.7,70.0,85.0,976.0,8,315,10.5,70.3,10.2,70.6,11.0,69.7,11.2,69.5,11.9,69.0,12.4,68.8,13.1,68.6,-0.7071067811865477,0.7071067811865474
2017333N06082,2017,OCKHI,2017-12-02 18:00:00,TS,11.0,69.7,85.0,976.0,7,315,10.7,70.0,10.5,70.3,11.2,69.5,11.5,69.3,12.2,68.9,12.9,68.7,13.5,68.5,-0.7071067811865477,0.7071067811865474
2017333N06082,2017,OCKHI,2017-12-02 21:00:00,TS,11.2,69.5,85.0,976.0,7,320,11.0,69.7,10.7,70.0,11.5,69.3,11.9,69.0,12.4,68.8,13.1,68.6,13.9,68.5,-0.6427876096865396,0.7660444431189778
2017333N06082,2017,OCKHI,2017-12-03 00:00:00,TS,11.5,69.3,85.0,976.0,8,330,11.2,69.5,11.0,69.7,11.9,69.0,12.2,68.9,12.9,68.7,13.5,68.5,14.3,68.5,-0.5000000000000004,0.8660254037844384
2017333N06082,2017,OCKHI,2017-12-03 03:00:00,TS,11.9,69.0,80.0,977.0,8,335,11.5,69.3,11.2,69.5,12.2,68.9,12.4,68.8,13.1,68.6,13.9,68.5,14.5,68.5,-0.4226182617406992,0.90630778703665
2017333N06082,2017,OCKHI,2017-12-03 06:00:00,TS,12.2,68.9,75.0,978.0,6,335,11.9,69.0,11.5,69.3,12.4,68.8,12.9,68.7,13.5,68.5,14.3,68.5,14.8,68.7,-0.4226182617406992,0.90630778703665
2017333N06082,2017,OCKHI,2017-12-03 09:00:00,TS,12.4,68.8,75.0,980.0,7,345,12.2,68.9,11.9,69.0,12.9,68.7,13.1,68.6,13.9,68.5,14.5,68.5,15.1,69.0,-0.2588190451025207,0.9659258262890683
2017333N06082,2017,OCKHI,2017-12-03 12:00:00,TS,12.9,68.7,75.0,982.0,7,345,12.4,68.8,12.2,68.9,13.1,68.6,13.5,68.5,14.3,68.5,14.8,68.7,15.6,69.2,-0.2588190451025207,0.9659258262890683
2017333N06082,2017,OCKHI,2017-12-03 15:00:00,TS,13.1,68.6,75.0,982.0,7,345,12.9,68.7,12.4,68.8,13.5,68.5,13.9,68.5,14.5,68.5,15.1,69.0,16.1,69.5,-0.2588190451025207,0.9659258262890683
2017333N06082,2017,OCKHI,2017-12-03 18:00:00,TS,13.5,68.5,75.0,982.0,8,350,13.1,68.6,12.9,68.7,13.9,68.5,14.3,68.5,14.8,68.7,15.6,69.2,16.6,69.9,-0.1736481776669304,0.984807753012208
2017333N06082,2017,OCKHI,2017-12-03 21:00:00,TS,13.9,68.5,75.0,982.0,8,0,13.5,68.5,13.1,68.6,14.3,68.5,14.5,68.5,15.1,69.0,16.1,69.5,17.0,70.3,0.0,1.0
2017333N06082,2017,OCKHI,2017-12-04 00:00:00,TS,14.3,68.5,70.0,984.0,6,5,13.9,68.5,13.5,68.5,14.5,68.5,14.8,68.7,15.6,69.2,16.6,69.9,17.5,70.7,0.08715574274765817,0.9961946980917455
2017333N06082,2017,OCKHI,2017-12-04 03:00:00,TS,14.5,68.5,65.0,986.0,5,20,14.3,68.5,13.9,68.5,14.8,68.7,15.1,69.0,16.1,69.5,17.0,70.3,17.9,71.0,0.3420201433256687,0.9396926207859084
2017333N06082,2017,OCKHI,2017-12-04 06:00:00,TS,14.8,68.7,65.0,986.0,7,35,14.5,68.5,14.3,68.5,15.1,69.0,15.6,69.2,16.6,69.9,17.5,70.7,18.2,71.2,0.573576436351046,0.8191520442889918
2017333N06082,2017,OCKHI,2017-12-04 09:00:00,TS,15.1,69.0,65.0,986.0,9,30,14.8,68.7,14.5,68.5,15.6,69.2,16.1,69.5,17.0,70.3,17.9,71.0,18.3,71.4,0.49999999999999994,0.8660254037844387
2017333N06082,2017,OCKHI,2017-12-04 12:00:00,TS,15.6,69.2,60.0,988.0,11,30,15.1,69.0,14.8,68.7,16.1,69.5,16.6,69.9,17.5,70.7,18.2,71.2,18.5,71.5,0.49999999999999994,0.8660254037844387
2017333N06082,2017,OCKHI,2017-12-04 15:00:00,TS,16.1,69.5,60.0,988.0,12,35,15.6,69.2,15.1,69.0,16.6,69.9,17.0,70.3,17.9,71.0,18.3,71.4,18.8,71.6,0.573576436351046,0.8191520442889918
2017333N06082,2017,OCKHI,2017-12-04 18:00:00,TS,16.6,69.9,55.0,990.0,12,35,16.1,69.5,15.6,69.2,17.0,70.3,17.5,70.7,18.2,71.2,18.5,71.5,19.2,71.9,0.573576436351046,0.8191520442889918
2017340N09089,2017,UNNAMED,2017-12-06 09:00:00,TS,9.3,88.1,25.0,1004.0,11,345,8.8,88.3,8.5,88.5,9.8,88.0,9.9,88.0,10.4,88.0,12.0,88.0,12.5,87.8,-0.2588190451025207,0.9659258262890683
2017340N09089,2017,UNNAMED,2017-12-06 12:00:00,TS,9.8,88.0,25.0,1004.0,6,345,9.3,88.1,8.8,88.3,9.9,88.0,10.0,88.0,11.1,88.0,12.2,87.9,12.8,87.7,-0.2588190451025207,0.9659258262890683
2017340N09089,2017,UNNAMED,2017-12-06 15:00:00,TS,9.9,88.0,25.0,1004.0,2,10,9.8,88.0,9.3,88.1,10.0,88.0,10.4,88.0,12.0,88.0,12.5,87.8,13.1,87.7,0.17364817766693033,0.984807753012208
2017340N09089,2017,UNNAMED,2017-12-06 18:00:00,TS,10.0,88.0,25.0,1004.0,5,0,9.9,88.0,9.8,88.0,10.4,88.0,11.1,88.0,12.2,87.9,12.8,87.7,13.4,87.6,0.0,1.0
2017340N09089,2017,UNNAMED,2017-12-06 21:00:00,TS,10.4,88.0,25.0,1004.0,11,0,10.0,88.0,9.9,88.0,11.1,88.0,12.0,88.0,12.5,87.8,13.1,87.7,13.8,87.3,0.0,1.0
2017340N09089,2017,UNNAMED,2017-12-07 00:00:00,TS,11.1,88.0,25.0,1004.0,16,0,10.4,88.0,10.0,88.0,12.0,88.0,12.2,87.9,12.8,87.7,13.4,87.6,14.3,87.0,0.0,1.0
2017340N09089,2017,UNNAMED,2017-12-07 03:00:00,TS,12.0,88.0,25.0,1004.0,11,355,11.1,88.0,10.4,88.0,12.2,87.9,12.5,87.8,13.1,87.7,13.8,87.3,15.0,86.8,-0.08715574274765832,0.9961946980917455
2017340N09089,2017,UNNAMED,2017-12-07 06:00:00,TS,12.2,87.9,25.0,1004.0,5,335,12.0,88.0,11.1,88.0,12.5,87.8,12.8,87.7,13.4,87.6,14.3,87.0,15.8,86.6,-0.4226182617406992,0.90630778703665
2017340N09089,2017,UNNAMED,2017-12-07 09:00:00,TS,12.5,87.8,25.0,1004.0,6,340,12.2,87.9,12.0,88.0,12.8,87.7,13.1,87.7,13.8,87.3,15.0,86.8,16.5,86.5,-0.3420201433256686,0.9396926207859084
2017340N09089,2017,UNNAMED,2017-12-07 12:00:00,TS,12.8,87.7,25.0,1004.0,6,350,12.5,87.8,12.2,87.9,13.1,87.7,13.4,87.6,14.3,87.0,15.8,86.6,17.0,86.3,-0.1736481776669304,0.984807753012208
2017340N09089,2017,UNNAMED,2017-12-07 15:00:00,TS,13.1,87.7,25.0,1004.0,6,350,12.8,87.7,12.5,87.8,13.4,87.6,13.8,87.3,15.0,86.8,16.5,86.5,17.6,86.3,-0.1736481776669304,0.984807753012208
2017340N09089,2017,UNNAMED,2017-12-07 18:00:00,TS,13.4,87.6,25.0,1004.0,8,335,13.1,87.7,12.8,87.7,13.8,87.3,14.3,87.0,15.8,86.6,17.0,86.3,18.1,86.4,-0.4226182617406992,0.90630778703665
2017340N09089,2017,UNNAMED,2017-12-07 21:00:00,TS,13.8,87.3,28.0,1003.0,11,325,13.4,87.6,13.1,87.7,14.3,87.0,15.0,86.8,16.5,86.5,17.6,86.3,18.4,86.4,-0.5735764363510465,0.8191520442889916
2017340N09089,2017,UNNAMED,2017-12-08 00:00:00,TS,14.3,87.0,30.0,1002.0,13,340,13.8,87.3,13.4,87.6,15.0,86.8,15.8,86.6,17.0,86.3,18.1,86.4,18.7,86.5,-0.3420201433256686,0.9396926207859084
2017340N09089,2017,UNNAMED,2017-12-08 03:00:00,TS,15.0,86.8,30.0,1002.0,16,345,14.3,87.0,13.8,87.3,15.8,86.6,16.5,86.5,17.6,86.3,18.4,86.4,18.8,86.7,-0.2588190451025207,0.9659258262890683
2017340N09089,2017,UNNAMED,2017-12-08 06:00:00,TS,15.8,86.6,30.0,1002.0,15,345,15.0,86.8,14.3,87.0,16.5,86.5,17.0,86.3,18.1,86.4,18.7,86.5,19.0,86.9,-0.2588190451025207,0.9659258262890683
2017340N09089,2017,UNNAMED,2017-12-08 09:00:00,TS,16.5,86.5,30.0,1002.0,12,345,15.8,86.6,15.0,86.8,17.0,86.3,17.6,86.3,18.4,86.4,18.8,86.7,19.1,87.1,-0.2588190451025207,0.9659258262890683
2017340N09089,2017,UNNAMED,2017-12-08 12:00:00,TS,17.0,86.3,30.0,1002.0,11,355,16.5,86.5,15.8,86.6,17.6,86.3,18.1,86.4,18.7,86.5,19.0,86.9,19.3,87.3,-0.08715574274765832,0.9961946980917455
2017340N09089,2017,UNNAMED,2017-12-08 15:00:00,TS,17.6,86.3,28.0,1003.0,10,0,17.0,86.3,16.5,86.5,18.1,86.4,18.4,86.4,18.8,86.7,19.1,87.1,19.5,87.4,0.0,1.0
2017340N09089,2017,UNNAMED,2017-12-08 18:00:00,TS,18.1,86.4,25.0,1004.0,8,5,17.6,86.3,17.0,86.3,18.4,86.4,18.7,86.5,19.0,86.9,19.3,87.3,19.8,87.6,0.08715574274765817,0.9961946980917455
2017340N09089,2017,UNNAMED,2017-12-08 21:00:00,TS,18.4,86.4,25.0,1004.0,6,10,18.1,86.4,17.6,86.3,18.7,86.5,18.8,86.7,19.1,87.1,19.5,87.4,20.1,87.8,0.17364817766693033,0.984807753012208
2017340N09089,2017,UNNAMED,2017-12-09 00:00:00,TS,18.7,86.5,25.0,1004.0,5,35,18.4,86.4,18.1,86.4,18.8,86.7,19.0,86.9,19.3,87.3,19.8,87.6,20.4,88.1,0.573576436351046,0.8191520442889918
2017340N09089,2017,UNNAMED,2017-12-09 03:00:00,TS,18.8,86.7,25.0,1004.0,5,45,18.7,86.5,18.4,86.4,19.0,86.9,19.1,87.1,19.5,87.4,20.1,87.8,20.7,88.4,0.7071067811865475,0.7071067811865476
2017340N09089,2017,UNNAMED,2017-12-09 06:00:00,TS,19.0,86.9,25.0,1004.0,5,55,18.8,86.7,18.7,86.5,19.1,87.1,19.3,87.3,19.8,87.6,20.4,88.1,21.1,88.7,0.8191520442889918,0.5735764363510462
2018072N05076,2018,UNNAMED,2018-03-13 09:00:00,TS,6.1,75.4,25.0,1006.0,13,320,5.5,75.8,5.0,76.0,6.5,75.0,6.7,74.9,6.8,74.7,7.5,74.0,8.4,73.1,-0.6427876096865396,0.7660444431189778
2018072N05076,2018,UNNAMED,2018-03-13 12:00:00,TS,6.5,75.0,25.0,1006.0,8,320,6.1,75.4,5.5,75.8,6.7,74.9,6.7,74.8,7.0,74.5,8.0,73.5,8.7,72.8,-0.6427876096865396,0.7660444431189778
2018072N05076,2018,UNNAMED,2018-03-13 15:00:00,TS,6.7,74.9,25.0,1006.0,3,315,6.5,75.0,6.1,75.4,6.7,74.8,6.8,74.7,7.5,74.0,8.4,73.1,8.9,72.6,-0.7071067811865477,0.7071067811865474
2018072N05076,2018,UNNAMED,2018-03-13 18:00:00,TS,6.7,74.8,25.0,1006.0,2,310,6.7,74.9,6.5,75.0,6.8,74.7,7.0,74.5,8.0,73.5,8.7,72.8,9.1,72.5,-0.7660444431189781,0.6427876096865393
2018136N11054,2018,SAGAR,2018-05-16 00:00:00,TS,12.0,52.7,,,13,305,11.6,53.2,11.3,53.7,12.4,52.2,12.7,51.6,13.1,50.5,13.2,49.7,13.2,49.2,-0.8191520442889918,0.573576436351046
2018136N11054,2018,SAGAR,2018-05-16 03:00:00,TS,12.4,52.2,,,13,305,12.0,52.7,11.6,53.2,12.7,51.6,12.9,51.1,13.2,50.0,13.2,49.4,13.2,48.9,-0.8191520442889918,0.573576436351046
2018136N11054,2018,SAGAR,2018-05-16 06:00:00,TS,12.7,51.6,,,12,300,12.4,52.2,12.0,52.7,12.9,51.1,13.1,50.5,13.2,49.7,13.2,49.2,13.1,48.7,-0.8660254037844386,0.5000000000000001
2018136N11054,2018,SAGAR,2018-05-16 09:00:00,TS,12.9,51.1,,,12,290,12.7,51.6,12.4,52.2,13.1,50.5,13.2,50.0,13.2,49.4,13.2,48.9,13.1,48.4,-0.9396926207859083,0.342020143325669
2018136N11054,2018,SAGAR,2018-05-16 12:00:00,TS,13.1,50.5,25.0,1001.0,11,280,12.9,51.1,12.7,51.6,13.2,50.0,13.2,49.7,13.2,49.2,13.1,48.7,13.0,48.1,-0.9848077530122081,0.17364817766692997
2018136N11054,2018,SAGAR,2018-05-16 15:00:00,TS,13.2,50.0,28.0,1001.0,8,280,13.1,50.5,12.9,51.1,13.2,49.7,13.2,49.4,13.2,48.9,13.1,48.4,12.9,47.7,-0.9848077530122081,0.17364817766692997
2018136N11054,2018,SAGAR,2018-05-16 18:00:00,TS,13.2,49.7,30.0,1001.0,6,275,13.2,50.0,13.1,50.5,13.2,49.4,13.2,49.2,13.1,48.7,13.0,48.1,12.6,47.3,-0.9961946980917455,0.08715574274765789
2018136N11054,2018,SAGAR,2018-05-16 21:00:00,TS,13.2,49.4,30.0,1000.0,5,270,13.2,49.7,13.2,50.0,13.2,49.2,13.2,48.9,13.1,48.4,12.9,47.7,12.4,46.9,-1.0,-1.8369701987210297e-16
2018136N11054,2018,SAGAR,2018-05-17 00:00:00,TS,13.2,49.2,30.0,999.0,5,270,13.2,49.4,13.2,49.7,13.2,48.9,13.1,48.7,13.0,48.1,12.6,47.3,12.2,46.5,-1.0,-1.8369701987210297e-16
2018136N11054,2018,SAGAR,2018-05-17 03:00:00,TS,13.2,48.9,35.0,997.0,5,260,13.2,49.2,13.2,49.4,13.1,48.7,13.1,48.4,12.9,47.7,12.4,46.9,12.0,46.2,-0.984807753012208,-0.17364817766693033
2018136N11054,2018,SAGAR,2018-05-17 06:00:00,TS,13.1,48.7,35.0,997.0,5,255,13.2,48.9,13.2,49.2,13.1,48.4,13.0,48.1,12.6,47.3,12.2,46.5,11.9,46.0,-0.9659258262890683,-0.25881904510252063
2018136N11054,2018,SAGAR,2018-05-17 09:00:00,TS,13.1,48.4,35.0,997.0,5,260,13.1,48.7,13.2,48.9,13.0,48.1,12.9,47.7,12.4,46.9,12.0,46.2,11.7,45.6,-0.984807753012208,-0.17364817766693033
2018136N11054,2018,SAGAR,2018-05-17 12:00:00,TS,13.0,48.1,40.0,996.0,8,255,13.1,48.4,13.1,48.7,12.9,47.7,12.6,47.3,12.2,46.5,11.9,46.0,11.5,45.5,-0.9659258262890683,-0.25881904510252063
2018136N11054,2018,SAGAR,2018-05-17 15:00:00,TS,12.9,47.7,40.0,996.0,9,245,13.0,48.1,13.1,48.4,12.6,47.3,12.4,46.9,12.0,46.2,11.7,45.6,11.4,45.3,-0.90630778703665,-0.42261826174069916
2018136N11054,2018,SAGAR,2018-05-17 18:00:00,TS,12.6,47.3,40.0,996.0,9,240,12.9,47.7,13.0,48.1,12.4,46.9,12.2,46.5,11.9,46.0,11.5,45.5,11.3,45.1,-0.8660254037844384,-0.5000000000000004
2018136N11054,2018,SAGAR,2018-05-17 21:00:00,TS,12.4,46.9,40.0,996.0,9,240,12.6,47.3,12.9,47.7,12.2,46.5,12.0,46.2,11.7,45.6,11.4,45.3,11.1,45.0,-0.8660254037844384,-0.5000000000000004
2018136N11054,2018,SAGAR,2018-05-18 00:00:00,TS,12.2,46.5,45.0,996.0,8,240,12.4,46.9,12.6,47.3,12.0,46.2,11.9,46.0,11.5,45.5,11.3,45.1,11.0,44.8,-0.8660254037844384,-0.5000000000000004
2018136N11054,2018,SAGAR,2018-05-18 03:00:00,TS,12.0,46.2,45.0,994.0,6,240,12.2,46.5,12.4,46.9,11.9,46.0,11.7,45.6,11.4,45.3,11.1,45.0,10.8,44.5,-0.8660254037844384,-0.5000000000000004
2018136N11054,2018,SAGAR,2018-05-18 06:00:00,TS,11.9,46.0,45.0,994.0,6,245,12.0,46.2,12.2,46.5,11.7,45.6,11.5,45.5,11.3,45.1,11.0,44.8,10.7,44.2,-0.90630778703665,-0.42261826174069916
2018136N11054,2018,SAGAR,2018-05-18 09:00:00,TS,11.7,45.6,45.0,994.0,5,235,11.9,46.0,12.0,46.2,11.5,45.5,11.4,45.3,11.1,45.0,10.8,44.5,10.5,44.0,-0.8191520442889916,-0.5735764363510464
2018136N11054,2018,SAGAR,2018-05-18 12:00:00,TS,11.5,45.5,45.0,994.0,5,225,11.7,45.6,11.9,46.0,11.4,45.3,11.3,45.1,11.0,44.8,10.7,44.2,10.4,43.8,-0.7071067811865475,-0.7071067811865477
2018136N11054,2018,SAGAR,2018-05-18 15:00:00,TS,11.4,45.3,45.0,994.0,5,230,11.5,45.5,11.7,45.6,11.3,45.1,11.1,45.0,10.8,44.5,10.5,44.0,10.2,43.6,-0.7660444431189779,-0.6427876096865395
2018136N11054,2018,SAGAR,2018-05-18 18:00:00,TS,11.3,45.1,45.0,994.0,4,235,11.4,45.3,11.5,45.5,11.1,45.0,11.0,44.8,10.7,44.2,10.4,43.8,10.1,43.4,-0.8191520442889916,-0.5735764363510464
2018136N11054,2018,SAGAR,2018-05-18 21:00:00,TS,11.1,45.0,45.0,994.0,4,235,11.3,45.1,11.4,45.3,11.0,44.8,10.8,44.5,10.5,44.0,10.2,43.6,10.0,43.2,-0.8191520442889916,-0.5735764363510464
2018136N11054,2018,SAGAR,2018-05-19 00:00:00,TS,11.0,44.8,45.0,994.0,6,240,11.1,45.0,11.3,45.1,10.8,44.5,10.7,44.2,10.4,43.8,10.1,43.4,9.9,42.8,-0.8660254037844384,-0.5000000000000004
2018136N11054,2018,SAGAR,2018-05-19 03:00:00,TS,10.8,44.5,45.0,994.0,6,240,11.0,44.8,11.1,45.0,10.7,44.2,10.5,44.0,10.2,43.6,10.0,43.2,9.9,42.3,-0.8660254037844384,-0.5000000000000004
2018136N11054,2018,SAGAR,2018-05-19 06:00:00,TS,10.7,44.2,40.0,996.0,5,235,10.8,44.5,11.0,44.8,10.5,44.0,10.4,43.8,10.1,43.4,9.9,42.8,9.8,41.8,-0.8191520442889916,-0.5735764363510464
2018141N08059,2018,MEKUNU,2018-05-21 12:00:00,TS,8.4,58.3,25.0,1004.0,5,325,8.1,58.4,7.9,58.6,8.5,58.1,8.7,57.9,9.1,57.5,9.6,57.1,10.2,56.8,-0.5735764363510465,0.8191520442889916
2018141N08059,2018,MEKUNU,2018-05-21 15:00:00,TS,8.5,58.1,25.0,1004.0,5,310,8.4,58.3,8.1,58.4,8.7,57.9,8.9,57.7,9.3,57.3,9.9,56.9,10.5,56.6,-0.7660444431189781,0.6427876096865393
2018141N08059,2018,MEKUNU,2018-05-21 18:00:00,TS,8.7,57.9,25.0,1003.0,5,310,8.5,58.1,8.4,58.3,8.9,57.7,9.1,57.5,9.6,57.1,10.2,56.8,10.7,56.4,-0.7660444431189781,0.6427876096865393
2018141N08059,2018,MEKUNU,2018-05-21 21:00:00,TS,8.9,57.7,25.0,1003.0,5,315,8.7,57.9,8.5,58.1,9.1,57.5,9.3,57.3,9.9,56.9,10.5,56.6,10.8,56.2,-0.7071067811865477,0.7071067811865474
2018141N08059,2018,MEKUNU,2018-05-22 00:00:00,TS,9.1,57.5,25.0,1002.0,6,315,8.9,57.7,8.7,57.9,9.3,57.3,9.6,57.1,10.2,56.8,10.7,56.4,11.0,56.1,-0.7071067811865477,0.7071067811865474
2018141N08059,2018,MEKUNU,2018-05-22 03:00:00,TS,9.3,57.3,30.0,1001.0,6,320,9.1,57.5,8.9,57.7,9.6,57.1,9.9,56.9,10.5,56.6,10.8,56.2,11.2,56.0,-0.6427876096865396,0.7660444431189778
2018141N08059,2018,MEKUNU,2018-05-22 06:00:00,TS,9.6,57.1,30.0,1000.0,7,330,9.3,57.3,9.1,57.5,9.9,56.9,10.2,56.8,10.7,56.4,11.0,56.1,11.4,56.1,-0.5000000000000004,0.8660254037844384
2018141N08059,2018,MEKUNU,2018-05-22 09:00:00,TS,9.9,56.9,33.0,999.0,7,335,9.6,57.1,9.3,57.3,10.2,56.8,10.5,56.6,10.8,56.2,11.2,56.0,11.7,56.0,-0.4226182617406992,0.90630778703665
2018141N08059,2018,MEKUNU,2018-05-22 12:00:00,TS,10.2,56.8,35.0,998.0,7,335,9.9,56.9,9.6,57.1,10.5,56.6,10.7,56.4,11.0,56.1,11.4,56.1,12.0,56.0,-0.4226182617406992,0.90630778703665
2018141N08059,2018,MEKUNU,2018-05-22 15:00:00,TS,10.5,56.6,35.0,998.0,6,320,10.2,56.8,9.9,56.9,10.7,56.4,10.8,56.2,11.2,56.0,11.7,56.0,12.3,55.9,-0.6427876096865396,0.7660444431189778
2018141N08059,2018,MEKUNU,2018-05-22 18:00:00,TS,10.7,56.4,40.0,996.0,5,305,10.5,56.6,10.2,56.8,10.8,56.2,11.0,56.1,11.4,56.1,12.0,56.0,12.5,55.8,-0.8191520442889918,0.573576436351046
2018141N08059,2018,MEKUNU,2018-05-22 21:00:00,TS,10.8,56.2,40.0,996.0,5,310,10.7,56.4,10.5,56.6,11.0,56.1,11.2,56.0,11.7,56.0,12.3,55.9,12.8,55.7,-0.7660444431189781,0.6427876096865393
2018141N08059,2018,MEKUNU,2018-05-23 00:00:00,TS,11.0,56.1,45.0,994.0,4,335,10.8,56.2,10.7,56.4,11.2,56.0,11.4,56.1,12.0,56.0,12.5,55.8,13.0,55.7,-0.4226182617406992,0.90630778703665
2018141N08059,2018,MEKUNU,2018-05-23 03:00:00,TS,11.2,56.0,55.0,984.0,5,0,11.0,56.1,10.8,56.2,11.4,56.1,11.7,56.0,12.3,55.9,12.8,55.7,13.3,55.5,0.0,1.0
2018141N08059,2018,MEKUNU,2018-05-23 06:00:00,TS,11.4,56.1,60.0,980.0,6,0,11.2,56.0,11.0,56.1,11.7,56.0,12.0,56.0,12.5,55.8,13.0,55.7,13.7,55.5,0.0,1.0
2018141N08059,2018,MEKUNU,2018-05-23 09:00:00,TS,11.7,56.0,65.0,978.0,6,355,11.4,56.1,11.2,56.0,12.0,56.0,12.3,55.9,12.8,55.7,13.3,55.5,14.0,55.4,-0.08715574274765832,0.9961946980917455
2018141N08059,2018,MEKUNU,2018-05-23 12:00:00,TS,12.0,56.0,65.0,978.0,5,350,11.7,56.0,11.4,56.1,12.3,55.9,12.5,55.8,13.0,55.7,13.7,55.5,14.3,55.3,-0.1736481776669304,0.984807753012208
2018141N08059,2018,MEKUNU,2018-05-23 15:00:00,TS,12.3,55.9,70.0,976.0,6,340,12.0,56.0,11.7,56.0,12.5,55.8,12.8,55.7,13.3,55.5,14.0,55.4,14.6,55.2,-0.3420201433256686,0.9396926207859084
2018141N08059,2018,MEKUNU,2018-05-23 18:00:00,TS,12.5,55.8,70.0,976.0,6,340,12.3,55.9,12.0,56.0,12.8,55.7,13.0,55.7,13.7,55.5,14.3,55.3,14.9,54.9,-0.3420201433256686,0.9396926207859084
2018141N08059,2018,MEKUNU,2018-05-23 21:00:00,TS,12.8,55.7,70.0,976.0,5,345,12.5,55.8,12.3,55.9,13.0,55.7,13.3,55.5,14.0,55.4,14.6,55.2,15.1,54.7,-0.2588190451025207,0.9659258262890683
2018141N08059,2018,MEKUNU,2018-05-24 00:00:00,TS,13.0,55.7,70.0,974.0,6,340,12.8,55.7,12.5,55.8,13.3,55.5,13.7,55.5,14.3,55.3,14.9,54.9,15.2,54.6,-0.3420201433256686,0.9396926207859084
2018141N08059,2018,MEKUNU,2018-05-24 03:00:00,TS,13.3,55.5,75.0,972.0,7,345,13.0,55.7,12.8,55.7,13.7,55.5,14.0,55.4,14.6,55.2,15.1,54.7,15.4,54.6,-0.2588190451025207,0.9659258262890683
2018141N08059,2018,MEKUNU,2018-05-24 06:00:00,TS,13.7,55.5,80.0,970.0,7,345,13.3,55.5,13.0,55.7,14.0,55.4,14.3,55.3,14.9,54.9,15.2,54.6,15.8,54.5,-0.2588190451025207,0.9659258262890683
2018141N08059,2018,MEKUNU,2018-05-24 09:00:00,TS,14.0,55.4,80.0,970.0,6,345,13.7,55.5,13.3,55.5,14.3,55.3,14.6,55.2,15.1,54.7,15.4,54.6,16.1,54.4,-0.2588190451025207,0.9659258262890683
2018141N08059,2018,MEKUNU,2018-05-24 12:00:00,TS,14.3,55.3,80.0,970.0,6,340,14.0,55.4,13.7,55.5,14.6,55.2,14.9,54.9,15.2,54.6,15.8,54.5,16.3,54.3,-0.3420201433256686,0.9396926207859084
2018141N08059,2018,MEKUNU,2018-05-24 15:00:00,TS,14.6,55.2,80.0,970.0,7,325,14.3,55.3,14.0,55.4,14.9,54.9,15.1,54.7,15.4,54.6,16.1,54.4,16.5,54.1,-0.5735764363510465,0.8191520442889916
2018141N08059,2018,MEKUNU,2018-05-24 18:00:00,TS,14.9,54.9,80.0,970.0,6,320,14.6,55.2,14.3,55.3,15.1,54.7,15.2,54.6,15.8,54.5,16.3,54.3,16.7,53.9,-0.6427876096865396,0.7660444431189778
2018141N08059,2018,MEKUNU,2018-05-24 21:00:00,TS,15.1,54.7,80.0,970.0,4,315,14.9,54.9,14.6,55.2,15.2,54.6,15.4,54.6,16.1,54.4,16.5,54.1,17.0,53.6,-0.7071067811865477,0.7071067811865474
2018141N08059,2018,MEKUNU,2018-05-25 00:00:00,TS,15.2,54.6,85.0,968.0,4,335,15.1,54.7,14.9,54.9,15.4,54.6,15.8,54.5,16.3,54.3,16.7,53.9,17.2,53.5,-0.4226182617406992,0.90630778703665
2018141N08059,2018,MEKUNU,2018-05-25 03:00:00,TS,15.4,54.6,90.0,964.0,6,350,15.2,54.6,15.1,54.7,15.8,54.5,16.1,54.4,16.5,54.1,17.0,53.6,17.5,53.4,-0.1736481776669304,0.984807753012208
2018141N08059,2018,MEKUNU,2018-05-25 06:00:00,TS,15.8,54.5,90.0,964.0,7,345,15.4,54.6,15.2,54.6,16.1,54.4,16.3,54.3,16.7,53.9,17.2,53.5,17.8,53.3,-0.2588190451025207,0.9659258262890683
2018141N08059,2018,MEKUNU,2018-05-25 09:00:00,TS,16.1,54.4,90.0,962.0,7,340,15.8,54.5,15.4,54.6,16.3,54.3,16.5,54.1,17.0,53.6,17.5,53.4,18.2,53.2,-0.3420201433256686,0.9396926207859084
2018141N08059,2018,MEKUNU,2018-05-25 12:00:00,TS,16.3,54.3,95.0,960.0,5,325,16.1,54.4,15.8,54.5,16.5,54.1,16.7,53.9,17.2,53.5,17.8,53.3,18.5,53.1,-0.5735764363510465,0.8191520442889916
2018141N08059,2018,MEKUNU,2018-05-25 15:00:00,TS,16.5,54.1,95.0,960.0,5,315,16.3,54.3,16.1,54.4,16.7,53.9,17.0,53.6,17.5,53.4,18.2,53.2,18.6,52.9,-0.7071067811865477,0.7071067811865474
2018141N08059,2018,MEKUNU,2018-05-25 18:00:00,TS,16.7,53.9,95.0,960.0,7,320,16.5,54.1,16.3,54.3,17.0,53.6,17.2,53.5,17.8,53.3,18.5,53.1,18.8,52.7,-0.6427876096865396,0.7660444431189778
2018141N08059,2018,MEKUNU,2018-05-25 21:00:00,TS,17.0,53.6,90.0,964.0,6,325,16.7,53.9,16.5,54.1,17.2,53.5,17.5,53.4,18.2,53.2,18.6,52.9,18.9,52.6,-0.5735764363510465,0.8191520442889916
2018141N08059,2018,MEKUNU,2018-05-26 00:00:00,TS,17.2,53.5,75.0,976.0,5,335,17.0,53.6,16.7,53.9,17.5,53.4,17.8,53.3,18.5,53.1,18.8,52.7,19.0,52.4,-0.4226182617406992,0.90630778703665
2018141N08059,2018,MEKUNU,2018-05-26 03:00:00,TS,17.5,53.4,60.0,986.0,7,340,17.2,53.5,17.0,53.6,17.8,53.3,18.2,53.2,18.6,52.9,18.9,52.6,19.0,52.1,-0.3420201433256686,0.9396926207859084
2018141N08059,2018,MEKUNU,2018-05-26 06:00:00,TS,17.8,53.3,50.0,988.0,8,345,17.5,53.4,17.2,53.5,18.2,53.2,18.5,53.1,18.8,52.7,19.0,52.4,19.0,52.0,-0.2588190451025207,0.9659258262890683
2018148N17090,2018,UNNAMED,2018-05-28 06:00:00,TS,16.9,90.6,,,5,45,16.7,90.4,16.5,90.2,17.1,90.8,17.3,91.0,17.8,91.5,18.3,92.0,18.7,92.5,0.7071067811865475,0.7071067811865476
2018148N17090,2018,UNNAMED,2018-05-28 09:00:00,TS,17.1,90.8,,,6,45,16.9,90.6,16.7,90.4,17.3,91.0,17.5,91.2,18.0,91.7,18.5,92.3,19.0,92.9,0.7071067811865475,0.7071067811865476
2018148N17090,2018,UNNAMED,2018-05-28 12:00:00,TS,17.3,91.0,,,6,45,17.1,90.8,16.9,90.6,17.5,91.2,17.8,91.5,18.3,92.0,18.7,92.5,19.4,93.3,0.7071067811865475,0.7071067811865476
2018148N17090,2018,UNNAMED,2018-05-28 15:00:00,TS,17.5,91.2,,,7,45,17.3,91.0,17.1,90.8,17.8,91.5,18.0,91.7,18.5,92.3,19.0,92.9,19.7,93.6,0.7071067811865475,0.7071067811865476
2018148N17090,2018,UNNAMED,2018-05-28 18:00:00,DS,17.8,91.5,,,7,45,17.5,91.2,17.3,91.0,18.0,91.7,18.3,92.0,18.7,92.5,19.4,93.3,20.0,94.0,0.7071067811865475,0.7071067811865476
2018148N17090,2018,UNNAMED,2018-05-28 21:00:00,DS,18.0,91.7,,,7,45,17.8,91.5,17.5,91.2,18.3,92.0,18.5,92.3,19.0,92.9,19.7,93.6,20.6,94.7,0.7071067811865475,0.7071067811865476
2018148N17090,2018,UNNAMED,2018-05-29 00:00:00,TS,18.3,92.0,,,7,45,18.0,91.7,17.8,91.5,18.5,92.3,18.7,92.5,19.4,93.3,20.0,94.0,21.3,95.4,0.7071067811865475,0.7071067811865476
2018148N17090,2018,UNNAMED,2018-05-29 03:00:00,TS,18.5,92.3,,,7,50,18.3,92.0,18.0,91.7,18.7,92.5,19.0,92.9,19.7,93.6,20.6,94.7,21.8,95.8,0.766044443118978,0.6427876096865394
2018202N21088,2018,UNNAMED,2018-07-21 09:00:00,TS,21.5,87.6,30.0,988.0,4,315,21.4,87.7,21.0,88.0,21.7,87.4,21.9,87.2,22.0,87.0,22.6,86.2,22.8,85.7,-0.7071067811865477,0.7071067811865474
2018202N21088,2018,UNNAMED,2018-07-21 12:00:00,TS,21.7,87.4,30.0,988.0,5,315,21.5,87.6,21.4,87.7,21.9,87.2,22.0,87.0,22.2,86.8,22.7,86.1,23.0,85.1,-0.7071067811865477,0.7071067811865474
2018202N21088,2018,UNNAMED,2018-07-21 15:00:00,TS,21.9,87.2,28.0,989.0,5,310,21.7,87.4,21.5,87.6,22.0,87.0,22.0,87.0,22.6,86.2,22.8,85.7,23.2,84.8,-0.7660444431189781,0.6427876096865393
2018202N21088,2018,UNNAMED,2018-07-21 18:00:00,TS,22.0,87.0,25.0,990.0,3,315,21.9,87.2,21.7,87.4,22.0,87.0,22.2,86.8,22.7,86.1,23.0,85.1,23.5,84.5,-0.7071067811865477,0.7071067811865474
2018202N21088,2018,UNNAMED,2018-07-21 21:00:00,TS,22.0,87.0,25.0,991.0,3,315,22.0,87.0,21.9,87.2,22.2,86.8,22.6,86.2,22.8,85.7,23.2,84.8,23.7,84.3,-0.7071067811865477,0.7071067811865474
2018202N21088,2018,UNNAMED,2018-07-22 00:00:00,TS,22.2,86.8,25.0,992.0,9,305,22.0,87.0,22.0,87.0,22.6,86.2,22.7,86.1,23.0,85.1,23.5,84.5,23.9,84.0,-0.8191520442889918,0.573576436351046
2018227N20086,2018,UNNAMED,2018-08-15 09:00:00,TS,20.2,85.3,25.0,993.0,6,280,20.1,85.6,20.0,86.0,20.2,85.0,20.2,84.6,20.4,83.1,20.6,81.0,20.9,79.4,-0.9848077530122081,0.17364817766692997
2018227N20086,2018,UNNAMED,2018-08-15 12:00:00,TS,20.2,85.0,25.0,993.0,7,275,20.2,85.3,20.1,85.6,20.2,84.6,20.3,84.0,20.5,82.0,20.7,80.5,21.1,78.3,-0.9961946980917455,0.08715574274765789
2018227N20086,2018,UNNAMED,2018-08-15 15:00:00,TS,20.2,84.6,25.0,993.0,9,275,20.2,85.0,20.2,85.3,20.3,84.0,20.4,83.1,20.6,81.0,20.9,79.4,21.1,77.9,-0.9961946980917455,0.08715574274765789
2018227N20086,2018,UNNAMED,2018-08-15 18:00:00,TS,20.3,84.0,25.0,993.0,14,275,20.2,84.6,20.2,85.0,20.4,83.1,20.5,82.0,20.7,80.5,21.1,78.3,21.2,77.5,-0.9961946980917455,0.08715574274765789
2018227N20086,2018,UNNAMED,2018-08-15 21:00:00,TS,20.4,83.1,25.0,994.0,19,275,20.3,84.0,20.2,84.6,20.5,82.0,20.6,81.0,20.9,79.4,21.1,77.9,21.4,76.8,-0.9961946980917455,0.08715574274765789
2018227N20086,2018,UNNAMED,2018-08-16 00:00:00,TS,20.5,82.0,25.0,994.0,19,275,20.4,83.1,20.3,84.0,20.6,81.0,20.7,80.5,21.1,78.3,21.2,77.5,21.8,75.8,-0.9961946980917455,0.08715574274765789
2018263N17089,2018,DAYE,2018-09-19 21:00:00,TS,17.2,87.8,25.0,996.0,9,270,17.2,88.3,17.2,89.0,17.2,87.4,17.3,87.1,17.9,86.6,18.6,85.8,19.4,84.4,-1.0,-1.8369701987210297e-16
2018263N17089,2018,DAYE,2018-09-20 00:00:00,TS,17.2,87.4,25.0,996.0,7,280,17.2,87.8,17.2,88.3,17.3,87.1,17.6,87.0,18.3,86.1,19.1,85.2,19.8,83.6,-0.9848077530122081,0.17364817766692997
2018263N17089,2018,DAYE,2018-09-20 03:00:00,TS,17.3,87.1,30.0,995.0,5,315,17.2,87.4,17.2,87.8,17.6,87.0,17.9,86.6,18.6,85.8,19.4,84.4,20.1,82.5,-0.7071067811865477,0.7071067811865474
2018263N17089,2018,DAYE,2018-09-20 06:00:00,TS,17.6,87.0,30.0,995.0,8,320,17.3,87.1,17.2,87.4,17.9,86.6,18.3,86.1,19.1,85.2,19.8,83.6,20.5,81.5,-0.6427876096865396,0.7660444431189778
2018263N17089,2018,DAYE,2018-09-20 09:00:00,TS,17.9,86.6,30.0,995.0,11,310,17.6,87.0,17.3,87.1,18.3,86.1,18.6,85.8,19.4,84.4,20.1,82.5,20.9,80.7,-0.7660444431189781,0.6427876096865393
2018263N17089,2018,DAYE,2018-09-20 12:00:00,TS,18.3,86.1,30.0,994.0,11,315,17.9,86.6,17.6,87.0,18.6,85.8,19.1,85.2,19.8,83.6,20.5,81.5,21.2,80.1,-0.7071067811865477,0.7071067811865474
2018263N17089,2018,DAYE,2018-09-20 15:00:00,TS,18.6,85.8,35.0,992.0,12,310,18.3,86.1,17.9,86.6,19.1,85.2,19.4,84.4,20.1,82.5,20.9,80.7,21.4,79.5,-0.7660444431189781,0.6427876096865393
2018263N17089,2018,DAYE,2018-09-20 18:00:00,TS,19.1,85.2,35.0,992.0,15,300,18.6,85.8,18.3,86.1,19.4,84.4,19.8,83.6,20.5,81.5,21.2,80.1,21.4,78.7,-0.8660254037844386,0.5000000000000001
2018263N17089,2018,DAYE,2018-09-20 21:00:00,TS,19.4,84.4,35.0,993.0,17,295,19.1,85.2,18.6,85.8,19.8,83.6,20.1,82.5,20.9,80.7,21.4,79.5,21.8,77.8,-0.9063077870366499,0.4226182617406996
2018263N17089,2018,DAYE,2018-09-21 00:00:00,TS,19.8,83.6,30.0,994.0,19,290,19.4,84.4,19.1,85.2,20.1,82.5,20.5,81.5,21.2,80.1,21.4,78.7,22.3,76.9,-0.9396926207859083,0.342020143325669
2018263N17089,2018,DAYE,2018-09-21 03:00:00,TS,20.1,82.5,30.0,994.0,20,290,19.8,83.6,19.4,84.4,20.5,81.5,20.9,80.7,21.4,79.5,21.8,77.8,22.9,76.3,-0.9396926207859083,0.342020143325669
2018263N17089,2018,DAYE,2018-09-21 06:00:00,TS,20.5,81.5,30.0,995.0,19,295,20.1,82.5,19.8,83.6,20.9,80.7,21.2,80.1,21.4,78.7,22.3,76.9,22.9,76.3,-0.9063077870366499,0.4226182617406996
2018279N11069,2018,LUBAN,2018-10-06 00:00:00,DS,11.0,67.9,,,9,265,11.1,68.4,11.2,68.9,11.0,67.5,11.0,67.1,11.1,66.8,11.4,66.4,11.5,66.0,-0.9961946980917455,-0.08715574274765825
2018279N11069,2018,LUBAN,2018-10-06 03:00:00,DS,11.0,67.5,,,8,270,11.0,67.9,11.1,68.4,11.0,67.1,11.0,66.9,11.2,66.6,11.4,66.2,11.7,65.7,-1.0,-1.8369701987210297e-16
2018279N11069,2018,LUBAN,2018-10-06 06:00:00,TS,11.0,67.1,,,6,275,11.0,67.5,11.0,67.9,11.0,66.9,11.1,66.8,11.4,66.4,11.5,66.0,11.8,65.3,-0.9961946980917455,0.08715574274765789
2018279N11069,2018,LUBAN,2018-10-06 09:00:00,TS,11.0,66.9,25.0,1003.0,3,285,11.0,67.1,11.0,67.5,11.1,66.8,11.2,66.6,11.4,66.2,11.7,65.7,11.8,64.8,-0.9659258262890684,0.2588190451025203
2018279N11069,2018,LUBAN,2018-10-06 12:00:00,TS,11.1,66.8,25.0,1002.0,3,300,11.0,66.9,11.0,67.1,11.2,66.6,11.4,66.4,11.5,66.0,11.8,65.3,12.0,64.3,-0.8660254037844386,0.5000000000000001
2018279N11069,2018,LUBAN,2018-10-06 15:00:00,TS,11.2,66.6,25.0,1002.0,4,305,11.1,66.8,11.0,66.9,11.4,66.4,11.4,66.2,11.7,65.7,11.8,64.8,12.0,63.9,-0.8191520442889918,0.573576436351046
2018279N11069,2018,LUBAN,2018-10-06 18:00:00,TS,11.4,66.4,25.0,1002.0,5,300,11.2,66.6,11.1,66.8,11.4,66.2,11.5,66.0,11.8,65.3,12.0,64.3,12.0,63.5,-0.8660254037844386,0.5000000000000001
2018279N11069,2018,LUBAN,2018-10-06 21:00:00,TS,11.4,66.2,25.0,1002.0,5,295,11.4,66.4,11.2,66.6,11.5,66.0,11.7,65.7,11.8,64.8,12.0,63.9,12.0,63.0,-0.9063077870366499,0.4226182617406996
2018279N11069,2018,LUBAN,2018-10-07 00:00:00,TS,11.5,66.0,25.0,1002.0,6,295,11.4,66.2,11.4,66.4,11.7,65.7,11.8,65.3,12.0,64.3,12.0,63.5,12.1,62.5,-0.9063077870366499,0.4226182617406996
2018279N11069,2018,LUBAN,2018-10-07 03:00:00,TS,11.7,65.7,25.0,1002.0,7,285,11.5,66.0,11.4,66.2,11.8,65.3,11.8,64.8,12.0,63.9,12.0,63.0,12.1,62.1,-0.9659258262890684,0.2588190451025203
2018279N11069,2018,LUBAN,2018-10-07 06:00:00,TS,11.8,65.3,25.0,1002.0,9,280,11.7,65.7,11.5,66.0,11.8,64.8,12.0,64.3,12.0,63.5,12.1,62.5,12.2,61.9,-0.9848077530122081,0.17364817766692997
2018279N11069,2018,LUBAN,2018-10-07 09:00:00,TS,11.8,64.8,30.0,1001.0,10,280,11.8,65.3,11.7,65.7,12.0,64.3,12.0,63.9,12.0,63.0,12.1,62.1,12.3,61.6,-0.9848077530122081,0.17364817766692997
2018279N11069,2018,LUBAN,2018-10-07 12:00:00,TS,12.0,64.3,30.0,1001.0,9,280,11.8,64.8,11.8,65.3,12.0,63.9,12.0,63.5,12.1,62.5,12.2,61.9,12.4,61.3,-0.9848077530122081,0.17364817766692997
2018279N11069,2018,LUBAN,2018-10-07 15:00:00,TS,12.0,63.9,30.0,1001.0,8,275,12.0,64.3,11.8,64.8,12.0,63.5,12.0,63.0,12.1,62.1,12.3,61.6,12.5,61.1,-0.9961946980917455,0.08715574274765789
2018279N11069,2018,LUBAN,2018-10-07 18:00:00,TS,12.0,63.5,30.0,1000.0,9,270,12.0,63.9,12.0,64.3,12.0,63.0,12.1,62.5,12.2,61.9,12.4,61.3,12.6,60.9,-1.0,-1.8369701987210297e-16
2018279N11069,2018,LUBAN,2018-10-07 21:00:00,TS,12.0,63.0,33.0,1000.0,9,275,12.0,63.5,12.0,63.9,12.1,62.5,12.1,62.1,12.3,61.6,12.5,61.1,12.7,60.6,-0.9961946980917455,0.08715574274765789
2018279N11069,2018,LUBAN,2018-10-08 00:00:00,TS,12.1,62.5,35.0,999.0,8,275,12.0,63.0,12.0,63.5,12.1,62.1,12.2,61.9,12.4,61.3,12.6,60.9,12.8,60.5,-0.9961946980917455,0.08715574274765789
2018279N11069,2018,LUBAN,2018-10-08 03:00:00,TS,12.1,62.1,40.0,998.0,6,280,12.1,62.5,12.0,63.0,12.2,61.9,12.3,61.6,12.5,61.1,12.7,60.6,12.9,60.4,-0.9848077530122081,0.17364817766692997
2018279N11069,2018,LUBAN,2018-10-08 06:00:00,TS,12.2,61.9,40.0,997.0,5,290,12.1,62.1,12.1,62.5,12.3,61.6,12.4,61.3,12.6,60.9,12.8,60.5,13.0,60.4,-0.9396926207859083,0.342020143325669
2018279N11069,2018,LUBAN,2018-10-08 09:00:00,TS,12.3,61.6,45.0,996.0,6,290,12.2,61.9,12.1,62.1,12.4,61.3,12.5,61.1,12.7,60.6,12.9,60.4,13.1,60.3,-0.9396926207859083,0.342020143325669
2018279N11069,2018,LUBAN,2018-10-08 12:00:00,TS,12.4,61.3,45.0,996.0,5,290,12.3,61.6,12.2,61.9,12.5,61.1,12.6,60.9,12.8,60.5,13.0,60.4,13.2,60.1,-0.9396926207859083,0.342020143325669
2018279N11069,2018,LUBAN,2018-10-08 15:00:00,TS,12.5,61.1,45.0,996.0,5,295,12.4,61.3,12.3,61.6,12.6,60.9,12.7,60.6,12.9,60.4,13.1,60.3,13.4,59.8,-0.9063077870366499,0.4226182617406996
2018279N11069,2018,LUBAN,2018-10-08 18:00:00,TS,12.6,60.9,45.0,994.0,5,295,12.5,61.1,12.4,61.3,12.7,60.6,12.8,60.5,13.0,60.4,13.2,60.1,13.6,59.6,-0.9063077870366499,0.4226182617406996
2018279N11069,2018,LUBAN,2018-10-08 21:00:00,TS,12.7,60.6,45.0,994.0,4,305,12.6,60.9,12.5,61.1,12.8,60.5,12.9,60.4,13.1,60.3,13.4,59.8,13.7,59.3,-0.8191520442889918,0.573576436351046
2018279N11069,2018,LUBAN,2018-10-09 00:00:00,TS,12.8,60.5,45.0,994.0,3,320,12.7,60.6,12.6,60.9,12.9,60.4,13.0,60.4,13.2,60.1,13.6,59.6,14.0,59.2,-0.6427876096865396,0.7660444431189778
2018279N11069,2018,LUBAN,2018-10-09 03:00:00,TS,12.9,60.4,45.0,994.0,2,325,12.8,60.5,12.7,60.6,13.0,60.4,13.1,60.3,13.4,59.8,13.7,59.3,14.1,59.1,-0.5735764363510465,0.8191520442889916
2018279N11069,2018,LUBAN,2018-10-09 06:00:00,TS,13.0,60.4,45.0,994.0,2,325,12.9,60.4,12.8,60.5,13.1,60.3,13.2,60.1,13.6,59.6,14.0,59.2,14.2,59.0,-0.5735764363510465,0.8191520442889916
2018279N11069,2018,LUBAN,2018-10-09 09:00:00,TS,13.1,60.3,50.0,992.0,4,305,13.0,60.4,12.9,60.4,13.2,60.1,13.4,59.8,13.7,59.3,14.1,59.1,14.4,58.7,-0.8191520442889918,0.573576436351046
2018279N11069,2018,LUBAN,2018-10-09 12:00:00,TS,13.2,60.1,55.0,990.0,5,305,13.1,60.3,13.0,60.4,13.4,59.8,13.6,59.6,14.0,59.2,14.2,59.0,14.4,58.6,-0.8191520442889918,0.573576436351046
2018279N11069,2018,LUBAN,2018-10-09 15:00:00,TS,13.4,59.8,55.0,990.0,6,310,13.2,60.1,13.1,60.3,13.6,59.6,13.7,59.3,14.1,59.1,14.4,58.7,14.5,58.5,-0.7660444431189781,0.6427876096865393
2018279N11069,2018,LUBAN,2018-10-09 18:00:00,TS,13.6,59.6,55.0,990.0,6,305,13.4,59.8,13.2,60.1,13.7,59.3,14.0,59.2,14.2,59.0,14.4,58.6,14.5,58.4,-0.8191520442889918,0.573576436351046
2018279N11069,2018,LUBAN,2018-10-09 21:00:00,TS,13.7,59.3,60.0,988.0,6,315,13.6,59.6,13.4,59.8,14.0,59.2,14.1,59.1,14.4,58.7,14.5,58.5,14.5,58.4,-0.7071067811865477,0.7071067811865474
2018279N11069,2018,LUBAN,2018-10-10 00:00:00,TS,14.0,59.2,65.0,985.0,4,325,13.7,59.3,13.6,59.6,14.1,59.1,14.2,59.0,14.4,58.6,14.5,58.4,14.6,58.2,-0.5735764363510465,0.8191520442889916
2018279N11069,2018,LUBAN,2018-10-10 03:00:00,TS,14.1,59.1,65.0,984.0,3,315,14.0,59.2,13.7,59.3,14.2,59.0,14.4,58.7,14.5,58.5,14.5,58.4,14.4,58.0,-0.7071067811865477,0.7071067811865474
2018279N11069,2018,LUBAN,2018-10-10 06:00:00,TS,14.2,59.0,75.0,978.0,4,310,14.1,59.1,14.0,59.2,14.4,58.7,14.4,58.6,14.5,58.4,14.6,58.2,14.5,57.9,-0.7660444431189781,0.6427876096865393
2018279N11069,2018,LUBAN,2018-10-10 09:00:00,TS,14.4,58.7,75.0,978.0,4,300,14.2,59.0,14.1,59.1,14.4,58.6,14.5,58.5,14.5,58.4,14.4,58.0,14.5,57.9,-0.8660254037844386,0.5000000000000001
2018279N11069,2018,LUBAN,2018-10-10 12:00:00,TS,14.4,58.6,75.0,978.0,3,290,14.4,58.7,14.2,59.0,14.5,58.5,14.5,58.4,14.6,58.2,14.5,57.9,14.5,57.8,-0.9396926207859083,0.342020143325669
2018279N11069,2018,LUBAN,2018-10-10 15:00:00,TS,14.5,58.5,75.0,978.0,2,295,14.4,58.6,14.4,58.7,14.5,58.4,14.5,58.4,14.4,58.0,14.5,57.9,14.5,57.8,-0.9063077870366499,0.4226182617406996
2018279N11069,2018,LUBAN,2018-10-10 18:00:00,TS,14.5,58.4,75.0,978.0,1,285,14.5,58.5,14.4,58.6,14.5,58.4,14.6,58.2,14.5,57.9,14.5,57.8,14.6,57.7,-0.9659258262890684,0.2588190451025203
2018279N11069,2018,LUBAN,2018-10-10 21:00:00,TS,14.5,58.4,75.0,978.0,2,280,14.5,58.4,14.5,58.5,14.6,58.2,14.4,58.0,14.5,57.9,14.5,57.8,14.7,57.7,-0.9848077530122081,0.17364817766692997
2018279N11069,2018,LUBAN,2018-10-11 00:00:00,TS,14.6,58.2,75.0,978.0,3,260,14.5,58.4,14.5,58.4,14.4,58.0,14.5,57.9,14.5,57.8,14.6,57.7,14.7,57.6,-0.984807753012208,-0.17364817766693033
2018279N11069,2018,LUBAN,2018-10-11 03:00:00,TS,14.4,58.0,70.0,980.0,3,245,14.6,58.2,14.5,58.4,14.5,57.9,14.5,57.9,14.5,57.8,14.7,57.7,14.6,57.5,-0.90630778703665,-0.42261826174069916
2018279N11069,2018,LUBAN,2018-10-11 06:00:00,TS,14.5,57.9,70.0,980.0,2,280,14.4,58.0,14.6,58.2,14.5,57.9,14.5,57.8,14.6,57.7,14.7,57.6,14.7,57.4,-0.9848077530122081,0.17364817766692997
2018279N11069,2018,LUBAN,2018-10-11 09:00:00,TS,14.5,57.9,70.0,980.0,1,295,14.5,57.9,14.4,58.0,14.5,57.8,14.5,57.8,14.7,57.7,14.6,57.5,14.6,57.2,-0.9063077870366499,0.4226182617406996
2018279N11069,2018,LUBAN,2018-10-11 12:00:00,TS,14.5,57.8,70.0,980.0,1,305,14.5,57.9,14.5,57.9,14.5,57.8,14.6,57.7,14.7,57.6,14.7,57.4,14.7,57.0,-0.8191520442889918,0.573576436351046
2018279N11069,2018,LUBAN,2018-10-11 15:00:00,TS,14.5,57.8,70.0,980.0,1,315,14.5,57.8,14.5,57.9,14.6,57.7,14.7,57.7,14.6,57.5,14.6,57.2,14.7,56.8,-0.7071067811865477,0.7071067811865474
2018279N11069,2018,LUBAN,2018-10-11 18:00:00,TS,14.6,57.7,70.0,980.0,2,315,14.5,57.8,14.5,57.8,14.7,57.7,14.7,57.6,14.7,57.4,14.7,57.0,14.8,56.5,-0.7071067811865477,0.7071067811865474
2018279N11069,2018,LUBAN,2018-10-11 21:00:00,TS,14.7,57.7,65.0,980.0,1,295,14.6,57.7,14.5,57.8,14.7,57.6,14.6,57.5,14.6,57.2,14.7,56.8,14.8,56.2,-0.9063077870366499,0.4226182617406996
2018279N11069,2018,LUBAN,2018-10-12 00:00:00,TS,14.7,57.6,60.0,984.0,2,270,14.7,57.7,14.6,57.7,14.6,57.5,14.7,57.4,14.7,57.0,14.8,56.5,14.8,55.9,-1.0,-1.8369701987210297e-16
2018279N11069,2018,LUBAN,2018-10-12 03:00:00,TS,14.6,57.5,55.0,987.0,2,270,14.7,57.6,14.7,57.7,14.7,57.4,14.6,57.2,14.7,56.8,14.8,56.2,14.8,55.6,-1.0,-1.8369701987210297e-16
2018279N11069,2018,LUBAN,2018-10-12 06:00:00,TS,14.7,57.4,50.0,990.0,3,270,14.6,57.5,14.7,57.6,14.6,57.2,14.7,57.0,14.8,56.5,14.8,55.9,14.9,55.3,-1.0,-1.8369701987210297e-16
2018279N11069,2018,LUBAN,2018-10-12 09:00:00,TS,14.6,57.2,50.0,990.0,3,270,14.7,57.4,14.6,57.5,14.7,57.0,14.7,56.8,14.8,56.2,14.8,55.6,14.9,54.9,-1.0,-1.8369701987210297e-16
2018279N11069,2018,LUBAN,2018-10-12 12:00:00,TS,14.7,57.0,50.0,991.0,4,275,14.6,57.2,14.7,57.4,14.7,56.8,14.8,56.5,14.8,55.9,14.9,55.3,14.9,54.5,-0.9961946980917455,0.08715574274765789
2018279N11069,2018,LUBAN,2018-10-12 15:00:00,TS,14.7,56.8,50.0,992.0,5,280,14.7,57.0,14.6,57.2,14.8,56.5,14.8,56.2,14.8,55.6,14.9,54.9,14.9,54.1,-0.9848077530122081,0.17364817766692997
2018279N11069,2018,LUBAN,2018-10-12 18:00:00,TS,14.8,56.5,45.0,994.0,6,280,14.7,56.8,14.7,57.0,14.8,56.2,14.8,55.9,14.9,55.3,14.9,54.5,15.1,53.7,-0.9848077530122081,0.17364817766692997
2018279N11069,2018,LUBAN,2018-10-12 21:00:00,TS,14.8,56.2,45.0,994.0,6,270,14.8,56.5,14.7,56.8,14.8,55.9,14.8,55.6,14.9,54.9,14.9,54.1,15.2,53.3,-1.0,-1.8369701987210297e-16
2018279N11069,2018,LUBAN,2018-10-13 00:00:00,TS,14.8,55.9,45.0,994.0,6,270,14.8,56.2,14.8,56.5,14.8,55.6,14.9,55.3,14.9,54.5,15.1,53.7,15.4,52.8,-1.0,-1.8369701987210297e-16
2018279N11069,2018,LUBAN,2018-10-13 03:00:00,TS,14.8,55.6,40.0,994.0,6,280,14.8,55.9,14.8,56.2,14.9,55.3,14.9,54.9,14.9,54.1,15.2,53.3,15.6,52.5,-0.9848077530122081,0.17364817766692997
2018279N11069,2018,LUBAN,2018-10-13 06:00:00,TS,14.9,55.3,40.0,994.0,7,280,14.8,55.6,14.8,55.9,14.9,54.9,14.9,54.5,15.1,53.7,15.4,52.8,15.9,52.2,-0.9848077530122081,0.17364817766692997
2018279N11069,2018,LUBAN,2018-10-13 09:00:00,TS,14.9,54.9,40.0,994.0,7,275,14.9,55.3,14.8,55.6,14.9,54.5,14.9,54.1,15.2,53.3,15.6,52.5,15.9,51.8,-0.9961946980917455,0.08715574274765789
2018279N11069,2018,LUBAN,2018-10-13 12:00:00,TS,14.9,54.5,40.0,994.0,8,275,14.9,54.9,14.9,55.3,14.9,54.1,15.1,53.7,15.4,52.8,15.9,52.2,16.0,51.4,-0.9961946980917455,0.08715574274765789
2018279N11069,2018,LUBAN,2018-10-13 15:00:00,TS,14.9,54.1,40.0,994.0,8,280,14.9,54.5,14.9,54.9,15.1,53.7,15.2,53.3,15.6,52.5,15.9,51.8,16.1,51.1,-0.9848077530122081,0.17364817766692997
2018279N11069,2018,LUBAN,2018-10-13 18:00:00,TS,15.1,53.7,40.0,996.0,8,290,14.9,54.1,14.9,54.5,15.2,53.3,15.4,52.8,15.9,52.2,16.0,51.4,16.3,50.8,-0.9396926207859083,0.342020143325669
2018279N11069,2018,LUBAN,2018-10-13 21:00:00,TS,15.2,53.3,40.0,996.0,9,290,15.1,53.7,14.9,54.1,15.4,52.8,15.6,52.5,15.9,51.8,16.1,51.1,16.2,50.0,-0.9396926207859083,0.342020143325669
2018279N11069,2018,LUBAN,2018-10-14 00:00:00,TS,15.4,52.8,40.0,998.0,9,300,15.2,53.3,15.1,53.7,15.6,52.5,15.9,52.2,16.0,51.4,16.3,50.8,16.2,49.0,-0.8660254037844386,0.5000000000000001
2018281N14088,2018,TITLI,2018-10-08 06:00:00,TS,14.1,88.3,25.0,1002.0,3,285,14.1,88.4,14.2,88.4,14.2,88.1,14.3,87.9,14.5,87.5,14.7,87.1,14.8,86.8,-0.9659258262890684,0.2588190451025203
2018281N14088,2018,TITLI,2018-10-08 09:00:00,TS,14.2,88.1,25.0,1002.0,4,295,14.1,88.3,14.1,88.4,14.3,87.9,14.4,87.7,14.6,87.3,14.7,86.9,14.9,86.7,-0.9063077870366499,0.4226182617406996
2018281N14088,2018,TITLI,2018-10-08 12:00:00,TS,14.3,87.9,25.0,1002.0,5,290,14.2,88.1,14.1,88.3,14.4,87.7,14.5,87.5,14.7,87.1,14.8,86.8,15.1,86.6,-0.9396926207859083,0.342020143325669
2018281N14088,2018,TITLI,2018-10-08 15:00:00,TS,14.4,87.7,28.0,1001.0,5,290,14.3,87.9,14.2,88.1,14.5,87.5,14.6,87.3,14.7,86.9,14.9,86.7,15.3,86.5,-0.9396926207859083,0.342020143325669
2018281N14088,2018,TITLI,2018-10-08 18:00:00,TS,14.5,87.5,30.0,1000.0,4,295,14.4,87.7,14.3,87.9,14.6,87.3,14.7,87.1,14.8,86.8,15.1,86.6,15.6,86.3,-0.9063077870366499,0.4226182617406996
2018281N14088,2018,TITLI,2018-10-08 21:00:00,TS,14.6,87.3,30.0,1000.0,4,300,14.5,87.5,14.4,87.7,14.7,87.1,14.7,86.9,14.9,86.7,15.3,86.5,15.8,86.1,-0.8660254037844386,0.5000000000000001
2018281N14088,2018,TITLI,2018-10-09 00:00:00,TS,14.7,87.1,30.0,1000.0,3,295,14.6,87.3,14.5,87.5,14.7,86.9,14.8,86.8,15.1,86.6,15.6,86.3,16.1,86.0,-0.9063077870366499,0.4226182617406996
2018281N14088,2018,TITLI,2018-10-09 03:00:00,TS,14.7,86.9,30.0,999.0,3,295,14.7,87.1,14.6,87.3,14.8,86.8,14.9,86.7,15.3,86.5,15.8,86.1,16.5,85.9,-0.9063077870366499,0.4226182617406996
2018281N14088,2018,TITLI,2018-10-09 06:00:00,TS,14.8,86.8,35.0,998.0,3,315,14.7,86.9,14.7,87.1,14.9,86.7,15.1,86.6,15.6,86.3,16.1,86.0,17.0,85.6,-0.7071067811865477,0.7071067811865474
2018281N14088,2018,TITLI,2018-10-09 09:00:00,TS,14.9,86.7,35.0,997.0,4,325,14.8,86.8,14.7,86.9,15.1,86.6,15.3,86.5,15.8,86.1,16.5,85.9,17.3,85.4,-0.5735764363510465,0.8191520442889916
2018281N14088,2018,TITLI,2018-10-09 12:00:00,TS,15.1,86.6,40.0,996.0,5,330,14.9,86.7,14.8,86.8,15.3,86.5,15.6,86.3,16.1,86.0,17.0,85.6,17.6,85.3,-0.5000000000000004,0.8660254037844384
2018281N14088,2018,TITLI,2018-10-09 15:00:00,TS,15.3,86.5,40.0,995.0,5,325,15.1,86.6,14.9,86.7,15.6,86.3,15.8,86.1,16.5,85.9,17.3,85.4,17.8,85.1,-0.5735764363510465,0.8191520442889916
2018281N14088,2018,TITLI,2018-10-09 18:00:00,TS,15.6,86.3,45.0,996.0,6,325,15.3,86.5,15.1,86.6,15.8,86.1,16.1,86.0,17.0,85.6,17.6,85.3,18.3,85.0,-0.5735764363510465,0.8191520442889916
2018281N14088,2018,TITLI,2018-10-09 21:00:00,TS,15.8,86.1,50.0,994.0,6,330,15.6,86.3,15.3,86.5,16.1,86.0,16.5,85.9,17.3,85.4,17.8,85.1,18.6,84.6,-0.5000000000000004,0.8660254037844384
2018281N14088,2018,TITLI,2018-10-10 00:00:00,TS,16.1,86.0,55.0,990.0,8,345,15.8,86.1,15.6,86.3,16.5,85.9,17.0,85.6,17.6,85.3,18.3,85.0,18.8,84.4,-0.2588190451025207,0.9659258262890683
2018281N14088,2018,TITLI,2018-10-10 03:00:00,TS,16.5,85.9,60.0,988.0,10,340,16.1,86.0,15.8,86.1,17.0,85.6,17.3,85.4,17.8,85.1,18.6,84.6,18.9,84.1,-0.3420201433256686,0.9396926207859084
2018281N14088,2018,TITLI,2018-10-10 06:00:00,TS,17.0,85.6,70.0,982.0,9,335,16.5,85.9,16.1,86.0,17.3,85.4,17.6,85.3,18.3,85.0,18.8,84.4,19.2,83.9,-0.4226182617406992,0.90630778703665
2018281N14088,2018,TITLI,2018-10-10 09:00:00,TS,17.3,85.4,75.0,976.0,7,330,17.0,85.6,16.5,85.9,17.6,85.3,17.8,85.1,18.6,84.6,18.9,84.1,19.4,83.8,-0.5000000000000004,0.8660254037844384
2018281N14088,2018,TITLI,2018-10-10 12:00:00,TS,17.6,85.3,80.0,972.0,6,330,17.3,85.4,17.0,85.6,17.8,85.1,18.3,85.0,18.8,84.4,19.2,83.9,19.7,83.8,-0.5000000000000004,0.8660254037844384
2018281N14088,2018,TITLI,2018-10-10 15:00:00,TS,17.8,85.1,80.0,972.0,8,335,17.6,85.3,17.3,85.4,18.3,85.0,18.6,84.6,18.9,84.1,19.4,83.8,19.9,83.9,-0.4226182617406992,0.90630778703665
2018281N14088,2018,TITLI,2018-10-10 18:00:00,TS,18.3,85.0,80.0,972.0,9,325,17.8,85.1,17.6,85.3,18.6,84.6,18.8,84.4,19.2,83.9,19.7,83.8,20.1,84.2,-0.5735764363510465,0.8191520442889916
2018281N14088,2018,TITLI,2018-10-10 21:00:00,TS,18.6,84.6,80.0,972.0,8,310,18.3,85.0,17.8,85.1,18.8,84.4,18.9,84.1,19.4,83.8,19.9,83.9,20.3,84.4,-0.7660444431189781,0.6427876096865393
2018281N14088,2018,TITLI,2018-10-11 00:00:00,TS,18.8,84.4,80.0,972.0,6,305,18.6,84.6,18.3,85.0,18.9,84.1,19.2,83.9,19.7,83.8,20.1,84.2,20.5,84.7,-0.8191520442889918,0.573576436351046
2018281N14088,2018,TITLI,2018-10-11 03:00:00,TS,18.9,84.1,65.0,985.0,6,310,18.8,84.4,18.6,84.6,19.2,83.9,19.4,83.8,19.9,83.9,20.3,84.4,20.7,85.0,-0.7660444431189781,0.6427876096865393
2018281N14088,2018,TITLI,2018-10-11 06:00:00,TS,19.2,83.9,60.0,988.0,6,330,18.9,84.1,18.8,84.4,19.4,83.8,19.7,83.8,20.1,84.2,20.5,84.7,20.9,85.3,-0.5000000000000004,0.8660254037844384
2018281N14088,2018,TITLI,2018-10-11 09:00:00,TS,19.4,83.8,50.0,994.0,6,350,19.2,83.9,18.9,84.1,19.7,83.8,19.9,83.9,20.3,84.4,20.7,85.0,20.9,85.5,-0.1736481776669304,0.984807753012208
2018281N14088,2018,TITLI,2018-10-11 12:00:00,TS,19.7,83.8,45.0,996.0,5,15,19.4,83.8,19.2,83.9,19.9,83.9,20.1,84.2,20.5,84.7,20.9,85.3,21.2,86.1,0.25881904510252074,0.9659258262890683
2018281N14088,2018,TITLI,2018-10-11 15:00:00,TS,19.9,83.9,40.0,998.0,6,45,19.7,83.8,19.4,83.8,20.1,84.2,20.3,84.4,20.7,85.0,20.9,85.5,21.6,86.7,0.7071067811865475,0.7071067811865476
2018281N14088,2018,TITLI,2018-10-11 18:00:00,TS,20.1,84.2,30.0,999.0,6,45,19.9,83.9,19.7,83.8,20.3,84.4,20.5,84.7,20.9,85.3,21.2,86.1,21.9,87.2,0.7071067811865475,0.7071067811865476
2018281N14088,2018,TITLI,2018-10-11 21:00:00,TS,20.3,84.4,30.0,1000.0,6,45,20.1,84.2,19.9,83.9,20.5,84.7,20.7,85.0,20.9,85.5,21.6,86.7,22.1,87.5,0.7071067811865475,0.7071067811865476
2018314N12093,2018,GAJA,2018-11-10 09:00:00,TS,12.3,91.4,28.0,1002.0,15,295,12.0,92.0,11.7,92.5,12.7,90.7,12.9,90.2,13.2,89.5,13.4,88.8,13.4,88.0,-0.9063077870366499,0.4226182617406996
2018314N12093,2018,GAJA,2018-11-10 12:00:00,MX,12.7,90.7,30.0,1001.0,13,295,12.3,91.4,12.0,92.0,12.9,90.2,13.1,89.8,13.4,89.2,13.4,88.5,13.3,87.7,-0.9063077870366499,0.4226182617406996
2018314N12093,2018,GAJA,2018-11-10 15:00:00,MX,12.9,90.2,30.0,1001.0,9,295,12.7,90.7,12.3,91.4,13.1,89.8,13.2,89.5,13.4,88.8,13.4,88.0,13.2,87.5,-0.9063077870366499,0.4226182617406996
2018314N12093,2018,GAJA,2018-11-10 18:00:00,TS,13.1,89.8,30.0,1000.0,7,295,12.9,90.2,12.7,90.7,13.2,89.5,13.4,89.2,13.4,88.5,13.3,87.7,13.1,87.3,-0.9063077870366499,0.4226182617406996
2018314N12093,2018,GAJA,2018-11-10 21:00:00,TS,13.2,89.5,33.0,1000.0,7,295,13.1,89.8,12.9,90.2,13.4,89.2,13.4,88.8,13.4,88.0,13.2,87.5,13.1,87.2,-0.9063077870366499,0.4226182617406996
2018314N12093,2018,GAJA,2018-11-11 00:00:00,TS,13.4,89.2,35.0,999.0,7,285,13.2,89.5,13.1,89.8,13.4,88.8,13.4,88.5,13.3,87.7,13.1,87.3,12.9,87.2,-0.9659258262890684,0.2588190451025203
2018314N12093,2018,GAJA,2018-11-11 03:00:00,TS,13.4,88.8,35.0,999.0,7,280,13.4,89.2,13.2,89.5,13.4,88.5,13.4,88.0,13.2,87.5,13.1,87.2,12.7,87.2,-0.9848077530122081,0.17364817766692997
2018314N12093,2018,GAJA,2018-11-11 06:00:00,TS,13.4,88.5,40.0,998.0,8,265,13.4,88.8,13.4,89.2,13.4,88.0,13.3,87.7,13.1,87.3,12.9,87.2,12.6,87.3,-0.9961946980917455,-0.08715574274765825
2018314N12093,2018,GAJA,2018-11-11 09:00:00,TS,13.4,88.0,40.0,998.0,7,260,13.4,88.5,13.4,88.8,13.3,87.7,13.2,87.5,13.1,87.2,12.7,87.2,12.7,87.3,-0.984807753012208,-0.17364817766693033
2018314N12093,2018,GAJA,2018-11-11 12:00:00,TS,13.3,87.7,40.0,998.0,6,255,13.4,88.0,13.4,88.5,13.2,87.5,13.1,87.3,12.9,87.2,12.6,87.3,12.8,87.6,-0.9659258262890683,-0.25881904510252063
2018314N12093,2018,GAJA,2018-11-11 15:00:00,TS,13.2,87.5,40.0,998.0,4,245,13.3,87.7,13.4,88.0,13.1,87.3,13.1,87.2,12.7,87.2,12.7,87.3,13.0,87.6,-0.90630778703665,-0.42261826174069916
2018314N12093,2018,GAJA,2018-11-11 18:00:00,TS,13.1,87.3,40.0,998.0,3,240,13.2,87.5,13.3,87.7,13.1,87.2,12.9,87.2,12.6,87.3,12.8,87.6,13.3,87.6,-0.8660254037844384,-0.5000000000000004
2018314N12093,2018,GAJA,2018-11-11 21:00:00,TS,13.1,87.2,40.0,998.0,2,205,13.1,87.3,13.2,87.5,12.9,87.2,12.7,87.2,12.7,87.3,13.0,87.6,13.4,87.4,-0.4226182617406993,-0.90630778703665
2018314N12093,2018,GAJA,2018-11-12 00:00:00,TS,12.9,87.2,40.0,998.0,4,0,13.1,87.2,13.1,87.3,12.7,87.2,12.6,87.3,12.8,87.6,13.3,87.6,13.6,87.2,0.0,1.0
2018314N12093,2018,GAJA,2018-11-12 03:00:00,TS,12.7,87.2,40.0,998.0,3,170,12.9,87.2,13.1,87.2,12.6,87.3,12.7,87.3,13.0,87.6,13.4,87.4,13.6,87.0,0.17364817766693028,-0.984807753012208
2018314N12093,2018,GAJA,2018-11-12 06:00:00,TS,12.6,87.3,40.0,998.0,1,85,12.7,87.2,12.9,87.2,12.7,87.3,12.8,87.6,13.3,87.6,13.6,87.2,13.7,86.6,0.9961946980917455,0.08715574274765814
2018314N12093,2018,GAJA,2018-11-12 09:00:00,TS,12.7,87.3,40.0,998.0,3,65,12.6,87.3,12.7,87.2,12.8,87.6,13.0,87.6,13.4,87.4,13.6,87.0,13.6,86.3,0.9063077870366499,0.42261826174069944
2018314N12093,2018,GAJA,2018-11-12 12:00:00,TS,12.8,87.6,40.0,998.0,4,45,12.7,87.3,12.6,87.3,13.0,87.6,13.3,87.6,13.6,87.2,13.7,86.6,13.5,86.1,0.7071067811865475,0.7071067811865476
2018314N12093,2018,GAJA,2018-11-12 15:00:00,TS,13.0,87.6,40.0,998.0,6,0,12.8,87.6,12.7,87.3,13.3,87.6,13.4,87.4,13.6,87.0,13.6,86.3,13.4,85.9,0.0,1.0
2018314N12093,2018,GAJA,2018-11-12 18:00:00,TS,13.3,87.6,45.0,996.0,5,330,13.0,87.6,12.8,87.6,13.4,87.4,13.6,87.2,13.7,86.6,13.5,86.1,13.3,85.7,-0.5000000000000004,0.8660254037844384
2018314N12093,2018,GAJA,2018-11-12 21:00:00,TS,13.4,87.4,45.0,996.0,4,305,13.3,87.6,13.0,87.6,13.6,87.2,13.6,87.0,13.6,86.3,13.4,85.9,13.2,85.5,-0.8191520442889918,0.573576436351046
2018314N12093,2018,GAJA,2018-11-13 00:00:00,TS,13.6,87.2,40.0,998.0,4,290,13.4,87.4,13.3,87.6,13.6,87.0,13.7,86.6,13.5,86.1,13.3,85.7,13.1,85.4,-0.9396926207859083,0.342020143325669
2018314N12093,2018,GAJA,2018-11-13 03:00:00,TS,13.6,87.0,40.0,998.0,6,280,13.6,87.2,13.4,87.4,13.7,86.6,13.6,86.3,13.4,85.9,13.2,85.5,13.0,85.2,-0.9848077530122081,0.17364817766692997
2018314N12093,2018,GAJA,2018-11-13 06:00:00,TS,13.7,86.6,40.0,998.0,6,265,13.6,87.0,13.6,87.2,13.6,86.3,13.5,86.1,13.3,85.7,13.1,85.4,12.8,85.0,-0.9961946980917455,-0.08715574274765825
2018314N12093,2018,GAJA,2018-11-13 09:00:00,TS,13.6,86.3,40.0,998.0,5,255,13.7,86.6,13.6,87.0,13.5,86.1,13.4,85.9,13.2,85.5,13.0,85.2,12.6,84.7,-0.9659258262890683,-0.25881904510252063
2018314N12093,2018,GAJA,2018-11-13 12:00:00,TS,13.5,86.1,40.0,998.0,5,245,13.6,86.3,13.7,86.6,13.4,85.9,13.3,85.7,13.1,85.4,12.8,85.0,12.4,84.4,-0.90630778703665,-0.42261826174069916
2018314N12093,2018,GAJA,2018-11-13 15:00:00,TS,13.4,85.9,40.0,998.0,4,240,13.5,86.1,13.6,86.3,13.3,85.7,13.2,85.5,13.0,85.2,12.6,84.7,12.2,84.2,-0.8660254037844384,-0.5000000000000004
2018314N12093,2018,GAJA,2018-11-13 18:00:00,TS,13.3,85.7,40.0,998.0,4,240,13.4,85.9,13.5,86.1,13.2,85.5,13.1,85.4,12.8,85.0,12.4,84.4,12.0,83.9,-0.8660254037844384,-0.5000000000000004
2018314N12093,2018,GAJA,2018-11-13 21:00:00,TS,13.2,85.5,40.0,998.0,4,240,13.3,85.7,13.4,85.9,13.1,85.4,13.0,85.2,12.6,84.7,12.2,84.2,11.8,83.5,-0.8660254037844384,-0.5000000000000004
2018314N12093,2018,GAJA,2018-11-14 00:00:00,TS,13.1,85.4,40.0,998.0,4,240,13.2,85.5,13.3,85.7,13.0,85.2,12.8,85.0,12.4,84.4,12.0,83.9,11.5,83.1,-0.8660254037844384,-0.5000000000000004
2018314N12093,2018,GAJA,2018-11-14 03:00:00,TS,13.0,85.2,40.0,998.0,5,230,13.1,85.4,13.2,85.5,12.8,85.0,12.6,84.7,12.2,84.2,11.8,83.5,11.4,82.7,-0.7660444431189779,-0.6427876096865395
2018314N12093,2018,GAJA,2018-11-14 06:00:00,TS,12.8,85.0,45.0,996.0,6,230,13.0,85.2,13.1,85.4,12.6,84.7,12.4,84.4,12.0,83.9,11.5,83.1,11.3,82.2,-0.7660444431189779,-0.6427876096865395
2018314N12093,2018,GAJA,2018-11-14 09:00:00,TS,12.6,84.7,45.0,996.0,7,230,12.8,85.0,13.0,85.2,12.4,84.4,12.2,84.2,11.8,83.5,11.4,82.7,11.1,81.6,-0.7660444431189779,-0.6427876096865395
2018314N12093,2018,GAJA,2018-11-14 12:00:00,TS,12.4,84.4,45.0,996.0,6,230,12.6,84.7,12.8,85.0,12.2,84.2,12.0,83.9,11.5,83.1,11.3,82.2,10.9,81.2,-0.7660444431189779,-0.6427876096865395
2018314N12093,2018,GAJA,2018-11-14 15:00:00,TS,12.2,84.2,45.0,996.0,6,235,12.4,84.4,12.6,84.7,12.0,83.9,11.8,83.5,11.4,82.7,11.1,81.6,10.7,80.7,-0.8191520442889916,-0.5735764363510464
2018314N12093,2018,GAJA,2018-11-14 18:00:00,TS,12.0,83.9,45.0,996.0,8,245,12.2,84.2,12.4,84.4,11.8,83.5,11.5,83.1,11.3,82.2,10.9,81.2,10.6,80.3,-0.90630778703665,-0.42261826174069916
2018314N12093,2018,GAJA,2018-11-14 21:00:00,TS,11.8,83.5,45.0,996.0,8,235,12.0,83.9,12.2,84.2,11.5,83.1,11.4,82.7,11.1,81.6,10.7,80.7,10.5,79.7,-0.8191520442889916,-0.5735764363510464
2018314N12093,2018,GAJA,2018-11-15 00:00:00,TS,11.5,83.1,45.0,996.0,9,240,11.8,83.5,12.0,83.9,11.4,82.7,11.3,82.2,10.9,81.2,10.6,80.3,10.5,79.1,-0.8660254037844384,-0.5000000000000004
2018314N12093,2018,GAJA,2018-11-15 03:00:00,TS,11.4,82.7,50.0,994.0,10,255,11.5,83.1,11.8,83.5,11.3,82.2,11.1,81.6,10.7,80.7,10.5,79.7,10.4,78.5,-0.9659258262890683,-0.25881904510252063
2018314N12093,2018,GAJA,2018-11-15 06:00:00,TS,11.3,82.2,55.0,990.0,11,250,11.4,82.7,11.5,83.1,11.1,81.6,10.9,81.2,10.6,80.3,10.5,79.1,10.5,77.6,-0.9396926207859084,-0.34202014332566855
2018314N12093,2018,GAJA,2018-11-15 09:00:00,TS,11.1,81.6,55.0,989.0,10,245,11.3,82.2,11.4,82.7,10.9,81.2,10.7,80.7,10.5,79.7,10.4,78.5,10.3,76.9,-0.90630778703665,-0.42261826174069916
2018314N12093,2018,GAJA,2018-11-15 12:00:00,TS,10.9,81.2,60.0,988.0,10,245,11.1,81.6,11.3,82.2,10.7,80.7,10.6,80.3,10.5,79.1,10.5,77.6,10.0,76.3,-0.90630778703665,-0.42261826174069916
2018314N12093,2018,GAJA,2018-11-15 15:00:00,TS,10.7,80.7,65.0,984.0,10,250,10.9,81.2,11.1,81.6,10.6,80.3,10.5,79.7,10.4,78.5,10.3,76.9,9.9,75.8,-0.9396926207859084,-0.34202014332566855
2018314N12093,2018,GAJA,2018-11-15 18:00:00,TS,10.6,80.3,70.0,976.0,10,260,10.7,80.7,10.9,81.2,10.5,79.7,10.5,79.1,10.5,77.6,10.0,76.3,9.8,75.3,-0.984807753012208,-0.17364817766693033
2018314N12093,2018,GAJA,2018-11-15 21:00:00,TS,10.5,79.7,70.0,976.0,11,265,10.6,80.3,10.7,80.7,10.5,79.1,10.4,78.5,10.3,76.9,9.9,75.8,9.7,74.7,-0.9961946980917455,-0.08715574274765825
2018314N12093,2018,GAJA,2018-11-16 00:00:00,TS,10.5,79.1,55.0,990.0,12,270,10.5,79.7,10.6,80.3,10.4,78.5,10.5,77.6,10.0,76.3,9.8,75.3,9.7,74.2,-1.0,-1.8369701987210297e-16
2018314N12093,2018,GAJA,2018-11-16 03:00:00,TS,10.4,78.5,45.0,996.0,15,270,10.5,79.1,10.5,79.7,10.5,77.6,10.3,76.9,9.9,75.8,9.7,74.7,9.7,73.5,-1.0,-1.8369701987210297e-16
2018314N12093,2018,GAJA,2018-11-16 06:00:00,TS,10.5,77.6,30.0,1000.0,15,265,10.4,78.5,10.5,79.1,10.3,76.9,10.0,76.3,9.8,75.3,9.7,74.2,9.8,73.0,-0.9961946980917455,-0.08715574274765825
2018314N12093,2018,GAJA,2018-11-16 09:00:00,TS,10.3,76.9,28.0,1001.0,14,255,10.5,77.6,10.4,78.5,10.0,76.3,9.9,75.8,9.7,74.7,9.7,73.5,9.9,72.4,-0.9659258262890683,-0.25881904510252063
2018314N12093,2018,GAJA,2018-11-16 12:00:00,TS,10.0,76.3,25.0,1002.0,12,250,10.3,76.9,10.5,77.6,9.9,75.8,9.8,75.3,9.7,74.2,9.8,73.0,10.0,71.8,-0.9396926207859084,-0.34202014332566855
2018314N12093,2018,GAJA,2018-11-16 15:00:00,TS,9.9,75.8,25.0,1002.0,11,255,10.0,76.3,10.3,76.9,9.8,75.3,9.7,74.7,9.7,73.5,9.9,72.4,10.1,71.2,-0.9659258262890683,-0.25881904510252063
2018314N12093,2018,GAJA,2018-11-16 18:00:00,TS,9.8,75.3,25.0,1002.0,10,260,9.9,75.8,10.0,76.3,9.7,74.7,9.7,74.2,9.8,73.0,10.0,71.8,10.2,70.7,-0.984807753012208,-0.17364817766693033
2018314N12093,2018,GAJA,2018-11-16 21:00:00,TS,9.7,74.7,28.0,1003.0,11,265,9.8,75.3,9.9,75.8,9.7,74.2,9.7,73.5,9.9,72.4,10.1,71.2,10.3,70.2,-0.9961946980917455,-0.08715574274765825
2018314N12093,2018,GAJA,2018-11-17 00:00:00,TS,9.7,74.2,30.0,1003.0,12,270,9.7,74.7,9.8,75.3,9.7,73.5,9.8,73.0,10.0,71.8,10.2,70.7,10.4,69.8,-1.0,-1.8369701987210297e-16
2018314N12093,2018,GAJA,2018-11-17 03:00:00,TS,9.7,73.5,30.0,1003.0,11,275,9.7,74.2,9.7,74.7,9.8,73.0,9.9,72.4,10.1,71.2,10.3,70.2,10.5,69.5,-0.9961946980917455,0.08715574274765789
2018314N12093,2018,GAJA,2018-11-17 06:00:00,TS,9.8,73.0,30.0,1003.0,11,275,9.7,73.5,9.7,74.2,9.9,72.4,10.0,71.8,10.2,70.7,10.4,69.8,10.5,69.1,-0.9961946980917455,0.08715574274765789
2018314N12093,2018,GAJA,2018-11-17 09:00:00,TS,9.9,72.4,30.0,1003.0,12,275,9.8,73.0,9.7,73.5,10.0,71.8,10.1,71.2,10.3,70.2,10.5,69.5,10.6,68.8,-0.9961946980917455,0.08715574274765789
2018314N12093,2018,GAJA,2018-11-17 12:00:00,TS,10.0,71.8,30.0,1003.0,12,280,9.9,72.4,9.8,73.0,10.1,71.2,10.2,70.7,10.4,69.8,10.5,69.1,10.6,68.5,-0.9848077530122081,0.17364817766692997
2018314N12093,2018,GAJA,2018-11-17 15:00:00,TS,10.1,71.2,30.0,1003.0,11,285,10.0,71.8,9.9,72.4,10.2,70.7,10.3,70.2,10.5,69.5,10.6,68.8,10.6,68.0,-0.9659258262890684,0.2588190451025203
2018314N12093,2018,GAJA,2018-11-17 18:00:00,TS,10.2,70.7,30.0,1003.0,10,285,10.1,71.2,10.0,71.8,10.3,70.2,10.4,69.8,10.5,69.1,10.6,68.5,10.7,67.5,-0.9659258262890684,0.2588190451025203
2018314N12093,2018,GAJA,2018-11-17 21:00:00,TS,10.3,70.2,30.0,1003.0,9,285,10.2,70.7,10.1,71.2,10.4,69.8,10.5,69.5,10.6,68.8,10.6,68.0,10.7,67.1,-0.9659258262890684,0.2588190451025203
2018314N12093,2018,GAJA,2018-11-18 00:00:00,TS,10.4,69.8,30.0,1003.0,7,280,10.3,70.2,10.2,70.7,10.5,69.5,10.5,69.1,10.6,68.5,10.7,67.5,10.8,66.6,-0.9848077530122081,0.17364817766692997
2018314N12093,2018,GAJA,2018-11-18 03:00:00,TS,10.5,69.5,30.0,1003.0,7,280,10.4,69.8,10.3,70.2,10.5,69.1,10.6,68.8,10.6,68.0,10.7,67.1,10.9,66.3,-0.9848077530122081,0.17364817766692997
2018314N12093,2018,GAJA,2018-11-18 06:00:00,TS,10.5,69.1,30.0,1003.0,7,280,10.5,69.5,10.4,69.8,10.6,68.8,10.6,68.5,10.7,67.5,10.8,66.6,11.0,65.8,-0.9848077530122081,0.17364817766692997
2018314N12093,2018,GAJA,2018-11-18 09:00:00,TS,10.6,68.8,30.0,1003.0,6,280,10.5,69.1,10.5,69.5,10.6,68.5,10.6,68.0,10.7,67.1,10.9,66.3,11.2,65.4,-0.9848077530122081,0.17364817766692997
2018314N12093,2018,GAJA,2018-11-18 12:00:00,MX,10.6,68.5,30.0,1003.0,7,275,10.6,68.8,10.5,69.1,10.6,68.0,10.7,67.5,10.8,66.6,11.0,65.8,11.2,65.0,-0.9961946980917455,0.08715574274765789
2018347N07089,2018,PHETHAI,2018-12-13 06:00:00,TS,6.8,88.5,25.0,1003.0,4,325,6.7,88.6,6.5,88.7,7.0,88.4,7.2,88.3,7.5,88.0,7.9,87.6,8.2,87.4,-0.5735764363510465,0.8191520442889916
2018347N07089,2018,PHETHAI,2018-12-13 09:00:00,TS,7.0,88.4,25.0,1003.0,5,340,6.8,88.5,6.7,88.6,7.2,88.3,7.4,88.2,7.7,87.8,8.1,87.5,8.2,87.1,-0.3420201433256686,0.9396926207859084
2018347N07089,2018,PHETHAI,2018-12-13 12:00:00,TS,7.2,88.3,25.0,1003.0,3,340,7.0,88.4,6.8,88.5,7.4,88.2,7.5,88.0,7.9,87.6,8.2,87.4,8.3,86.8,-0.3420201433256686,0.9396926207859084
2018347N07089,2018,PHETHAI,2018-12-13 15:00:00,TS,7.4,88.2,28.0,1003.0,4,315,7.2,88.3,7.0,88.4,7.5,88.0,7.7,87.8,8.1,87.5,8.2,87.1,8.5,86.5,-0.7071067811865477,0.7071067811865474
2018347N07089,2018,PHETHAI,2018-12-13 18:00:00,TS,7.5,88.0,30.0,1002.0,5,310,7.4,88.2,7.2,88.3,7.7,87.8,7.9,87.6,8.2,87.4,8.3,86.8,8.7,86.3,-0.7660444431189781,0.6427876096865393
2018347N07089,2018,PHETHAI,2018-12-13 21:00:00,TS,7.7,87.8,30.0,1002.0,6,315,7.5,88.0,7.4,88.2,7.9,87.6,8.1,87.5,8.2,87.1,8.5,86.5,8.8,86.0,-0.7071067811865477,0.7071067811865474
2018347N07089,2018,PHETHAI,2018-12-14 00:00:00,TS,7.9,87.6,30.0,1002.0,6,315,7.7,87.8,7.5,88.0,8.1,87.5,8.2,87.4,8.3,86.8,8.7,86.3,9.0,85.7,-0.7071067811865477,0.7071067811865474
2018347N07089,2018,PHETHAI,2018-12-14 03:00:00,TS,8.1,87.5,30.0,1002.0,4,310,7.9,87.6,7.7,87.8,8.2,87.4,8.2,87.1,8.5,86.5,8.8,86.0,9.3,85.4,-0.7660444431189781,0.6427876096865393
2018347N07089,2018,PHETHAI,2018-12-14 06:00:00,TS,8.2,87.4,30.0,1002.0,4,285,8.1,87.5,7.9,87.6,8.2,87.1,8.3,86.8,8.7,86.3,9.0,85.7,9.5,85.3,-0.9659258262890684,0.2588190451025203
2018347N07089,2018,PHETHAI,2018-12-14 09:00:00,TS,8.2,87.1,30.0,1002.0,6,285,8.2,87.4,8.1,87.5,8.3,86.8,8.5,86.5,8.8,86.0,9.3,85.4,9.9,85.1,-0.9659258262890684,0.2588190451025203
2018347N07089,2018,PHETHAI,2018-12-14 12:00:00,TS,8.3,86.8,30.0,1002.0,6,295,8.2,87.1,8.2,87.4,8.5,86.5,8.7,86.3,9.0,85.7,9.5,85.3,10.2,84.9,-0.9063077870366499,0.4226182617406996
2018347N07089,2018,PHETHAI,2018-12-14 15:00:00,TS,8.5,86.5,30.0,1002.0,6,305,8.3,86.8,8.2,87.1,8.7,86.3,8.8,86.0,9.3,85.4,9.9,85.1,10.5,84.7,-0.8191520442889918,0.573576436351046
2018347N07089,2018,PHETHAI,2018-12-14 18:00:00,TS,8.7,86.3,30.0,1002.0,6,300,8.5,86.5,8.3,86.8,8.8,86.0,9.0,85.7,9.5,85.3,10.2,84.9,10.8,84.6,-0.8660254037844386,0.5000000000000001
2018347N07089,2018,PHETHAI,2018-12-14 21:00:00,TS,8.8,86.0,30.0,1002.0,6,305,8.7,86.3,8.5,86.5,9.0,85.7,9.3,85.4,9.9,85.1,10.5,84.7,11.0,84.4,-0.8191520442889918,0.573576436351046
2018347N07089,2018,PHETHAI,2018-12-15 00:00:00,TS,9.0,85.7,30.0,1002.0,7,310,8.8,86.0,8.7,86.3,9.3,85.4,9.5,85.3,10.2,84.9,10.8,84.6,11.3,84.3,-0.7660444431189781,0.6427876096865393
2018347N07089,2018,PHETHAI,2018-12-15 03:00:00,TS,9.3,85.4,30.0,1001.0,7,320,9.0,85.7,8.8,86.0,9.5,85.3,9.9,85.1,10.5,84.7,11.0,84.4,11.8,84.1,-0.6427876096865396,0.7660444431189778
2018347N07089,2018,PHETHAI,2018-12-15 06:00:00,TS,9.5,85.3,30.0,1001.0,7,330,9.3,85.4,9.0,85.7,9.9,85.1,10.2,84.9,10.8,84.6,11.3,84.3,12.3,83.9,-0.5000000000000004,0.8660254037844384
2018347N07089,2018,PHETHAI,2018-12-15 09:00:00,TS,9.9,85.1,33.0,1001.0,7,330,9.5,85.3,9.3,85.4,10.2,84.9,10.5,84.7,11.0,84.4,11.8,84.1,12.4,83.5,-0.5000000000000004,0.8660254037844384
2018347N07089,2018,PHETHAI,2018-12-15 12:00:00,TS,10.2,84.9,35.0,1000.0,8,330,9.9,85.1,9.5,85.3,10.5,84.7,10.8,84.6,11.3,84.3,12.3,83.9,13.4,83.1,-0.5000000000000004,0.8660254037844384
2018347N07089,2018,PHETHAI,2018-12-15 15:00:00,TS,10.5,84.7,35.0,1000.0,7,330,10.2,84.9,9.9,85.1,10.8,84.6,11.0,84.4,11.8,84.1,12.4,83.5,13.8,82.8,-0.5000000000000004,0.8660254037844384
2018347N07089,2018,PHETHAI,2018-12-15 18:00:00,TS,10.8,84.6,35.0,1000.0,6,335,10.5,84.7,10.2,84.9,11.0,84.4,11.3,84.3,12.3,83.9,13.4,83.1,14.1,82.7,-0.4226182617406992,0.90630778703665
2018347N07089,2018,PHETHAI,2018-12-15 21:00:00,TS,11.0,84.4,35.0,1000.0,6,335,10.8,84.6,10.5,84.7,11.3,84.3,11.8,84.1,12.4,83.5,13.8,82.8,14.5,82.4,-0.4226182617406992,0.90630778703665
2018347N07089,2018,PHETHAI,2018-12-16 00:00:00,TS,11.3,84.3,40.0,998.0,8,340,11.0,84.4,10.8,84.6,11.8,84.1,12.3,83.9,13.4,83.1,14.1,82.7,15.0,82.4,-0.3420201433256686,0.9396926207859084
2018347N07089,2018,PHETHAI,2018-12-16 03:00:00,TS,11.8,84.1,45.0,996.0,10,335,11.3,84.3,11.0,84.4,12.3,83.9,12.4,83.5,13.8,82.8,14.5,82.4,15.5,82.3,-0.4226182617406992,0.90630778703665
2018347N07089,2018,PHETHAI,2018-12-16 06:00:00,TS,12.3,83.9,45.0,996.0,8,320,11.8,84.1,11.3,84.3,12.4,83.5,13.4,83.1,14.1,82.7,15.0,82.4,16.0,82.3,-0.6427876096865396,0.7660444431189778
2018347N07089,2018,PHETHAI,2018-12-16 09:00:00,TS,12.4,83.5,50.0,994.0,14,325,12.3,83.9,11.8,84.1,13.4,83.1,13.8,82.8,14.5,82.4,15.5,82.3,16.5,82.3,-0.5735764363510465,0.8191520442889916
2018347N07089,2018,PHETHAI,2018-12-16 12:00:00,TS,13.4,83.1,55.0,992.0,15,330,12.4,83.5,12.3,83.9,13.8,82.8,14.1,82.7,15.0,82.4,16.0,82.3,16.8,82.5,-0.5000000000000004,0.8660254037844384
2018347N07089,2018,PHETHAI,2018-12-16 15:00:00,TS,13.8,82.8,55.0,992.0,8,330,13.4,83.1,12.4,83.5,14.1,82.7,14.5,82.4,15.5,82.3,16.5,82.3,17.4,82.6,-0.5000000000000004,0.8660254037844384
2018347N07089,2018,PHETHAI,2018-12-16 18:00:00,TS,14.1,82.7,55.0,992.0,8,335,13.8,82.8,13.4,83.1,14.5,82.4,15.0,82.4,16.0,82.3,16.8,82.5,17.8,82.8,-0.4226182617406992,0.90630778703665
2018365N08115,2018,PABUK,2018-12-30 18:00:00,DS,8.5,114.3,,,9,285,8.4,114.7,8.3,115.1,8.6,113.8,8.6,113.3,7.9,112.1,7.4,111.5,7.1,111.1,-0.9659258262890684,0.2588190451025203
2018365N08115,2018,PABUK,2018-12-30 21:00:00,DS,8.6,113.8,,,10,275,8.5,114.3,8.4,114.7,8.6,113.3,8.4,112.7,7.6,111.7,7.2,111.3,6.8,111.0,-0.9961946980917455,0.08715574274765789
2018365N08115,2018,PABUK,2018-12-31 00:00:00,DS,8.6,113.3,,,12,260,8.6,113.8,8.5,114.3,8.4,112.7,7.9,112.1,7.4,111.5,7.1,111.1,6.6,110.8,-0.984807753012208,-0.17364817766693033
2018365N08115,2018,PABUK,2018-12-31 03:00:00,DS,8.4,112.7,,,13,240,8.6,113.3,8.6,113.8,7.9,112.1,7.6,111.7,7.2,111.3,6.8,111.0,6.4,110.5,-0.8660254037844384,-0.5000000000000004
2018365N08115,2018,PABUK,2018-12-31 06:00:00,TS,7.9,112.1,,,12,235,8.4,112.7,8.6,113.3,7.6,111.7,7.4,111.5,7.1,111.1,6.6,110.8,6.2,110.2,-0.8191520442889916,-0.5735764363510464
2018365N08115,2018,PABUK,2018-12-31 09:00:00,TS,7.6,111.7,,,8,230,7.9,112.1,8.4,112.7,7.4,111.5,7.2,111.3,6.8,111.0,6.4,110.5,6.0,110.0,-0.7660444431189779,-0.6427876096865395
2018365N08115,2018,PABUK,2018-12-31 12:00:00,TS,7.4,111.5,,,6,230,7.6,111.7,7.9,112.1,7.2,111.3,7.1,111.1,6.6,110.8,6.2,110.2,5.9,109.8,-0.7660444431189779,-0.6427876096865395
2018365N08115,2018,PABUK,2018-12-31 15:00:00,TS,7.2,111.3,,,5,225,7.4,111.5,7.6,111.7,7.1,111.1,6.8,111.0,6.4,110.5,6.0,110.0,5.9,109.5,-0.7071067811865475,-0.7071067811865477
2018365N08115,2018,PABUK,2018-12-31 18:00:00,TS,7.1,111.1,,,5,215,7.2,111.3,7.4,111.5,6.8,111.0,6.6,110.8,6.2,110.2,5.9,109.8,5.8,109.3,-0.5735764363510462,-0.8191520442889918
2018365N08115,2018,PABUK,2018-12-31 21:00:00,TS,6.8,111.0,,,5,215,7.1,111.1,7.2,111.3,6.6,110.8,6.4,110.5,6.0,110.0,5.9,109.5,5.8,109.0,-0.5735764363510462,-0.8191520442889918
2018365N08115,2018,PABUK,2019-01-01 00:00:00,TS,6.6,110.8,,,6,225,6.8,111.0,7.1,111.1,6.4,110.5,6.2,110.2,5.9,109.8,5.8,109.3,5.9,108.6,-0.7071067811865475,-0.7071067811865477
2018365N08115,2018,PABUK,2019-01-01 03:00:00,TS,6.4,110.5,,,7,235,6.6,110.8,6.8,111.0,6.2,110.2,6.0,110.0,5.9,109.5,5.8,109.0,6.0,108.3,-0.8191520442889916,-0.5735764363510464
2018365N08115,2018,PABUK,2019-01-01 06:00:00,TS,6.2,110.2,,,6,235,6.4,110.5,6.6,110.8,6.0,110.0,5.9,109.8,5.8,109.3,5.9,108.6,6.1,107.9,-0.8191520442889916,-0.5735764363510464
2018365N08115,2018,PABUK,2019-01-01 09:00:00,TS,6.0,110.0,,,5,240,6.2,110.2,6.4,110.5,5.9,109.8,5.9,109.5,5.8,109.0,6.0,108.3,6.2,107.5,-0.8660254037844384,-0.5000000000000004
2018365N08115,2018,PABUK,2019-01-01 12:00:00,TS,5.9,109.8,,,5,250,6.0,110.0,6.2,110.2,5.9,109.5,5.8,109.3,5.9,108.6,6.1,107.9,6.2,107.0,-0.9396926207859084,-0.34202014332566855
2018365N08115,2018,PABUK,2019-01-01 15:00:00,TS,5.9,109.5,,,5,255,5.9,109.8,6.0,110.0,5.8,109.3,5.8,109.0,6.0,108.3,6.2,107.5,6.1,106.5,-0.9659258262890683,-0.25881904510252063
2018365N08115,2018,PABUK,2019-01-01 18:00:00,TS,5.8,109.3,,,6,270,5.9,109.5,5.9,109.8,5.8,109.0,5.9,108.6,6.1,107.9,6.2,107.0,6.1,105.9,-1.0,-1.8369701987210297e-16
2018365N08115,2018,PABUK,2019-01-01 21:00:00,TS,5.8,109.0,,,6,275,5.8,109.3,5.9,109.5,5.9,108.6,6.0,108.3,6.2,107.5,6.1,106.5,6.1,105.4,-0.9961946980917455,0.08715574274765789
2018365N08115,2018,PABUK,2019-01-02 00:00:00,TS,5.9,108.6,,,7,285,5.8,109.0,5.8,109.3,6.0,108.3,6.1,107.9,6.2,107.0,6.1,105.9,6.1,105.0,-0.9659258262890684,0.2588190451025203
2018365N08115,2018,PABUK,2019-01-02 03:00:00,TS,6.0,108.3,,,7,285,5.9,108.6,5.8,109.0,6.1,107.9,6.2,107.5,6.1,106.5,6.1,105.4,6.1,104.6,-0.9659258262890684,0.2588190451025203
2018365N08115,2018,PABUK,2019-01-02 06:00:00,TS,6.1,107.9,,,8,280,6.0,108.3,5.9,108.6,6.2,107.5,6.2,107.0,6.1,105.9,6.1,105.0,6.2,104.3,-0.9848077530122081,0.17364817766692997
2018365N08115,2018,PABUK,2019-01-02 09:00:00,TS,6.2,107.5,,,9,275,6.1,107.9,6.0,108.3,6.2,107.0,6.1,106.5,6.1,105.4,6.1,104.6,6.3,104.0,-0.9961946980917455,0.08715574274765789
2018365N08115,2018,PABUK,2019-01-02 12:00:00,TS,6.2,107.0,,,10,270,6.2,107.5,6.1,107.9,6.1,106.5,6.1,105.9,6.1,105.0,6.2,104.3,6.5,103.6,-1.0,-1.8369701987210297e-16
2018365N08115,2018,PABUK,2019-01-02 15:00:00,TS,6.1,106.5,,,11,265,6.2,107.0,6.2,107.5,6.1,105.9,6.1,105.4,6.1,104.6,6.3,104.0,6.8,103.2,-0.9961946980917455,-0.08715574274765825
2018365N08115,2018,PABUK,2019-01-02 18:00:00,TS,6.1,105.9,,,10,265,6.1,106.5,6.2,107.0,6.1,105.4,6.1,105.0,6.2,104.3,6.5,103.6,7.2,102.7,-0.9961946980917455,-0.08715574274765825
2018365N08115,2018,PABUK,2019-01-02 21:00:00,TS,6.1,105.4,,,9,270,6.1,105.9,6.1,106.5,6.1,105.0,6.1,104.6,6.3,104.0,6.8,103.2,7.6,102.2,-1.0,-1.8369701987210297e-16
2018365N08115,2018,PABUK,2019-01-03 00:00:00,TS,6.1,105.0,,,8,275,6.1,105.4,6.1,105.9,6.1,104.6,6.2,104.3,6.5,103.6,7.2,102.7,7.9,101.6,-0.9961946980917455,0.08715574274765789
2018365N08115,2018,PABUK,2019-01-03 03:00:00,TS,6.1,104.6,,,7,280,6.1,105.0,6.1,105.4,6.2,104.3,6.3,104.0,6.8,103.2,7.6,102.2,8.1,101.1,-0.9848077530122081,0.17364817766692997
2018365N08115,2018,PABUK,2019-01-03 06:00:00,TS,6.2,104.3,,,7,290,6.1,104.6,6.1,105.0,6.3,104.0,6.5,103.6,7.2,102.7,7.9,101.6,8.2,100.6,-0.9396926207859083,0.342020143325669
2018365N08115,2018,PABUK,2019-01-03 09:00:00,TS,6.3,104.0,,,8,295,6.2,104.3,6.1,104.6,6.5,103.6,6.8,103.2,7.6,102.2,8.1,101.1,8.3,100.2,-0.9063077870366499,0.4226182617406996
2018365N08115,2018,PABUK,2019-01-03 12:00:00,TS,6.5,103.6,,,9,305,6.3,104.0,6.2,104.3,6.8,103.2,7.2,102.7,7.9,101.6,8.2,100.6,8.3,99.8,-0.8191520442889918,0.573576436351046
2018365N08115,2018,PABUK,2019-01-03 15:00:00,TS,6.8,103.2,,,11,310,6.5,103.6,6.3,104.0,7.2,102.7,7.6,102.2,8.1,101.1,8.3,100.2,8.4,99.3,-0.7660444431189781,0.6427876096865393
2018365N08115,2018,PABUK,2019-01-03 18:00:00,TS,7.2,102.7,,,12,305,6.8,103.2,6.5,103.6,7.6,102.2,7.9,101.6,8.2,100.6,8.3,99.8,8.5,98.9,-0.8191520442889918,0.573576436351046
2018365N08115,2018,PABUK,2019-01-03 21:00:00,TS,7.6,102.2,,,13,300,7.2,102.7,6.8,103.2,7.9,101.6,8.1,101.1,8.3,100.2,8.4,99.3,8.7,98.7,-0.8660254037844386,0.5000000000000001
2018365N08115,2018,PABUK,2019-01-04 00:00:00,TS,7.9,101.6,,,12,295,7.6,102.2,7.2,102.7,8.1,101.1,8.2,100.6,8.3,99.8,8.5,98.9,8.8,98.5,-0.9063077870366499,0.4226182617406996
2018365N08115,2018,PABUK,2019-01-04 03:00:00,TS,8.1,101.1,,,10,290,7.9,101.6,7.6,102.2,8.2,100.6,8.3,100.2,8.4,99.3,8.7,98.7,9.1,98.2,-0.9396926207859083,0.342020143325669
2018365N08115,2018,PABUK,2019-01-04 06:00:00,TS,8.2,100.6,,,9,280,8.1,101.1,7.9,101.6,8.3,100.2,8.3,99.8,8.5,98.9,8.8,98.5,9.3,98.0,-0.9848077530122081,0.17364817766692997
2018365N08115,2018,PABUK,2019-01-04 09:00:00,TS,8.3,100.2,,,8,280,8.2,100.6,8.1,101.1,8.3,99.8,8.4,99.3,8.7,98.7,9.1,98.2,9.5,97.7,-0.9848077530122081,0.17364817766692997
2018365N08115,2018,PABUK,2019-01-04 12:00:00,TS,8.3,99.8,45.0,998.0,9,280,8.3,100.2,8.2,100.6,8.4,99.3,8.5,98.9,8.8,98.5,9.3,98.0,9.8,97.4,-0.9848077530122081,0.17364817766692997
2018365N08115,2018,PABUK,2019-01-04 15:00:00,TS,8.4,99.3,45.0,998.0,9,285,8.3,99.8,8.3,100.2,8.5,98.9,8.7,98.7,9.1,98.2,9.5,97.7,10.1,96.9,-0.9659258262890684,0.2588190451025203
2018365N08115,2018,PABUK,2019-01-04 18:00:00,TS,8.5,98.9,45.0,998.0,7,295,8.4,99.3,8.3,99.8,8.7,98.7,8.8,98.5,9.3,98.0,9.8,97.4,10.4,96.4,-0.9063077870366499,0.4226182617406996
2018365N08115,2018,PABUK,2019-01-04 21:00:00,TS,8.7,98.7,45.0,998.0,5,305,8.5,98.9,8.4,99.3,8.8,98.5,9.1,98.2,9.5,97.7,10.1,96.9,10.5,95.9,-0.8191520442889918,0.573576436351046
2018365N08115,2018,PABUK,2019-01-05 00:00:00,TS,8.8,98.5,40.0,1000.0,6,310,8.7,98.7,8.5,98.9,9.1,98.2,9.3,98.0,9.8,97.4,10.4,96.4,10.7,95.3,-0.7660444431189781,0.6427876096865393
2018365N08115,2018,PABUK,2019-01-05 03:00:00,TS,9.1,98.2,40.0,1000.0,7,310,8.8,98.5,8.7,98.7,9.3,98.0,9.5,97.7,10.1,96.9,10.5,95.9,10.8,94.4,-0.7660444431189781,0.6427876096865393
2018365N08115,2018,PABUK,2019-01-05 06:00:00,TS,9.3,98.0,40.0,1000.0,7,310,9.1,98.2,8.8,98.5,9.5,97.7,9.8,97.4,10.4,96.4,10.7,95.3,11.0,93.6,-0.7660444431189781,0.6427876096865393
2018365N08115,2018,PABUK,2019-01-05 09:00:00,TS,9.5,97.7,40.0,1000.0,8,310,9.3,98.0,9.1,98.2,9.8,97.4,10.1,96.9,10.5,95.9,10.8,94.4,11.1,92.9,-0.7660444431189781,0.6427876096865393
2018365N08115,2018,PABUK,2019-01-05 12:00:00,TS,9.8,97.4,40.0,1000.0,10,305,9.5,97.7,9.3,98.0,10.1,96.9,10.4,96.4,10.7,95.3,11.0,93.6,11.3,92.4,-0.8191520442889918,0.573576436351046
2018365N08115,2018,PABUK,2019-01-05 15:00:00,TS,10.1,96.9,40.0,1000.0,11,300,9.8,97.4,9.5,97.7,10.4,96.4,10.5,95.9,10.8,94.4,11.1,92.9,11.5,92.0,-0.8660254037844386,0.5000000000000001
2018365N08115,2018,PABUK,2019-01-05 18:00:00,TS,10.4,96.4,35.0,1001.0,11,295,10.1,96.9,9.8,97.4,10.5,95.9,10.7,95.3,11.0,93.6,11.3,92.4,11.7,91.7,-0.9063077870366499,0.4226182617406996
2018365N08115,2018,PABUK,2019-01-05 21:00:00,TS,10.5,95.9,35.0,1001.0,11,285,10.4,96.4,10.1,96.9,10.7,95.3,10.8,94.4,11.1,92.9,11.5,92.0,12.0,91.2,-0.9659258262890684,0.2588190451025203
2018365N08115,2018,PABUK,2019-01-06 00:00:00,TS,10.7,95.3,35.0,1001.0,15,280,10.5,95.9,10.4,96.4,10.8,94.4,11.0,93.6,11.3,92.4,11.7,91.7,12.3,91.0,-0.9848077530122081,0.17364817766692997
2018365N08115,2018,PABUK,2019-01-06 03:00:00,TS,10.8,94.4,35.0,1001.0,17,280,10.7,95.3,10.5,95.9,11.0,93.6,11.1,92.9,11.5,92.0,12.0,91.2,12.5,91.1,-0.9848077530122081,0.17364817766692997
2018365N08115,2018,PABUK,2019-01-06 06:00:00,TS,11.0,93.6,30.0,1002.0,15,280,10.8,94.4,10.7,95.3,11.1,92.9,11.3,92.4,11.7,91.7,12.3,91.0,12.6,91.4,-0.9848077530122081,0.17364817766692997
2018365N08115,2018,PABUK,2019-01-06 09:00:00,TS,11.1,92.9,30.0,1003.0,11,285,11.0,93.6,10.8,94.4,11.3,92.4,11.5,92.0,12.0,91.2,12.5,91.1,12.9,92.0,-0.9659258262890684,0.2588190451025203
2018365N08115,2018,PABUK,2019-01-06 12:00:00,MX,11.3,92.4,30.0,1003.0,10,290,11.1,92.9,11.0,93.6,11.5,92.0,11.7,91.7,12.3,91.0,12.6,91.4,13.1,92.0,-0.9396926207859083,0.342020143325669
2018365N08115,2018,PABUK,2019-01-06 15:00:00,MX,11.5,92.0,30.0,1003.0,9,300,11.3,92.4,11.1,92.9,11.7,91.7,12.0,91.2,12.5,91.1,12.9,92.0,13.1,92.0,-0.8660254037844386,0.5000000000000001
2018365N08115,2018,PABUK,2019-01-06 18:00:00,MX,11.7,91.7,30.0,1003.0,10,305,11.5,92.0,11.3,92.4,12.0,91.2,12.3,91.0,12.6,91.4,13.1,92.0,13.1,92.0,-0.8191520442889918,0.573576436351046
2019116N02090,2019,FANI,2019-04-26 00:00:00,TS,2.2,90.0,,,4,310,2.1,90.1,1.9,90.2,2.3,89.8,2.5,89.7,3.2,89.8,3.8,89.5,4.6,89.4,-0.7660444431189781,0.6427876096865393
2019116N02090,2019,FANI,2019-04-26 03:00:00,TS,2.3,89.8,,,4,315,2.2,90.0,2.1,90.1,2.5,89.7,2.8,89.8,3.5,89.7,4.2,89.4,4.9,89.4,-0.7071067811865477,0.7071067811865474
2019116N02090,2019,FANI,2019-04-26 06:00:00,TS,2.5,89.7,,,5,355,2.3,89.8,2.2,90.0,2.8,89.8,3.2,89.8,3.8,89.5,4.6,89.4,5.1,89.4,-0.08715574274765832,0.9961946980917455
2019116N02090,2019,FANI,2019-04-26 09:00:00,TS,2.8,89.8,,,7,5,2.5,89.7,2.3,89.8,3.2,89.8,3.5,89.7,4.2,89.4,4.9,89.4,5.5,89.3,0.08715574274765817,0.9961946980917455
2019116N02090,2019,FANI,2019-04-26 12:00:00,TS,3.2,89.8,25.0,998.0,7,350,2.8,89.8,2.5,89.7,3.5,89.7,3.8,89.5,4.6,89.4,5.1,89.4,6.0,89.2,-0.1736481776669304,0.984807753012208
2019116N02090,2019,FANI,2019-04-26 15:00:00,TS,3.5,89.7,25.0,998.0,7,340,3.2,89.8,2.8,89.8,3.8,89.5,4.2,89.4,4.9,89.4,5.5,89.3,6.4,88.9,-0.3420201433256686,0.9396926207859084
2019116N02090,2019,FANI,2019-04-26 18:00:00,TS,3.8,89.5,25.0,998.0,7,340,3.5,89.7,3.2,89.8,4.2,89.4,4.6,89.4,5.1,89.4,6.0,89.2,6.6,88.5,-0.3420201433256686,0.9396926207859084
2019116N02090,2019,FANI,2019-04-26 21:00:00,TS,4.2,89.4,28.0,998.0,8,350,3.8,89.5,3.5,89.7,4.6,89.4,4.9,89.4,5.5,89.3,6.4,88.9,6.8,88.2,-0.1736481776669304,0.984807753012208
2019116N02090,2019,FANI,2019-04-27 00:00:00,TS,4.6,89.4,30.0,997.0,7,0,4.2,89.4,3.8,89.5,4.9,89.4,5.1,89.4,6.0,89.2,6.6,88.5,7.1,88.1,0.0,1.0
2019116N02090,2019,FANI,2019-04-27 03:00:00,TS,4.9,89.4,30.0,996.0,6,0,4.6,89.4,4.2,89.4,5.1,89.4,5.5,89.3,6.4,88.9,6.8,88.2,7.2,88.1,0.0,1.0
2019116N02090,2019,FANI,2019-04-27 06:00:00,TS,5.1,89.4,35.0,995.0,6,355,4.9,89.4,4.6,89.4,5.5,89.3,6.0,89.2,6.6,88.5,7.1,88.1,7.4,88.1,-0.08715574274765832,0.9961946980917455
2019116N02090,2019,FANI,2019-04-27 09:00:00,TS,5.5,89.3,40.0,994.0,9,345,5.1,89.4,4.9,89.4,6.0,89.2,6.4,88.9,6.8,88.2,7.2,88.1,7.6,87.9,-0.2588190451025207,0.9659258262890683
2019116N02090,2019,FANI,2019-04-27 12:00:00,TS,6.0,89.2,45.0,992.0,10,335,5.5,89.3,5.1,89.4,6.4,88.9,6.6,88.5,7.1,88.1,7.4,88.1,8.0,87.6,-0.4226182617406992,0.90630778703665
2019116N02090,2019,FANI,2019-04-27 15:00:00,TS,6.4,88.9,45.0,992.0,10,310,6.0,89.2,5.5,89.3,6.6,88.5,6.8,88.2,7.2,88.1,7.6,87.9,8.1,87.5,-0.7660444431189781,0.6427876096865393
2019116N02090,2019,FANI,2019-04-27 18:00:00,TS,6.6,88.5,45.0,992.0,9,305,6.4,88.9,6.0,89.2,6.8,88.2,7.1,88.1,7.4,88.1,8.0,87.6,8.2,87.5,-0.8191520442889918,0.573576436351046
2019116N02090,2019,FANI,2019-04-27 21:00:00,TS,6.8,88.2,45.0,992.0,6,325,6.6,88.5,6.4,88.9,7.1,88.1,7.2,88.1,7.6,87.9,8.1,87.5,8.4,87.4,-0.5735764363510465,0.8191520442889916
2019116N02090,2019,FANI,2019-04-28 00:00:00,TS,7.1,88.1,45.0,992.0,4,350,6.8,88.2,6.6,88.5,7.2,88.1,7.4,88.1,8.0,87.6,8.2,87.5,8.6,87.4,-0.1736481776669304,0.984807753012208
2019116N02090,2019,FANI,2019-04-28 03:00:00,TS,7.2,88.1,45.0,992.0,3,345,7.1,88.1,6.8,88.2,7.4,88.1,7.6,87.9,8.1,87.5,8.4,87.4,8.8,87.2,-0.2588190451025207,0.9659258262890683
2019116N02090,2019,FANI,2019-04-28 06:00:00,TS,7.4,88.1,45.0,992.0,5,335,7.2,88.1,7.1,88.1,7.6,87.9,8.0,87.6,8.2,87.5,8.6,87.4,9.3,87.2,-0.4226182617406992,0.90630778703665
2019116N02090,2019,FANI,2019-04-28 09:00:00,TS,7.6,87.9,45.0,992.0,8,325,7.4,88.1,7.2,88.1,8.0,87.6,8.1,87.5,8.4,87.4,8.8,87.2,9.8,87.1,-0.5735764363510465,0.8191520442889916
2019116N02090,2019,FANI,2019-04-28 12:00:00,TS,8.0,87.6,45.0,992.0,6,320,7.6,87.9,7.4,88.1,8.1,87.5,8.2,87.5,8.6,87.4,9.3,87.2,10.2,87.1,-0.6427876096865396,0.7660444431189778
2019116N02090,2019,FANI,2019-04-28 15:00:00,TS,8.1,87.5,45.0,992.0,3,330,8.0,87.6,7.6,87.9,8.2,87.5,8.4,87.4,8.8,87.2,9.8,87.1,10.5,86.9,-0.5000000000000004,0.8660254037844384
2019116N02090,2019,FANI,2019-04-28 18:00:00,TS,8.2,87.5,45.0,992.0,3,345,8.1,87.5,8.0,87.6,8.4,87.4,8.6,87.4,9.3,87.2,10.2,87.1,10.9,86.8,-0.2588190451025207,0.9659258262890683
2019116N02090,2019,FANI,2019-04-28 21:00:00,TS,8.4,87.4,45.0,992.0,4,345,8.2,87.5,8.1,87.5,8.6,87.4,8.8,87.2,9.8,87.1,10.5,86.9,11.3,86.6,-0.2588190451025207,0.9659258262890683
2019116N02090,2019,FANI,2019-04-29 00:00:00,TS,8.6,87.4,45.0,992.0,5,340,8.4,87.4,8.2,87.5,8.8,87.2,9.3,87.2,10.2,87.1,10.9,86.8,11.8,86.5,-0.3420201433256686,0.9396926207859084
2019116N02090,2019,FANI,2019-04-29 03:00:00,TS,8.8,87.2,45.0,992.0,7,345,8.6,87.4,8.4,87.4,9.3,87.2,9.8,87.1,10.5,86.9,11.3,86.6,12.3,86.2,-0.2588190451025207,0.9659258262890683
2019116N02090,2019,FANI,2019-04-29 06:00:00,TS,9.3,87.2,45.0,992.0,10,350,8.8,87.2,8.6,87.4,9.8,87.1,10.2,87.1,10.9,86.8,11.8,86.5,12.7,85.8,-0.1736481776669304,0.984807753012208
2019116N02090,2019,FANI,2019-04-29 09:00:00,TS,9.8,87.1,45.0,992.0,9,355,9.3,87.2,8.8,87.2,10.2,87.1,10.5,86.9,11.3,86.6,12.3,86.2,13.0,85.3,-0.08715574274765832,0.9961946980917455
2019116N02090,2019,FANI,2019-04-29 12:00:00,TS,10.2,87.1,55.0,986.0,8,350,9.8,87.1,9.3,87.2,10.5,86.9,10.9,86.8,11.8,86.5,12.7,85.8,13.3,84.8,-0.1736481776669304,0.984807753012208
2019116N02090,2019,FANI,2019-04-29 15:00:00,TS,10.5,86.9,55.0,986.0,8,335,10.2,87.1,9.8,87.1,10.9,86.8,11.3,86.6,12.3,86.2,13.0,85.3,13.4,84.6,-0.4226182617406992,0.90630778703665
2019116N02090,2019,FANI,2019-04-29 18:00:00,TS,10.9,86.8,55.0,986.0,8,335,10.5,86.9,10.2,87.1,11.3,86.6,11.8,86.5,12.7,85.8,13.3,84.8,13.5,84.4,-0.4226182617406992,0.90630778703665
2019116N02090,2019,FANI,2019-04-29 21:00:00,TS,11.3,86.6,65.0,982.0,9,345,10.9,86.8,10.5,86.9,11.8,86.5,12.3,86.2,13.0,85.3,13.4,84.6,13.6,84.2,-0.2588190451025207,0.9659258262890683
2019116N02090,2019,FANI,2019-04-30 00:00:00,TS,11.8,86.5,70.0,980.0,12,340,11.3,86.6,10.9,86.8,12.3,86.2,12.7,85.8,13.3,84.8,13.5,84.4,13.9,84.1,-0.3420201433256686,0.9396926207859084
2019116N02090,2019,FANI,2019-04-30 03:00:00,TS,12.3,86.2,75.0,974.0,12,320,11.8,86.5,11.3,86.6,12.7,85.8,13.0,85.3,13.4,84.6,13.6,84.2,14.1,84.0,-0.6427876096865396,0.7660444431189778
2019116N02090,2019,FANI,2019-04-30 06:00:00,TS,12.7,85.8,80.0,970.0,11,310,12.3,86.2,11.8,86.5,13.0,85.3,13.3,84.8,13.5,84.4,13.9,84.1,14.2,84.0,-0.7660444431189781,0.6427876096865393
2019116N02090,2019,FANI,2019-04-30 09:00:00,TS,13.0,85.3,85.0,966.0,11,300,12.7,85.8,12.3,86.2,13.3,84.8,13.4,84.6,13.6,84.2,14.1,84.0,14.5,84.1,-0.8660254037844386,0.5000000000000001
2019116N02090,2019,FANI,2019-04-30 12:00:00,TS,13.3,84.8,90.0,962.0,8,295,13.0,85.3,12.7,85.8,13.4,84.6,13.5,84.4,13.9,84.1,14.2,84.0,14.9,84.1,-0.9063077870366499,0.4226182617406996
2019116N02090,2019,FANI,2019-04-30 15:00:00,TS,13.4,84.6,95.0,957.0,5,305,13.3,84.8,13.0,85.3,13.5,84.4,13.6,84.2,14.1,84.0,14.5,84.1,15.0,84.2,-0.8191520442889918,0.573576436351046
2019116N02090,2019,FANI,2019-04-30 18:00:00,TS,13.5,84.4,95.0,957.0,4,310,13.4,84.6,13.3,84.8,13.6,84.2,13.9,84.1,14.2,84.0,14.9,84.1,15.2,84.2,-0.7660444431189781,0.6427876096865393
2019116N02090,2019,FANI,2019-04-30 21:00:00,TS,13.6,84.2,95.0,957.0,5,320,13.5,84.4,13.4,84.6,13.9,84.1,14.1,84.0,14.5,84.1,15.0,84.2,15.5,84.3,-0.6427876096865396,0.7660444431189778
2019116N02090,2019,FANI,2019-05-01 00:00:00,TS,13.9,84.1,95.0,957.0,5,335,13.6,84.2,13.5,84.4,14.1,84.0,14.2,84.0,14.9,84.1,15.2,84.2,15.9,84.6,-0.4226182617406992,0.90630778703665
2019116N02090,2019,FANI,2019-05-01 03:00:00,TS,14.1,84.0,95.0,957.0,3,350,13.9,84.1,13.6,84.2,14.2,84.0,14.5,84.1,15.0,84.2,15.5,84.3,16.2,84.7,-0.1736481776669304,0.984807753012208
2019116N02090,2019,FANI,2019-05-01 06:00:00,TS,14.2,84.0,95.0,957.0,5,15,14.1,84.0,13.9,84.1,14.5,84.1,14.9,84.1,15.2,84.2,15.9,84.6,16.8,84.8,0.25881904510252074,0.9659258262890683
2019116N02090,2019,FANI,2019-05-01 09:00:00,TS,14.5,84.1,95.0,955.0,7,10,14.2,84.0,14.1,84.0,14.9,84.1,15.0,84.2,15.5,84.3,16.2,84.7,17.2,84.8,0.17364817766693033,0.984807753012208
2019116N02090,2019,FANI,2019-05-01 12:00:00,TS,14.9,84.1,100.0,950.0,6,5,14.5,84.1,14.2,84.0,15.0,84.2,15.2,84.2,15.9,84.6,16.8,84.8,17.6,84.8,0.08715574274765817,0.9961946980917455
2019116N02090,2019,FANI,2019-05-01 15:00:00,TS,15.0,84.2,100.0,950.0,4,5,14.9,84.1,14.5,84.1,15.2,84.2,15.5,84.3,16.2,84.7,17.2,84.8,17.9,84.9,0.08715574274765817,0.9961946980917455
2019116N02090,2019,FANI,2019-05-01 18:00:00,TS,15.2,84.2,100.0,950.0,5,20,15.0,84.2,14.9,84.1,15.5,84.3,15.9,84.6,16.8,84.8,17.6,84.8,18.3,85.0,0.3420201433256687,0.9396926207859084
2019116N02090,2019,FANI,2019-05-01 21:00:00,TS,15.5,84.3,100.0,950.0,7,25,15.2,84.2,15.0,84.2,15.9,84.6,16.2,84.7,17.2,84.8,17.9,84.9,18.6,85.2,0.42261826174069944,0.9063077870366499
2019116N02090,2019,FANI,2019-05-02 00:00:00,TS,15.9,84.6,105.0,945.0,8,25,15.5,84.3,15.2,84.2,16.2,84.7,16.8,84.8,17.6,84.8,18.3,85.0,19.1,85.5,0.42261826174069944,0.9063077870366499
2019116N02090,2019,FANI,2019-05-02 03:00:00,TS,16.2,84.7,105.0,945.0,9,15,15.9,84.6,15.5,84.3,16.8,84.8,17.2,84.8,17.9,84.9,18.6,85.2,19.6,85.7,0.25881904510252074,0.9659258262890683
2019116N02090,2019,FANI,2019-05-02 06:00:00,TS,16.8,84.8,110.0,940.0,9,10,16.2,84.7,15.9,84.6,17.2,84.8,17.6,84.8,18.3,85.0,19.1,85.5,20.2,85.9,0.17364817766693033,0.984807753012208
2019116N02090,2019,FANI,2019-05-02 09:00:00,TS,17.2,84.8,115.0,932.0,8,0,16.8,84.8,16.2,84.7,17.6,84.8,17.9,84.9,18.6,85.2,19.6,85.7,20.7,86.1,0.0,1.0
2019116N02090,2019,FANI,2019-05-02 12:00:00,TS,17.6,84.8,115.0,932.0,7,5,17.2,84.8,16.8,84.8,17.9,84.9,18.3,85.0,19.1,85.5,20.2,85.9,21.2,86.5,0.08715574274765817,0.9961946980917455
2019116N02090,2019,FANI,2019-05-02 15:00:00,TS,17.9,84.9,115.0,934.0,7,15,17.6,84.8,17.2,84.8,18.3,85.0,18.6,85.2,19.6,85.7,20.7,86.1,21.6,86.9,0.25881904510252074,0.9659258262890683
2019116N02090,2019,FANI,2019-05-02 18:00:00,TS,18.3,85.0,115.0,934.0,8,25,17.9,84.9,17.6,84.8,18.6,85.2,19.1,85.5,20.2,85.9,21.2,86.5,22.1,87.4,0.42261826174069944,0.9063077870366499
2019116N02090,2019,FANI,2019-05-02 21:00:00,TS,18.6,85.2,115.0,934.0,10,30,18.3,85.0,17.9,84.9,19.1,85.5,19.6,85.7,20.7,86.1,21.6,86.9,22.6,88.1,0.49999999999999994,0.8660254037844387
2019116N02090,2019,FANI,2019-05-03 00:00:00,TS,19.1,85.5,105.0,945.0,11,25,18.6,85.2,18.3,85.0,19.6,85.7,20.2,85.9,21.2,86.5,22.1,87.4,23.2,88.5,0.42261826174069944,0.9063077870366499
2019116N02090,2019,FANI,2019-05-03 03:00:00,TS,19.6,85.7,100.0,952.0,12,20,19.1,85.5,18.6,85.2,20.2,85.9,20.7,86.1,21.6,86.9,22.6,88.1,23.7,89.0,0.3420201433256687,0.9396926207859084
2019116N02090,2019,FANI,2019-05-03 06:00:00,TS,20.2,85.9,85.0,966.0,11,20,19.6,85.7,19.1,85.5,20.7,86.1,21.2,86.5,22.1,87.4,23.2,88.5,24.4,89.5,0.3420201433256687,0.9396926207859084
2019116N02090,2019,FANI,2019-05-03 09:00:00,TS,20.7,86.1,75.0,970.0,12,30,20.2,85.9,19.6,85.7,21.2,86.5,21.6,86.9,22.6,88.1,23.7,89.0,24.8,89.9,0.49999999999999994,0.8660254037844387
2019116N02090,2019,FANI,2019-05-03 12:00:00,TS,21.2,86.5,70.0,976.0,12,40,20.7,86.1,20.2,85.9,21.6,86.9,22.1,87.4,23.2,88.5,24.4,89.5,25.2,90.7,0.6427876096865393,0.766044443118978
2019160N11073,2019,VAYU,2019-06-09 00:00:00,DS,10.1,71.9,,,7,265,10.2,72.3,10.5,72.7,10.2,71.6,10.4,71.4,10.9,71.1,11.5,71.2,12.0,71.0,-0.9961946980917455,-0.08715574274765825
2019160N11073,2019,VAYU,2019-06-09 03:00:00,DS,10.2,71.6,,,6,300,10.1,71.9,10.2,72.3,10.4,71.4,10.6,71.2,11.2,71.1,11.8,71.1,12.4,70.9,-0.8660254037844386,0.5000000000000001
2019160N11073,2019,VAYU,2019-06-09 06:00:00,DS,10.4,71.4,,,6,320,10.2,71.6,10.1,71.9,10.6,71.2,10.9,71.1,11.5,71.2,12.0,71.0,12.6,70.8,-0.6427876096865396,0.7660444431189778
2019160N11073,2019,VAYU,2019-06-09 09:00:00,DS,10.6,71.2,,,6,330,10.4,71.4,10.2,71.6,10.9,71.1,11.2,71.1,11.8,71.1,12.4,70.9,12.9,70.8,-0.5000000000000004,0.8660254037844384
2019160N11073,2019,VAYU,2019-06-09 12:00:00,TS,10.9,71.1,,,6,355,10.6,71.2,10.4,71.4,11.2,71.1,11.5,71.2,12.0,71.0,12.6,70.8,13.3,70.7,-0.08715574274765832,0.9961946980917455
2019160N11073,2019,VAYU,2019-06-09 15:00:00,TS,11.2,71.1,,,6,10,10.9,71.1,10.6,71.2,11.5,71.2,11.8,71.1,12.4,70.9,12.9,70.8,13.6,70.6,0.17364817766693033,0.984807753012208
2019160N11073,2019,VAYU,2019-06-09 18:00:00,TS,11.5,71.2,,,6,360,11.2,71.1,10.9,71.1,11.8,71.1,12.0,71.0,12.6,70.8,13.3,70.7,13.9,70.6,-2.4492935982947064e-16,1.0
2019160N11073,2019,VAYU,2019-06-09 21:00:00,TS,11.8,71.1,,,6,340,11.5,71.2,11.2,71.1,12.0,71.0,12.4,70.9,12.9,70.8,13.6,70.6,14.2,70.6,-0.3420201433256686,0.9396926207859084
2019160N11073,2019,VAYU,2019-06-10 00:00:00,TS,12.0,71.0,25.0,998.0,7,345,11.8,71.1,11.5,71.2,12.4,70.9,12.6,70.8,13.3,70.7,13.9,70.6,14.6,70.7,-0.2588190451025207,0.9659258262890683
2019160N11073,2019,VAYU,2019-06-10 03:00:00,TS,12.4,70.9,25.0,998.0,6,345,12.0,71.0,11.8,71.1,12.6,70.8,12.9,70.8,13.6,70.6,14.2,70.6,14.9,70.7,-0.2588190451025207,0.9659258262890683
2019160N11073,2019,VAYU,2019-06-10 06:00:00,TS,12.6,70.8,30.0,997.0,5,340,12.4,70.9,12.0,71.0,12.9,70.8,13.3,70.7,13.9,70.6,14.6,70.7,15.2,70.8,-0.3420201433256686,0.9396926207859084
2019160N11073,2019,VAYU,2019-06-10 09:00:00,TS,12.9,70.8,30.0,997.0,7,350,12.6,70.8,12.4,70.9,13.3,70.7,13.6,70.6,14.2,70.6,14.9,70.7,15.6,70.8,-0.1736481776669304,0.984807753012208
2019160N11073,2019,VAYU,2019-06-10 12:00:00,TS,13.3,70.7,30.0,996.0,7,345,12.9,70.8,12.6,70.8,13.6,70.6,13.9,70.6,14.6,70.7,15.2,70.8,16.1,70.8,-0.2588190451025207,0.9659258262890683
2019160N11073,2019,VAYU,2019-06-10 15:00:00,TS,13.6,70.6,33.0,996.0,6,345,13.3,70.7,12.9,70.8,13.9,70.6,14.2,70.6,14.9,70.7,15.6,70.8,16.6,70.7,-0.2588190451025207,0.9659258262890683
2019160N11073,2019,VAYU,2019-06-10 18:00:00,TS,13.9,70.6,35.0,995.0,6,0,13.6,70.6,13.3,70.7,14.2,70.6,14.6,70.7,15.2,70.8,16.1,70.8,17.0,70.6,0.0,1.0
2019160N11073,2019,VAYU,2019-06-10 21:00:00,TS,14.2,70.6,35.0,994.0,7,10,13.9,70.6,13.6,70.6,14.6,70.7,14.9,70.7,15.6,70.8,16.6,70.7,17.4,70.5,0.17364817766693033,0.984807753012208
2019160N11073,2019,VAYU,2019-06-11 00:00:00,TS,14.6,70.7,40.0,993.0,7,10,14.2,70.6,13.9,70.6,14.9,70.7,15.2,70.8,16.1,70.8,17.0,70.6,17.7,70.3,0.17364817766693033,0.984807753012208
2019160N11073,2019,VAYU,2019-06-11 03:00:00,TS,14.9,70.7,40.0,992.0,6,5,14.6,70.7,14.2,70.6,15.2,70.8,15.6,70.8,16.6,70.7,17.4,70.5,18.0,70.2,0.08715574274765817,0.9961946980917455
2019160N11073,2019,VAYU,2019-06-11 06:00:00,TS,15.2,70.8,45.0,990.0,7,0,14.9,70.7,14.6,70.7,15.6,70.8,16.1,70.8,17.0,70.6,17.7,70.3,18.4,70.0,0.0,1.0
2019160N11073,2019,VAYU,2019-06-11 09:00:00,TS,15.6,70.8,45.0,988.0,9,0,15.2,70.8,14.9,70.7,16.1,70.8,16.6,70.7,17.4,70.5,18.0,70.2,18.8,69.9,0.0,1.0
2019160N11073,2019,VAYU,2019-06-11 12:00:00,TS,16.1,70.8,55.0,986.0,9,355,15.6,70.8,15.2,70.8,16.6,70.7,17.0,70.6,17.7,70.3,18.4,70.0,19.1,69.9,-0.08715574274765832,0.9961946980917455
2019160N11073,2019,VAYU,2019-06-11 15:00:00,TS,16.6,70.7,60.0,983.0,10,350,16.1,70.8,15.6,70.8,17.0,70.6,17.4,70.5,18.0,70.2,18.8,69.9,19.4,69.8,-0.1736481776669304,0.984807753012208
2019160N11073,2019,VAYU,2019-06-11 18:00:00,TS,17.0,70.6,65.0,980.0,8,345,16.6,70.7,16.1,70.8,17.4,70.5,17.7,70.3,18.4,70.0,19.1,69.9,19.7,69.7,-0.2588190451025207,0.9659258262890683
2019160N11073,2019,VAYU,2019-06-11 21:00:00,TS,17.4,70.5,70.0,977.0,8,340,17.0,70.6,16.6,70.7,17.7,70.3,18.0,70.2,18.8,69.9,19.4,69.8,19.9,69.6,-0.3420201433256686,0.9396926207859084
2019160N11073,2019,VAYU,2019-06-12 00:00:00,TS,17.7,70.3,75.0,975.0,7,335,17.4,70.5,17.0,70.6,18.0,70.2,18.4,70.0,19.1,69.9,19.7,69.7,20.1,69.6,-0.4226182617406992,0.90630778703665
2019160N11073,2019,VAYU,2019-06-12 03:00:00,TS,18.0,70.2,75.0,973.0,8,340,17.7,70.3,17.4,70.5,18.4,70.0,18.8,69.9,19.4,69.8,19.9,69.6,20.3,69.5,-0.3420201433256686,0.9396926207859084
2019160N11073,2019,VAYU,2019-06-12 06:00:00,TS,18.4,70.0,75.0,971.0,8,340,18.0,70.2,17.7,70.3,18.8,69.9,19.1,69.9,19.7,69.7,20.1,69.6,20.5,69.4,-0.3420201433256686,0.9396926207859084
2019160N11073,2019,VAYU,2019-06-12 09:00:00,TS,18.8,69.9,80.0,970.0,7,350,18.4,70.0,18.0,70.2,19.1,69.9,19.4,69.8,19.9,69.6,20.3,69.5,20.7,69.2,-0.1736481776669304,0.984807753012208
2019160N11073,2019,VAYU,2019-06-12 12:00:00,TS,19.1,69.9,80.0,970.0,7,350,18.8,69.9,18.4,70.0,19.4,69.8,19.7,69.7,20.1,69.6,20.5,69.4,20.8,69.1,-0.1736481776669304,0.984807753012208
2019160N11073,2019,VAYU,2019-06-12 15:00:00,TS,19.4,69.8,80.0,970.0,6,345,19.1,69.9,18.8,69.9,19.7,69.7,19.9,69.6,20.3,69.5,20.7,69.2,20.9,68.9,-0.2588190451025207,0.9659258262890683
2019160N11073,2019,VAYU,2019-06-12 18:00:00,TS,19.7,69.7,80.0,970.0,5,345,19.4,69.8,19.1,69.9,19.9,69.6,20.1,69.6,20.5,69.4,20.8,69.1,20.9,68.9,-0.2588190451025207,0.9659258262890683
2019160N11073,2019,VAYU,2019-06-12 21:00:00,TS,19.9,69.6,80.0,970.0,5,345,19.7,69.7,19.4,69.8,20.1,69.6,20.3,69.5,20.7,69.2,20.9,68.9,20.9,68.7,-0.2588190451025207,0.9659258262890683
2019160N11073,2019,VAYU,2019-06-13 00:00:00,TS,20.1,69.6,80.0,970.0,5,340,19.9,69.6,19.7,69.7,20.3,69.5,20.5,69.4,20.8,69.1,20.9,68.9,21.0,68.6,-0.3420201433256686,0.9396926207859084
2019160N11073,2019,VAYU,2019-06-13 03:00:00,TS,20.3,69.5,80.0,970.0,4,330,20.1,69.6,19.9,69.6,20.5,69.4,20.7,69.2,20.9,68.9,20.9,68.7,21.0,68.4,-0.5000000000000004,0.8660254037844384
2019160N11073,2019,VAYU,2019-06-13 06:00:00,TS,20.5,69.4,80.0,970.0,4,325,20.3,69.5,20.1,69.6,20.7,69.2,20.8,69.1,20.9,68.9,21.0,68.6,21.0,68.4,-0.5735764363510465,0.8191520442889916
2019160N11073,2019,VAYU,2019-06-13 09:00:00,TS,20.7,69.2,80.0,970.0,5,320,20.5,69.4,20.3,69.5,20.8,69.1,20.9,68.9,20.9,68.7,21.0,68.4,20.9,68.3,-0.6427876096865396,0.7660444431189778
2019160N11073,2019,VAYU,2019-06-13 12:00:00,TS,20.8,69.1,80.0,970.0,3,305,20.7,69.2,20.5,69.4,20.9,68.9,20.9,68.9,21.0,68.6,21.0,68.4,20.8,68.2,-0.8191520442889918,0.573576436351046
2019160N11073,2019,VAYU,2019-06-13 15:00:00,TS,20.9,68.9,80.0,970.0,2,285,20.8,69.1,20.7,69.2,20.9,68.9,20.9,68.7,21.0,68.4,20.9,68.3,20.8,68.1,-0.9659258262890684,0.2588190451025203
2019160N11073,2019,VAYU,2019-06-13 18:00:00,TS,20.9,68.9,80.0,970.0,2,285,20.9,68.9,20.8,69.1,20.9,68.7,21.0,68.6,21.0,68.4,20.8,68.2,20.8,67.9,-0.9659258262890684,0.2588190451025203
2019160N11073,2019,VAYU,2019-06-13 21:00:00,TS,20.9,68.7,80.0,970.0,3,290,20.9,68.9,20.9,68.9,21.0,68.6,21.0,68.4,20.9,68.3,20.8,68.1,20.7,67.7,-0.9396926207859083,0.342020143325669
2019160N11073,2019,VAYU,2019-06-14 00:00:00,TS,21.0,68.6,80.0,970.0,2,280,20.9,68.7,20.9,68.9,21.0,68.4,21.0,68.4,20.8,68.2,20.8,67.9,20.7,67.5,-0.9848077530122081,0.17364817766692997
2019160N11073,2019,VAYU,2019-06-14 03:00:00,TS,21.0,68.4,75.0,973.0,2,255,21.0,68.6,20.9,68.7,21.0,68.4,20.9,68.3,20.8,68.1,20.7,67.7,20.6,67.3,-0.9659258262890683,-0.25881904510252063
2019160N11073,2019,VAYU,2019-06-14 06:00:00,TS,21.0,68.4,75.0,973.0,2,230,21.0,68.4,21.0,68.6,20.9,68.3,20.8,68.2,20.8,67.9,20.7,67.5,20.6,66.9,-0.7660444431189779,-0.6427876096865395
2019160N11073,2019,VAYU,2019-06-14 09:00:00,TS,20.9,68.3,75.0,973.0,2,225,21.0,68.4,21.0,68.4,20.8,68.2,20.8,68.1,20.7,67.7,20.6,67.3,20.6,66.7,-0.7071067811865475,-0.7071067811865477
2019160N11073,2019,VAYU,2019-06-14 12:00:00,TS,20.8,68.2,70.0,976.0,2,245,20.9,68.3,21.0,68.4,20.8,68.1,20.8,67.9,20.7,67.5,20.6,66.9,20.7,66.4,-0.90630778703665,-0.42261826174069916
2019160N11073,2019,VAYU,2019-06-14 15:00:00,TS,20.8,68.1,70.0,976.0,3,260,20.8,68.2,20.9,68.3,20.8,67.9,20.7,67.7,20.6,67.3,20.6,66.7,20.7,66.2,-0.984807753012208,-0.17364817766693033
2019160N11073,2019,VAYU,2019-06-14 18:00:00,TS,20.8,67.9,65.0,978.0,4,260,20.8,68.1,20.8,68.2,20.7,67.7,20.7,67.5,20.6,66.9,20.7,66.4,20.7,66.0,-0.984807753012208,-0.17364817766693033
2019160N11073,2019,VAYU,2019-06-14 21:00:00,TS,20.7,67.7,65.0,978.0,4,255,20.8,67.9,20.8,68.1,20.7,67.5,20.6,67.3,20.6,66.7,20.7,66.2,20.7,65.8,-0.9659258262890683,-0.25881904510252063
2019160N11073,2019,VAYU,2019-06-15 00:00:00,TS,20.7,67.5,65.0,978.0,3,250,20.7,67.7,20.8,67.9,20.6,67.3,20.6,66.9,20.7,66.4,20.7,66.0,20.8,65.5,-0.9396926207859084,-0.34202014332566855
2019160N11073,2019,VAYU,2019-06-15 03:00:00,TS,20.6,67.3,65.0,979.0,6,265,20.7,67.5,20.7,67.7,20.6,66.9,20.6,66.7,20.7,66.2,20.7,65.8,20.8,65.2,-0.9961946980917455,-0.08715574274765825
2019160N11073,2019,VAYU,2019-06-15 06:00:00,TS,20.6,66.9,65.0,979.0,6,270,20.6,67.3,20.7,67.5,20.6,66.7,20.7,66.4,20.7,66.0,20.8,65.5,20.8,65.1,-1.0,-1.8369701987210297e-16
2019160N11073,2019,VAYU,2019-06-15 09:00:00,TS,20.6,66.7,65.0,980.0,5,275,20.6,66.9,20.6,67.3,20.7,66.4,20.7,66.2,20.7,65.8,20.8,65.2,20.7,65.1,-0.9961946980917455,0.08715574274765789
2019160N11073,2019,VAYU,2019-06-15 12:00:00,TS,20.7,66.4,65.0,980.0,4,280,20.6,66.7,20.6,66.9,20.7,66.2,20.7,66.0,20.8,65.5,20.8,65.1,20.8,65.2,-0.9848077530122081,0.17364817766692997
2019160N11073,2019,VAYU,2019-06-15 15:00:00,TS,20.7,66.2,65.0,980.0,4,275,20.7,66.4,20.6,66.7,20.7,66.0,20.7,65.8,20.8,65.2,20.7,65.1,20.8,65.6,-0.9961946980917455,0.08715574274765789
2019160N11073,2019,VAYU,2019-06-15 18:00:00,TS,20.7,66.0,65.0,981.0,4,280,20.7,66.2,20.7,66.4,20.7,65.8,20.8,65.5,20.8,65.1,20.8,65.2,21.1,66.1,-0.9848077530122081,0.17364817766692997
2019160N11073,2019,VAYU,2019-06-15 21:00:00,TS,20.7,65.8,65.0,981.0,5,275,20.7,66.0,20.7,66.2,20.8,65.5,20.8,65.2,20.7,65.1,20.8,65.6,21.4,66.4,-0.9961946980917455,0.08715574274765789
2019160N11073,2019,VAYU,2019-06-16 00:00:00,TS,20.8,65.5,60.0,983.0,5,275,20.7,65.8,20.7,66.0,20.8,65.2,20.8,65.1,20.8,65.2,21.1,66.1,21.7,66.6,-0.9961946980917455,0.08715574274765789
2019160N11073,2019,VAYU,2019-06-16 03:00:00,TS,20.8,65.2,55.0,985.0,3,280,20.8,65.5,20.7,65.8,20.8,65.1,20.7,65.1,20.8,65.6,21.4,66.4,21.8,66.8,-0.9848077530122081,0.17364817766692997
2019160N11073,2019,VAYU,2019-06-16 06:00:00,TS,20.8,65.1,55.0,985.0,1,250,20.8,65.2,20.8,65.5,20.7,65.1,20.8,65.2,21.1,66.1,21.7,66.6,21.9,67.0,-0.9396926207859084,-0.34202014332566855
2019160N11073,2019,VAYU,2019-06-16 09:00:00,TS,20.7,65.1,55.0,986.0,1,135,20.8,65.1,20.8,65.2,20.8,65.2,20.8,65.6,21.4,66.4,21.8,66.8,22.2,67.4,0.7071067811865476,-0.7071067811865475
2019160N11073,2019,VAYU,2019-06-16 12:00:00,TS,20.8,65.2,50.0,988.0,5,80,20.7,65.1,20.8,65.1,20.8,65.6,21.1,66.1,21.7,66.6,21.9,67.0,22.5,67.9,0.984807753012208,0.17364817766693041
2019160N11073,2019,VAYU,2019-06-16 15:00:00,TS,20.8,65.6,45.0,990.0,9,70,20.8,65.2,20.7,65.1,21.1,66.1,21.4,66.4,21.8,66.8,22.2,67.4,22.8,68.1,0.9396926207859083,0.3420201433256688
2019160N11073,2019,VAYU,2019-06-16 18:00:00,TS,21.1,66.1,40.0,992.0,9,55,20.8,65.6,20.8,65.2,21.4,66.4,21.7,66.6,21.9,67.0,22.5,67.9,23.1,68.3,0.8191520442889918,0.5735764363510462
2019160N11073,2019,VAYU,2019-06-16 21:00:00,TS,21.4,66.4,40.0,993.0,8,45,21.1,66.1,20.8,65.6,21.7,66.6,21.8,66.8,22.2,67.4,22.8,68.1,23.2,68.6,0.7071067811865475,0.7071067811865476
2019160N11073,2019,VAYU,2019-06-17 00:00:00,TS,21.7,66.6,35.0,995.0,6,40,21.4,66.4,21.1,66.1,21.8,66.8,21.9,67.0,22.5,67.9,23.1,68.3,23.2,69.0,0.6427876096865393,0.766044443118978
2019160N11073,2019,VAYU,2019-06-17 03:00:00,TS,21.8,66.8,30.0,996.0,4,50,21.7,66.6,21.4,66.4,21.9,67.0,22.2,67.4,22.8,68.1,23.2,68.6,23.1,69.6,0.766044443118978,0.6427876096865394
2019160N11073,2019,VAYU,2019-06-17 06:00:00,TS,21.9,67.0,30.0,997.0,7,55,21.8,66.8,21.7,66.6,22.2,67.4,22.5,67.9,23.1,68.3,23.2,69.0,23.0,70.2,0.8191520442889918,0.5735764363510462
2019218N21088,2019,UNNAMED,2019-08-06 09:00:00,TS,20.6,87.9,25.0,990.0,3,315,20.5,88.0,20.5,88.0,20.7,87.8,20.7,87.7,20.9,87.5,21.1,87.4,21.5,86.9,-0.7071067811865477,0.7071067811865474
2019218N21088,2019,UNNAMED,2019-08-06 12:00:00,TS,20.7,87.8,25.0,990.0,3,310,20.6,87.9,20.5,88.0,20.7,87.7,20.8,87.6,21.0,87.4,21.2,87.2,21.9,86.5,-0.7660444431189781,0.6427876096865393
2019218N21088,2019,UNNAMED,2019-08-06 15:00:00,TS,20.7,87.7,25.0,990.0,2,300,20.7,87.8,20.6,87.9,20.8,87.6,20.9,87.5,21.1,87.4,21.5,86.9,22.2,86.1,-0.8660254037844386,0.5000000000000001
2019218N21088,2019,UNNAMED,2019-08-06 18:00:00,TS,20.8,87.6,25.0,990.0,3,305,20.7,87.7,20.7,87.8,20.9,87.5,21.0,87.4,21.2,87.2,21.9,86.5,22.4,85.6,-0.8191520442889918,0.573576436351046
2019218N21088,2019,UNNAMED,2019-08-06 21:00:00,TS,20.9,87.5,28.0,989.0,3,315,20.8,87.6,20.7,87.7,21.0,87.4,21.1,87.4,21.5,86.9,22.2,86.1,22.6,84.9,-0.7071067811865477,0.7071067811865474
2019218N21088,2019,UNNAMED,2019-08-07 00:00:00,TS,21.0,87.4,30.0,988.0,2,340,20.9,87.5,20.8,87.6,21.1,87.4,21.2,87.2,21.9,86.5,22.4,85.6,22.8,84.0,-0.3420201433256686,0.9396926207859084
2019218N21088,2019,UNNAMED,2019-08-07 03:00:00,TS,21.1,87.4,30.0,988.0,3,315,21.0,87.4,20.9,87.5,21.2,87.2,21.5,86.9,22.2,86.1,22.6,84.9,23.0,82.9,-0.7071067811865477,0.7071067811865474
2019218N21088,2019,UNNAMED,2019-08-07 06:00:00,TS,21.2,87.2,30.0,988.0,6,310,21.1,87.4,21.0,87.4,21.5,86.9,21.9,86.5,22.4,85.6,22.8,84.0,23.4,81.9,-0.7660444431189781,0.6427876096865393
2019218N21088,2019,UNNAMED,2019-08-07 09:00:00,TS,21.5,86.9,30.0,988.0,10,315,21.2,87.2,21.1,87.4,21.9,86.5,22.2,86.1,22.6,84.9,23.0,82.9,23.6,80.9,-0.7071067811865477,0.7071067811865474
2019218N21088,2019,UNNAMED,2019-08-07 12:00:00,TS,21.9,86.5,30.0,988.0,10,310,21.5,86.9,21.2,87.2,22.2,86.1,22.4,85.6,22.8,84.0,23.4,81.9,23.6,80.2,-0.7660444431189781,0.6427876096865393
2019218N21088,2019,UNNAMED,2019-08-07 15:00:00,TS,22.2,86.1,30.0,988.0,10,300,21.9,86.5,21.5,86.9,22.4,85.6,22.6,84.9,23.0,82.9,23.6,80.9,23.6,80.0,-0.8660254037844386,0.5000000000000001
2019218N21088,2019,UNNAMED,2019-08-07 18:00:00,TS,22.4,85.6,30.0,988.0,12,290,22.2,86.1,21.9,86.5,22.6,84.9,22.8,84.0,23.4,81.9,23.6,80.2,23.6,79.8,-0.9396926207859083,0.342020143325669
2019218N21088,2019,UNNAMED,2019-08-07 21:00:00,TS,22.6,84.9,28.0,994.0,15,285,22.4,85.6,22.2,86.1,22.8,84.0,23.0,82.9,23.6,80.9,23.6,80.0,23.6,79.4,-0.9659258262890684,0.2588190451025203
2019218N21088,2019,UNNAMED,2019-08-08 00:00:00,TS,22.8,84.0,25.0,999.0,19,280,22.6,84.9,22.4,85.6,23.0,82.9,23.4,81.9,23.6,80.2,23.6,79.8,23.6,78.6,-0.9848077530122081,0.17364817766692997
2019218N21088,2019,UNNAMED,2019-08-08 03:00:00,TS,23.0,82.9,25.0,999.0,20,285,22.8,84.0,22.6,84.9,23.4,81.9,23.6,80.9,23.6,80.0,23.6,79.4,23.8,77.3,-0.9659258262890684,0.2588190451025203
2019218N21088,2019,UNNAMED,2019-08-08 06:00:00,TS,23.4,81.9,25.0,999.0,19,290,23.0,82.9,22.8,84.0,23.6,80.9,23.6,80.2,23.6,79.8,23.6,78.6,24.0,76.1,-0.9396926207859083,0.342020143325669
2019264N19071,2019,HIKAA:HIKKA,2019-09-21 00:00:00,DS,19.1,70.9,,,3,250,19.2,71.1,19.3,71.3,19.1,70.7,19.1,70.6,19.2,70.3,19.3,69.9,19.6,69.5,-0.9396926207859084,-0.34202014332566855
2019264N19071,2019,HIKAA:HIKKA,2019-09-21 03:00:00,DS,19.1,70.7,,,3,270,19.1,70.9,19.2,71.1,19.1,70.6,19.1,70.5,19.2,70.1,19.4,69.7,19.8,69.2,-1.0,-1.8369701987210297e-16
2019264N19071,2019,HIKAA:HIKKA,2019-09-21 06:00:00,DS,19.1,70.6,,,3,285,19.1,70.7,19.1,70.9,19.1,70.5,19.2,70.3,19.3,69.9,19.6,69.5,20.0,68.9,-0.9659258262890684,0.2588190451025203
2019264N19071,2019,HIKAA:HIKKA,2019-09-21 09:00:00,DS,19.1,70.5,,,3,290,19.1,70.6,19.1,70.7,19.2,70.3,19.2,70.1,19.4,69.7,19.8,69.2,20.2,68.5,-0.9396926207859083,0.342020143325669
2019264N19071,2019,HIKAA:HIKKA,2019-09-21 12:00:00,DS,19.2,70.3,,,3,285,19.1,70.5,19.1,70.6,19.2,70.1,19.3,69.9,19.6,69.5,20.0,68.9,20.4,68.1,-0.9659258262890684,0.2588190451025203
2019264N19071,2019,HIKAA:HIKKA,2019-09-21 15:00:00,DS,19.2,70.1,,,4,285,19.2,70.3,19.1,70.5,19.3,69.9,19.4,69.7,19.8,69.2,20.2,68.5,20.5,67.6,-0.9659258262890684,0.2588190451025203
2019264N19071,2019,HIKAA:HIKKA,2019-09-21 18:00:00,DS,19.3,69.9,,,4,300,19.2,70.1,19.2,70.3,19.4,69.7,19.6,69.5,20.0,68.9,20.4,68.1,20.4,67.1,-0.8660254037844386,0.5000000000000001
2019264N19071,2019,HIKAA:HIKKA,2019-09-21 21:00:00,DS,19.4,69.7,,,5,310,19.3,69.9,19.2,70.1,19.6,69.5,19.8,69.2,20.2,68.5,20.5,67.6,20.4,66.6,-0.7660444431189781,0.6427876096865393
2019264N19071,2019,HIKAA:HIKKA,2019-09-22 00:00:00,TS,19.6,69.5,,,6,310,19.4,69.7,19.3,69.9,19.8,69.2,20.0,68.9,20.4,68.1,20.4,67.1,20.4,66.1,-0.7660444431189781,0.6427876096865393
2019264N19071,2019,HIKAA:HIKKA,2019-09-22 03:00:00,TS,19.8,69.2,25.0,1002.0,7,305,19.6,69.5,19.4,69.7,20.0,68.9,20.2,68.5,20.5,67.6,20.4,66.6,20.3,65.5,-0.8191520442889918,0.573576436351046
2019264N19071,2019,HIKAA:HIKKA,2019-09-22 06:00:00,TS,20.0,68.9,25.0,1000.0,8,305,19.8,69.2,19.6,69.5,20.2,68.5,20.4,68.1,20.4,67.1,20.4,66.1,20.3,64.9,-0.8191520442889918,0.573576436351046
2019264N19071,2019,HIKAA:HIKKA,2019-09-22 09:00:00,TS,20.2,68.5,28.0,1000.0,8,300,20.0,68.9,19.8,69.2,20.4,68.1,20.5,67.6,20.4,66.6,20.3,65.5,20.2,64.1,-0.8660254037844386,0.5000000000000001
2019264N19071,2019,HIKAA:HIKKA,2019-09-22 12:00:00,TS,20.4,68.1,30.0,999.0,9,285,20.2,68.5,20.0,68.9,20.5,67.6,20.4,67.1,20.4,66.1,20.3,64.9,20.2,63.6,-0.9659258262890684,0.2588190451025203
2019264N19071,2019,HIKAA:HIKKA,2019-09-22 15:00:00,TS,20.5,67.6,30.0,999.0,9,275,20.4,68.1,20.2,68.5,20.4,67.1,20.4,66.6,20.3,65.5,20.2,64.1,20.2,62.9,-0.9961946980917455,0.08715574274765789
2019264N19071,2019,HIKAA:HIKKA,2019-09-22 18:00:00,TS,20.4,67.1,30.0,998.0,10,265,20.5,67.6,20.4,68.1,20.4,66.6,20.4,66.1,20.3,64.9,20.2,63.6,20.2,62.3,-0.9961946980917455,-0.08715574274765825
2019264N19071,2019,HIKAA:HIKKA,2019-09-22 21:00:00,TS,20.4,66.6,33.0,998.0,10,265,20.4,67.1,20.5,67.6,20.4,66.1,20.3,65.5,20.2,64.1,20.2,62.9,20.2,61.6,-0.9961946980917455,-0.08715574274765825
2019264N19071,2019,HIKAA:HIKKA,2019-09-23 00:00:00,TS,20.4,66.1,35.0,997.0,10,265,20.4,66.6,20.4,67.1,20.3,65.5,20.3,64.9,20.2,63.6,20.2,62.3,20.1,61.0,-0.9961946980917455,-0.08715574274765825
2019264N19071,2019,HIKAA:HIKKA,2019-09-23 03:00:00,TS,20.3,65.5,40.0,996.0,11,265,20.4,66.1,20.4,66.6,20.3,64.9,20.2,64.1,20.2,62.9,20.2,61.6,20.1,60.3,-0.9961946980917455,-0.08715574274765825
2019264N19071,2019,HIKAA:HIKKA,2019-09-23 06:00:00,TS,20.3,64.9,45.0,994.0,13,265,20.3,65.5,20.4,66.1,20.2,64.1,20.2,63.6,20.2,62.3,20.1,61.0,20.0,59.6,-0.9961946980917455,-0.08715574274765825
2019264N19071,2019,HIKAA:HIKKA,2019-09-23 09:00:00,TS,20.2,64.1,55.0,988.0,12,270,20.3,64.9,20.3,65.5,20.2,63.6,20.2,62.9,20.2,61.6,20.1,60.3,19.9,58.9,-1.0,-1.8369701987210297e-16
2019264N19071,2019,HIKAA:HIKKA,2019-09-23 12:00:00,TS,20.2,63.6,55.0,988.0,12,270,20.2,64.1,20.3,64.9,20.2,62.9,20.2,62.3,20.1,61.0,20.0,59.6,19.8,58.3,-1.0,-1.8369701987210297e-16
2019264N19071,2019,HIKAA:HIKKA,2019-09-23 15:00:00,TS,20.2,62.9,55.0,988.0,12,270,20.2,63.6,20.2,64.1,20.2,62.3,20.2,61.6,20.1,60.3,19.9,58.9,19.7,57.6,-1.0,-1.8369701987210297e-16
2019264N19071,2019,HIKAA:HIKKA,2019-09-23 18:00:00,TS,20.2,62.3,60.0,986.0,13,270,20.2,62.9,20.2,63.6,20.2,61.6,20.1,61.0,20.0,59.6,19.8,58.3,19.7,57.1,-1.0,-1.8369701987210297e-16
2019264N19071,2019,HIKAA:HIKKA,2019-09-23 21:00:00,TS,20.2,61.6,60.0,986.0,13,265,20.2,62.3,20.2,62.9,20.1,61.0,20.1,60.3,19.9,58.9,19.7,57.6,19.6,56.5,-0.9961946980917455,-0.08715574274765825
2019264N19071,2019,HIKAA:HIKKA,2019-09-24 00:00:00,TS,20.1,61.0,70.0,980.0,12,265,20.2,61.6,20.2,62.3,20.1,60.3,20.0,59.6,19.8,58.3,19.7,57.1,19.6,56.0,-0.9961946980917455,-0.08715574274765825
2019264N19071,2019,HIKAA:HIKKA,2019-09-24 03:00:00,TS,20.1,60.3,75.0,978.0,13,265,20.1,61.0,20.2,61.6,20.0,59.6,19.9,58.9,19.7,57.6,19.6,56.5,19.4,55.5,-0.9961946980917455,-0.08715574274765825
2019264N19071,2019,HIKAA:HIKKA,2019-09-24 06:00:00,TS,20.0,59.6,75.0,978.0,13,260,20.1,60.3,20.1,61.0,19.9,58.9,19.8,58.3,19.7,57.1,19.6,56.0,19.2,55.0,-0.984807753012208,-0.17364817766693033
2019264N19071,2019,HIKAA:HIKKA,2019-09-24 09:00:00,TS,19.9,58.9,75.0,978.0,12,260,20.0,59.6,20.1,60.3,19.8,58.3,19.7,57.6,19.6,56.5,19.4,55.5,19.2,54.5,-0.984807753012208,-0.17364817766693033
2019264N19071,2019,HIKAA:HIKKA,2019-09-24 12:00:00,TS,19.8,58.3,75.0,978.0,12,260,19.9,58.9,20.0,59.6,19.7,57.6,19.7,57.1,19.6,56.0,19.2,55.0,19.2,54.0,-0.984807753012208,-0.17364817766693033
2019264N19071,2019,HIKAA:HIKKA,2019-09-24 15:00:00,TS,19.7,57.6,60.0,986.0,12,265,19.8,58.3,19.9,58.9,19.7,57.1,19.6,56.5,19.4,55.5,19.2,54.5,19.1,53.4,-0.9961946980917455,-0.08715574274765825
2019264N19071,2019,HIKAA:HIKKA,2019-09-24 18:00:00,TS,19.7,57.1,55.0,989.0,10,265,19.7,57.6,19.8,58.3,19.6,56.5,19.6,56.0,19.2,55.0,19.2,54.0,19.0,52.8,-0.9961946980917455,-0.08715574274765825
2019264N19071,2019,HIKAA:HIKKA,2019-09-24 21:00:00,TS,19.6,56.5,45.0,994.0,10,265,19.7,57.1,19.7,57.6,19.6,56.0,19.4,55.5,19.2,54.5,19.1,53.4,18.9,52.3,-0.9961946980917455,-0.08715574274765825
2019264N19071,2019,HIKAA:HIKKA,2019-09-25 00:00:00,TS,19.6,56.0,35.0,997.0,10,260,19.6,56.5,19.7,57.1,19.4,55.5,19.2,55.0,19.2,54.0,19.0,52.8,18.9,51.7,-0.984807753012208,-0.17364817766693033
2019264N19071,2019,HIKAA:HIKKA,2019-09-25 03:00:00,TS,19.4,55.5,30.0,999.0,10,245,19.6,56.0,19.6,56.5,19.2,55.0,19.2,54.5,19.1,53.4,18.9,52.3,18.9,51.1,-0.90630778703665,-0.42261826174069916
2019264N19071,2019,HIKAA:HIKKA,2019-09-25 06:00:00,TS,19.2,55.0,25.0,1002.0,10,255,19.4,55.5,19.6,56.0,19.2,54.5,19.2,54.0,19.0,52.8,18.9,51.7,18.8,50.5,-0.9659258262890683,-0.25881904510252063
2019273N23070,2019,UNNAMED,2019-09-29 18:00:00,TS,23.1,70.2,25.0,1002.0,1,85,23.1,70.2,23.1,70.2,23.1,70.3,23.2,70.5,23.5,71.3,23.5,71.9,23.7,72.7,0.9961946980917455,0.08715574274765814
2019273N23070,2019,UNNAMED,2019-09-29 21:00:00,TS,23.1,70.3,25.0,1002.0,3,70,23.1,70.2,23.1,70.2,23.2,70.5,23.4,70.7,23.5,71.6,23.6,72.2,23.8,73.3,0.9396926207859083,0.3420201433256688
2019273N23070,2019,UNNAMED,2019-09-30 00:00:00,TS,23.2,70.5,25.0,1002.0,5,50,23.1,70.3,23.1,70.2,23.4,70.7,23.5,71.3,23.5,71.9,23.7,72.7,24.0,74.1,0.766044443118978,0.6427876096865394
2019296N15066,2019,KYAAR:KYARR,2019-10-23 00:00:00,DS,15.1,67.2,,,9,70,14.9,66.8,14.7,66.4,15.2,67.6,15.3,68.1,15.5,69.0,15.6,70.1,15.5,70.5,0.9396926207859083,0.3420201433256688
2019296N15066,2019,KYAAR:KYARR,2019-10-23 03:00:00,DS,15.2,67.6,,,9,75,15.1,67.2,14.9,66.8,15.3,68.1,15.4,68.5,15.6,69.6,15.6,70.4,15.3,70.6,0.9659258262890683,0.25881904510252074
2019296N15066,2019,KYAAR:KYARR,2019-10-23 06:00:00,DS,15.3,68.1,,,9,75,15.2,67.6,15.1,67.2,15.4,68.5,15.5,69.0,15.6,70.1,15.5,70.5,15.2,70.7,0.9659258262890683,0.25881904510252074
2019296N15066,2019,KYAAR:KYARR,2019-10-23 09:00:00,DS,15.4,68.5,,,9,75,15.3,68.1,15.2,67.6,15.5,69.0,15.6,69.6,15.6,70.4,15.3,70.6,15.3,70.8,0.9659258262890683,0.25881904510252074
2019296N15066,2019,KYAAR:KYARR,2019-10-23 12:00:00,DS,15.5,69.0,,,10,80,15.4,68.5,15.3,68.1,15.6,69.6,15.6,70.1,15.5,70.5,15.2,70.7,15.5,71.0,0.984807753012208,0.17364817766693041
2019296N15066,2019,KYAAR:KYARR,2019-10-23 15:00:00,DS,15.6,69.6,,,11,85,15.5,69.0,15.4,68.5,15.6,70.1,15.6,70.4,15.3,70.6,15.3,70.8,15.5,71.1,0.9961946980917455,0.08715574274765814
2019296N15066,2019,KYAAR:KYARR,2019-10-23 18:00:00,TS,15.6,70.1,,,7,90,15.6,69.6,15.5,69.0,15.6,70.4,15.5,70.5,15.2,70.7,15.5,71.0,15.6,71.3,1.0,6.123233995736766e-17
2019296N15066,2019,KYAAR:KYARR,2019-10-23 21:00:00,TS,15.6,70.4,,,4,105,15.6,70.1,15.6,69.6,15.5,70.5,15.3,70.6,15.3,70.8,15.5,71.1,15.6,71.4,0.9659258262890683,-0.25881904510252085
2019296N15066,2019,KYAAR:KYARR,2019-10-24 00:00:00,TS,15.5,70.5,,,4,140,15.6,70.4,15.6,70.1,15.3,70.6,15.2,70.7,15.5,71.0,15.6,71.3,15.8,71.6,0.6427876096865395,-0.7660444431189779
2019296N15066,2019,KYAAR:KYARR,2019-10-24 03:00:00,TS,15.3,70.6,25.0,1000.0,3,150,15.5,70.5,15.6,70.4,15.2,70.7,15.3,70.8,15.5,71.1,15.6,71.4,15.9,71.7,0.49999999999999994,-0.8660254037844387
2019296N15066,2019,KYAAR:KYARR,2019-10-24 06:00:00,TS,15.2,70.7,25.0,1000.0,2,85,15.3,70.6,15.5,70.5,15.3,70.8,15.5,71.0,15.6,71.3,15.8,71.6,16.0,71.8,0.9961946980917455,0.08715574274765814
2019296N15066,2019,KYAAR:KYARR,2019-10-24 09:00:00,TS,15.3,70.8,28.0,999.0,4,50,15.2,70.7,15.3,70.6,15.5,71.0,15.5,71.1,15.6,71.4,15.9,71.7,16.1,71.8,0.766044443118978,0.6427876096865394
2019296N15066,2019,KYAAR:KYARR,2019-10-24 12:00:00,TS,15.5,71.0,30.0,998.0,4,60,15.3,70.8,15.2,70.7,15.5,71.1,15.6,71.3,15.8,71.6,16.0,71.8,16.3,71.8,0.8660254037844386,0.5000000000000001
2019296N15066,2019,KYAAR:KYARR,2019-10-24 15:00:00,TS,15.5,71.1,30.0,998.0,4,75,15.5,71.0,15.3,70.8,15.6,71.3,15.6,71.4,15.9,71.7,16.1,71.8,16.3,71.7,0.9659258262890683,0.25881904510252074
2019296N15066,2019,KYAAR:KYARR,2019-10-24 18:00:00,TS,15.6,71.3,30.0,997.0,3,65,15.5,71.1,15.5,71.0,15.6,71.4,15.8,71.6,16.0,71.8,16.3,71.8,16.5,71.5,0.9063077870366499,0.42261826174069944
2019296N15066,2019,KYAAR:KYARR,2019-10-24 21:00:00,TS,15.6,71.4,35.0,997.0,3,50,15.6,71.3,15.5,71.1,15.8,71.6,15.9,71.7,16.1,71.8,16.3,71.7,16.5,71.1,0.766044443118978,0.6427876096865394
2019296N15066,2019,KYAAR:KYARR,2019-10-25 00:00:00,TS,15.8,71.6,40.0,996.0,3,45,15.6,71.4,15.6,71.3,15.9,71.7,16.0,71.8,16.3,71.8,16.5,71.5,16.6,70.8,0.7071067811865475,0.7071067811865476
2019296N15066,2019,KYAAR:KYARR,2019-10-25 03:00:00,TS,15.9,71.7,40.0,996.0,3,45,15.8,71.6,15.6,71.4,16.0,71.8,16.1,71.8,16.3,71.7,16.5,71.1,16.6,70.4,0.7071067811865475,0.7071067811865476
2019296N15066,2019,KYAAR:KYARR,2019-10-25 06:00:00,TS,16.0,71.8,45.0,994.0,3,30,15.9,71.7,15.8,71.6,16.1,71.8,16.3,71.8,16.5,71.5,16.6,70.8,16.6,70.0,0.49999999999999994,0.8660254037844387
2019296N15066,2019,KYAAR:KYARR,2019-10-25 09:00:00,TS,16.1,71.8,45.0,994.0,3,0,16.0,71.8,15.9,71.7,16.3,71.8,16.3,71.7,16.5,71.1,16.6,70.4,16.6,69.7,0.0,1.0
2019296N15066,2019,KYAAR:KYARR,2019-10-25 12:00:00,TS,16.3,71.8,50.0,992.0,2,335,16.1,71.8,16.0,71.8,16.3,71.7,16.5,71.5,16.6,70.8,16.6,70.0,16.7,69.4,-0.4226182617406992,0.90630778703665
2019296N15066,2019,KYAAR:KYARR,2019-10-25 15:00:00,TS,16.3,71.7,55.0,991.0,4,300,16.3,71.8,16.1,71.8,16.5,71.5,16.5,71.1,16.6,70.4,16.6,69.7,16.7,69.1,-0.8660254037844386,0.5000000000000001
2019296N15066,2019,KYAAR:KYARR,2019-10-25 18:00:00,TS,16.5,71.5,55.0,990.0,6,290,16.3,71.7,16.3,71.8,16.5,71.1,16.6,70.8,16.6,70.0,16.7,69.4,16.8,68.9,-0.9396926207859083,0.342020143325669
2019296N15066,2019,KYAAR:KYARR,2019-10-25 21:00:00,TS,16.5,71.1,60.0,988.0,7,280,16.5,71.5,16.3,71.7,16.6,70.8,16.6,70.4,16.6,69.7,16.7,69.1,16.9,68.5,-0.9848077530122081,0.17364817766692997
2019296N15066,2019,KYAAR:KYARR,2019-10-26 00:00:00,TS,16.6,70.8,65.0,984.0,7,275,16.5,71.1,16.5,71.5,16.6,70.4,16.6,70.0,16.7,69.4,16.8,68.9,17.0,68.2,-0.9961946980917455,0.08715574274765789
2019296N15066,2019,KYAAR:KYARR,2019-10-26 03:00:00,TS,16.6,70.4,65.0,984.0,7,275,16.6,70.8,16.5,71.1,16.6,70.0,16.6,69.7,16.7,69.1,16.9,68.5,17.1,67.8,-0.9961946980917455,0.08715574274765789
2019296N15066,2019,KYAAR:KYARR,2019-10-26 06:00:00,TS,16.6,70.0,75.0,978.0,7,270,16.6,70.4,16.6,70.8,16.6,69.7,16.7,69.4,16.8,68.9,17.0,68.2,17.3,67.4,-1.0,-1.8369701987210297e-16
2019296N15066,2019,KYAAR:KYARR,2019-10-26 09:00:00,TS,16.6,69.7,80.0,974.0,6,280,16.6,70.0,16.6,70.4,16.7,69.4,16.7,69.1,16.9,68.5,17.1,67.8,17.4,67.1,-0.9848077530122081,0.17364817766692997
2019296N15066,2019,KYAAR:KYARR,2019-10-26 12:00:00,TS,16.7,69.4,85.0,970.0,6,280,16.6,69.7,16.6,70.0,16.7,69.1,16.8,68.9,17.0,68.2,17.3,67.4,17.5,66.8,-0.9848077530122081,0.17364817766692997
2019296N15066,2019,KYAAR:KYARR,2019-10-26 15:00:00,TS,16.7,69.1,90.0,966.0,5,280,16.7,69.4,16.6,69.7,16.8,68.9,16.9,68.5,17.1,67.8,17.4,67.1,17.6,66.5,-0.9848077530122081,0.17364817766692997
2019296N15066,2019,KYAAR:KYARR,2019-10-26 18:00:00,TS,16.8,68.9,105.0,950.0,6,285,16.7,69.1,16.7,69.4,16.9,68.5,17.0,68.2,17.3,67.4,17.5,66.8,17.8,66.3,-0.9659258262890684,0.2588190451025203
2019296N15066,2019,KYAAR:KYARR,2019-10-26 21:00:00,TS,16.9,68.5,110.0,946.0,7,285,16.8,68.9,16.7,69.1,17.0,68.2,17.1,67.8,17.4,67.1,17.6,66.5,18.0,65.8,-0.9659258262890684,0.2588190451025203
2019296N15066,2019,KYAAR:KYARR,2019-10-27 00:00:00,TS,17.0,68.2,120.0,934.0,7,290,16.9,68.5,16.8,68.9,17.1,67.8,17.3,67.4,17.5,66.8,17.8,66.3,18.2,65.5,-0.9396926207859083,0.342020143325669
2019296N15066,2019,KYAAR:KYARR,2019-10-27 03:00:00,TS,17.1,67.8,125.0,928.0,8,290,17.0,68.2,16.9,68.5,17.3,67.4,17.4,67.1,17.6,66.5,18.0,65.8,18.2,65.1,-0.9396926207859083,0.342020143325669
2019296N15066,2019,KYAAR:KYARR,2019-10-27 06:00:00,TS,17.3,67.4,125.0,928.0,7,290,17.1,67.8,17.0,68.2,17.4,67.1,17.5,66.8,17.8,66.3,18.2,65.5,18.3,64.8,-0.9396926207859083,0.342020143325669
2019296N15066,2019,KYAAR:KYARR,2019-10-27 09:00:00,TS,17.4,67.1,130.0,922.0,6,295,17.3,67.4,17.1,67.8,17.5,66.8,17.6,66.5,18.0,65.8,18.2,65.1,18.4,64.5,-0.9063077870366499,0.4226182617406996
2019296N15066,2019,KYAAR:KYARR,2019-10-27 12:00:00,TS,17.5,66.8,130.0,922.0,6,290,17.4,67.1,17.3,67.4,17.6,66.5,17.8,66.3,18.2,65.5,18.3,64.8,18.5,64.4,-0.9396926207859083,0.342020143325669
2019296N15066,2019,KYAAR:KYARR,2019-10-27 15:00:00,TS,17.6,66.5,130.0,922.0,6,305,17.5,66.8,17.4,67.1,17.8,66.3,18.0,65.8,18.2,65.1,18.4,64.5,18.7,64.1,-0.8191520442889918,0.573576436351046
2019296N15066,2019,KYAAR:KYARR,2019-10-27 18:00:00,TS,17.8,66.3,130.0,922.0,8,300,17.6,66.5,17.5,66.8,18.0,65.8,18.2,65.5,18.3,64.8,18.5,64.4,18.8,64.0,-0.8660254037844386,0.5000000000000001
2019296N15066,2019,KYAAR:KYARR,2019-10-27 21:00:00,TS,18.0,65.8,125.0,926.0,8,290,17.8,66.3,17.6,66.5,18.2,65.5,18.2,65.1,18.4,64.5,18.7,64.1,18.9,63.8,-0.9396926207859083,0.342020143325669
2019296N15066,2019,KYAAR:KYARR,2019-10-28 00:00:00,TS,18.2,65.5,125.0,928.0,7,285,18.0,65.8,17.8,66.3,18.2,65.1,18.3,64.8,18.5,64.4,18.8,64.0,19.1,63.6,-0.9659258262890684,0.2588190451025203
2019296N15066,2019,KYAAR:KYARR,2019-10-28 03:00:00,TS,18.2,65.1,125.0,928.0,7,285,18.2,65.5,18.0,65.8,18.3,64.8,18.4,64.5,18.7,64.1,18.9,63.8,19.2,63.4,-0.9659258262890684,0.2588190451025203
2019296N15066,2019,KYAAR:KYARR,2019-10-28 06:00:00,TS,18.3,64.8,125.0,928.0,5,290,18.2,65.1,18.2,65.5,18.4,64.5,18.5,64.4,18.8,64.0,19.1,63.6,19.4,63.3,-0.9396926207859083,0.342020143325669
2019296N15066,2019,KYAAR:KYARR,2019-10-28 09:00:00,TS,18.4,64.5,125.0,928.0,4,300,18.3,64.8,18.2,65.1,18.5,64.4,18.7,64.1,18.9,63.8,19.2,63.4,19.5,63.1,-0.8660254037844386,0.5000000000000001
2019296N15066,2019,KYAAR:KYARR,2019-10-28 12:00:00,TS,18.5,64.4,125.0,928.0,5,305,18.4,64.5,18.3,64.8,18.7,64.1,18.8,64.0,19.1,63.6,19.4,63.3,19.6,63.1,-0.8191520442889918,0.573576436351046
2019296N15066,2019,KYAAR:KYARR,2019-10-28 15:00:00,TS,18.7,64.1,125.0,928.0,5,310,18.5,64.4,18.4,64.5,18.8,64.0,18.9,63.8,19.2,63.4,19.5,63.1,19.6,62.9,-0.7660444431189781,0.6427876096865393
2019296N15066,2019,KYAAR:KYARR,2019-10-28 18:00:00,TS,18.8,64.0,125.0,930.0,4,305,18.7,64.1,18.5,64.4,18.9,63.8,19.1,63.6,19.4,63.3,19.6,63.1,19.6,62.8,-0.8191520442889918,0.573576436351046
2019296N15066,2019,KYAAR:KYARR,2019-10-28 21:00:00,TS,18.9,63.8,125.0,930.0,5,310,18.8,64.0,18.7,64.1,19.1,63.6,19.2,63.4,19.5,63.1,19.6,62.9,19.6,62.5,-0.7660444431189781,0.6427876096865393
2019296N15066,2019,KYAAR:KYARR,2019-10-29 00:00:00,TS,19.1,63.6,120.0,934.0,5,310,18.9,63.8,18.8,64.0,19.2,63.4,19.4,63.3,19.6,63.1,19.6,62.8,19.6,62.3,-0.7660444431189781,0.6427876096865393
2019296N15066,2019,KYAAR:KYARR,2019-10-29 03:00:00,TS,19.2,63.4,115.0,940.0,4,315,19.1,63.6,18.9,63.8,19.4,63.3,19.5,63.1,19.6,62.9,19.6,62.5,19.5,62.1,-0.7071067811865477,0.7071067811865474
2019296N15066,2019,KYAAR:KYARR,2019-10-29 06:00:00,TS,19.4,63.3,110.0,946.0,4,310,19.2,63.4,19.1,63.6,19.5,63.1,19.6,63.1,19.6,62.8,19.6,62.3,19.3,61.8,-0.7660444431189781,0.6427876096865393
2019296N15066,2019,KYAAR:KYARR,2019-10-29 09:00:00,TS,19.5,63.1,105.0,950.0,2,310,19.4,63.3,19.2,63.4,19.6,63.1,19.6,62.9,19.6,62.5,19.5,62.1,19.2,61.6,-0.7660444431189781,0.6427876096865393
2019296N15066,2019,KYAAR:KYARR,2019-10-29 12:00:00,TS,19.6,63.1,100.0,956.0,2,295,19.5,63.1,19.4,63.3,19.6,62.9,19.6,62.8,19.6,62.3,19.3,61.8,18.9,61.4,-0.9063077870366499,0.4226182617406996
2019296N15066,2019,KYAAR:KYARR,2019-10-29 15:00:00,TS,19.6,62.9,100.0,956.0,3,280,19.6,63.1,19.5,63.1,19.6,62.8,19.6,62.5,19.5,62.1,19.2,61.6,18.9,61.1,-0.9848077530122081,0.17364817766692997
2019296N15066,2019,KYAAR:KYARR,2019-10-29 18:00:00,TS,19.6,62.8,95.0,960.0,3,275,19.6,62.9,19.6,63.1,19.6,62.5,19.6,62.3,19.3,61.8,18.9,61.4,18.7,60.8,-0.9961946980917455,0.08715574274765789
2019296N15066,2019,KYAAR:KYARR,2019-10-29 21:00:00,TS,19.6,62.5,90.0,966.0,5,265,19.6,62.8,19.6,62.9,19.6,62.3,19.5,62.1,19.2,61.6,18.9,61.1,18.5,60.5,-0.9961946980917455,-0.08715574274765825
2019296N15066,2019,KYAAR:KYARR,2019-10-30 00:00:00,TS,19.6,62.3,85.0,970.0,5,255,19.6,62.5,19.6,62.8,19.5,62.1,19.3,61.8,18.9,61.4,18.7,60.8,18.3,60.4,-0.9659258262890683,-0.25881904510252063
2019296N15066,2019,KYAAR:KYARR,2019-10-30 03:00:00,TS,19.5,62.1,80.0,974.0,5,240,19.6,62.3,19.6,62.5,19.3,61.8,19.2,61.6,18.9,61.1,18.5,60.5,18.0,60.1,-0.8660254037844384,-0.5000000000000004
2019296N15066,2019,KYAAR:KYARR,2019-10-30 06:00:00,TS,19.3,61.8,75.0,978.0,5,230,19.5,62.1,19.6,62.3,19.2,61.6,18.9,61.4,18.7,60.8,18.3,60.4,17.7,60.0,-0.7660444431189779,-0.6427876096865395
2019296N15066,2019,KYAAR:KYARR,2019-10-30 09:00:00,TS,19.2,61.6,70.0,982.0,5,225,19.3,61.8,19.5,62.1,18.9,61.4,18.9,61.1,18.5,60.5,18.0,60.1,17.5,59.9,-0.7071067811865475,-0.7071067811865477
2019296N15066,2019,KYAAR:KYARR,2019-10-30 12:00:00,TS,18.9,61.4,65.0,984.0,6,240,19.2,61.6,19.3,61.8,18.9,61.1,18.7,60.8,18.3,60.4,17.7,60.0,17.4,59.9,-0.8660254037844384,-0.5000000000000004
2019296N15066,2019,KYAAR:KYARR,2019-10-30 15:00:00,TS,18.9,61.1,60.0,988.0,6,245,18.9,61.4,19.2,61.6,18.7,60.8,18.5,60.5,18.0,60.1,17.5,59.9,17.2,59.7,-0.90630778703665,-0.42261826174069916
2019296N15066,2019,KYAAR:KYARR,2019-10-30 18:00:00,TS,18.7,60.8,55.0,990.0,6,235,18.9,61.1,18.9,61.4,18.5,60.5,18.3,60.4,17.7,60.0,17.4,59.9,16.9,59.6,-0.8191520442889916,-0.5735764363510464
2019296N15066,2019,KYAAR:KYARR,2019-10-30 21:00:00,TS,18.5,60.5,55.0,991.0,6,225,18.7,60.8,18.9,61.1,18.3,60.4,18.0,60.1,17.5,59.9,17.2,59.7,16.7,59.5,-0.7071067811865475,-0.7071067811865477
2019296N15066,2019,KYAAR:KYARR,2019-10-31 00:00:00,TS,18.3,60.4,50.0,994.0,7,220,18.5,60.5,18.7,60.8,18.0,60.1,17.7,60.0,17.4,59.9,16.9,59.6,16.5,59.3,-0.6427876096865393,-0.766044443118978
2019296N15066,2019,KYAAR:KYARR,2019-10-31 03:00:00,TS,18.0,60.1,45.0,996.0,7,210,18.3,60.4,18.5,60.5,17.7,60.0,17.5,59.9,17.2,59.7,16.7,59.5,16.2,59.0,-0.5000000000000001,-0.8660254037844386
2019296N15066,2019,KYAAR:KYARR,2019-10-31 06:00:00,TS,17.7,60.0,40.0,998.0,5,200,18.0,60.1,18.3,60.4,17.5,59.9,17.4,59.9,16.9,59.6,16.5,59.3,16.0,58.6,-0.34202014332566866,-0.9396926207859084
2019296N15066,2019,KYAAR:KYARR,2019-10-31 09:00:00,TS,17.5,59.9,40.0,998.0,3,205,17.7,60.0,18.0,60.1,17.4,59.9,17.2,59.7,16.7,59.5,16.2,59.0,15.7,58.2,-0.4226182617406993,-0.90630778703665
2019296N15066,2019,KYAAR:KYARR,2019-10-31 12:00:00,TS,17.4,59.9,35.0,999.0,4,220,17.5,59.9,17.7,60.0,17.2,59.7,16.9,59.6,16.5,59.3,16.0,58.6,15.4,57.6,-0.6427876096865393,-0.766044443118978
2019296N15066,2019,KYAAR:KYARR,2019-10-31 15:00:00,TS,17.2,59.7,30.0,1001.0,6,205,17.4,59.9,17.5,59.9,16.9,59.6,16.7,59.5,16.2,59.0,15.7,58.2,14.9,57.4,-0.4226182617406993,-0.90630778703665
2019296N15066,2019,KYAAR:KYARR,2019-10-31 18:00:00,TS,16.9,59.6,30.0,1001.0,5,195,17.2,59.7,17.4,59.9,16.7,59.5,16.5,59.3,16.0,58.6,15.4,57.6,14.4,57.1,-0.2588190451025208,-0.9659258262890683
2019296N15066,2019,KYAAR:KYARR,2019-10-31 21:00:00,TS,16.7,59.5,30.0,1001.0,5,215,16.9,59.6,17.2,59.7,16.5,59.3,16.2,59.0,15.7,58.2,14.9,57.4,14.0,56.6,-0.5735764363510462,-0.8191520442889918
2019296N15066,2019,KYAAR:KYARR,2019-11-01 00:00:00,TS,16.5,59.3,25.0,1002.0,7,225,16.7,59.5,16.9,59.6,16.2,59.0,16.0,58.6,15.4,57.6,14.4,57.1,13.8,56.1,-0.7071067811865475,-0.7071067811865477
2019296N15066,2019,KYAAR:KYARR,2019-11-01 03:00:00,TS,16.2,59.0,25.0,1002.0,8,235,16.5,59.3,16.7,59.5,16.0,58.6,15.7,58.2,14.9,57.4,14.0,56.6,13.6,55.2,-0.8191520442889916,-0.5735764363510464
2019296N15066,2019,KYAAR:KYARR,2019-11-01 06:00:00,TS,16.0,58.6,25.0,1002.0,9,235,16.2,59.0,16.5,59.3,15.7,58.2,15.4,57.6,14.4,57.1,13.8,56.1,13.3,54.3,-0.8191520442889916,-0.5735764363510464
2019296N15066,2019,KYAAR:KYARR,2019-11-01 09:00:00,TS,15.7,58.2,25.0,1002.0,11,240,16.0,58.6,16.2,59.0,15.4,57.6,14.9,57.4,14.0,56.6,13.6,55.2,12.9,53.8,-0.8660254037844384,-0.5000000000000004
2019296N15066,2019,KYAAR:KYARR,2019-11-01 12:00:00,TS,15.4,57.6,25.0,1002.0,11,225,15.7,58.2,16.0,58.6,14.9,57.4,14.4,57.1,13.8,56.1,13.3,54.3,12.6,53.0,-0.7071067811865475,-0.7071067811865477
2019296N15066,2019,KYAAR:KYARR,2019-11-01 15:00:00,TS,14.9,57.4,25.0,1002.0,11,205,15.4,57.6,15.7,58.2,14.4,57.1,14.0,56.6,13.6,55.2,12.9,53.8,12.1,52.3,-0.4226182617406993,-0.90630778703665
2019296N15066,2019,KYAAR:KYARR,2019-11-01 18:00:00,TS,14.4,57.1,25.0,1002.0,12,220,14.9,57.4,15.4,57.6,14.0,56.6,13.8,56.1,13.3,54.3,12.6,53.0,11.1,51.9,-0.6427876096865393,-0.766044443118978
2019296N15066,2019,KYAAR:KYARR,2019-11-01 21:00:00,TS,14.0,56.6,25.0,1002.0,12,235,14.4,57.1,14.9,57.4,13.8,56.1,13.6,55.2,12.9,53.8,12.1,52.3,10.3,51.9,-0.8191520442889916,-0.5735764363510464
2019296N15066,2019,KYAAR:KYARR,2019-11-02 00:00:00,TS,13.8,56.1,25.0,1002.0,14,250,14.0,56.6,14.4,57.1,13.6,55.2,13.3,54.3,12.6,53.0,11.1,51.9,9.8,52.1,-0.9396926207859084,-0.34202014332566855
2019296N15066,2019,KYAAR:KYARR,2019-11-02 03:00:00,TS,13.6,55.2,25.0,1003.0,18,255,13.8,56.1,14.0,56.6,13.3,54.3,12.9,53.8,12.1,52.3,10.3,51.9,9.5,52.2,-0.9659258262890683,-0.25881904510252063
2019296N15066,2019,KYAAR:KYARR,2019-11-02 06:00:00,TS,13.3,54.3,25.0,1003.0,16,245,13.6,55.2,13.8,56.1,12.9,53.8,12.6,53.0,11.1,51.9,9.8,52.1,9.2,52.2,-0.90630778703665,-0.42261826174069916
2019301N05081,2019,MAHA,2019-10-28 12:00:00,DS,4.8,80.0,,,12,260,4.9,80.6,4.9,81.2,4.7,79.4,4.6,78.8,4.5,77.5,5.1,76.8,5.9,76.8,-0.984807753012208,-0.17364817766693033
2019301N05081,2019,MAHA,2019-10-28 15:00:00,DS,4.7,79.4,,,12,260,4.8,80.0,4.9,80.6,4.6,78.8,4.5,78.1,4.7,77.1,5.5,76.8,6.3,76.7,-0.984807753012208,-0.17364817766693033
2019301N05081,2019,MAHA,2019-10-28 18:00:00,DS,4.6,78.8,,,13,260,4.7,79.4,4.8,80.0,4.5,78.1,4.5,77.5,5.1,76.8,5.9,76.8,6.7,76.4,-0.984807753012208,-0.17364817766693033
2019301N05081,2019,MAHA,2019-10-28 21:00:00,DS,4.5,78.1,,,13,265,4.6,78.8,4.7,79.4,4.5,77.5,4.7,77.1,5.5,76.8,6.3,76.7,7.1,76.0,-0.9961946980917455,-0.08715574274765825
2019301N05081,2019,MAHA,2019-10-29 00:00:00,DS,4.5,77.5,,,11,285,4.5,78.1,4.6,78.8,4.7,77.1,5.1,76.8,5.9,76.8,6.7,76.4,7.4,75.7,-0.9659258262890684,0.2588190451025203
2019301N05081,2019,MAHA,2019-10-29 03:00:00,DS,4.7,77.1,,,9,310,4.5,77.5,4.5,78.1,5.1,76.8,5.5,76.8,6.3,76.7,7.1,76.0,8.0,75.1,-0.7660444431189781,0.6427876096865393
2019301N05081,2019,MAHA,2019-10-29 06:00:00,TS,5.1,76.8,,,8,340,4.7,77.1,4.5,77.5,5.5,76.8,5.9,76.8,6.7,76.4,7.4,75.7,8.3,74.9,-0.3420201433256686,0.9396926207859084
2019301N05081,2019,MAHA,2019-10-29 09:00:00,TS,5.5,76.8,,,8,0,5.1,76.8,4.7,77.1,5.9,76.8,6.3,76.7,7.1,76.0,8.0,75.1,8.7,74.5,0.0,1.0
2019301N05081,2019,MAHA,2019-10-29 12:00:00,TS,5.9,76.8,,,8,350,5.5,76.8,5.1,76.8,6.3,76.7,6.7,76.4,7.4,75.7,8.3,74.9,9.3,74.1,-0.1736481776669304,0.984807753012208
2019301N05081,2019,MAHA,2019-10-29 15:00:00,TS,6.3,76.7,,,9,335,5.9,76.8,5.5,76.8,6.7,76.4,7.1,76.0,8.0,75.1,8.7,74.5,9.8,73.8,-0.4226182617406992,0.90630778703665
2019301N05081,2019,MAHA,2019-10-29 18:00:00,TS,6.7,76.4,,,11,325,6.3,76.7,5.9,76.8,7.1,76.0,7.4,75.7,8.3,74.9,9.3,74.1,10.3,73.4,-0.5735764363510465,0.8191520442889916
2019301N05081,2019,MAHA,2019-10-29 21:00:00,TS,7.1,76.0,,,10,315,6.7,76.4,6.3,76.7,7.4,75.7,8.0,75.1,8.7,74.5,9.8,73.8,10.7,73.3,-0.7071067811865477,0.7071067811865474
2019301N05081,2019,MAHA,2019-10-30 00:00:00,TS,7.4,75.7,25.0,1003.0,13,315,7.1,76.0,6.7,76.4,8.0,75.1,8.3,74.9,9.3,74.1,10.3,73.4,11.1,73.3,-0.7071067811865477,0.7071067811865474
2019301N05081,2019,MAHA,2019-10-30 03:00:00,TS,8.0,75.1,25.0,1003.0,12,320,7.4,75.7,7.1,76.0,8.3,74.9,8.7,74.5,9.8,73.8,10.7,73.3,11.6,73.1,-0.6427876096865396,0.7660444431189778
2019301N05081,2019,MAHA,2019-10-30 06:00:00,TS,8.3,74.9,25.0,1002.0,10,320,8.0,75.1,7.4,75.7,8.7,74.5,9.3,74.1,10.3,73.4,11.1,73.3,12.0,73.1,-0.6427876096865396,0.7660444431189778
2019301N05081,2019,MAHA,2019-10-30 09:00:00,TS,8.7,74.5,30.0,1001.0,12,325,8.3,74.9,8.0,75.1,9.3,74.1,9.8,73.8,10.7,73.3,11.6,73.1,12.5,73.1,-0.5735764363510465,0.8191520442889916
2019301N05081,2019,MAHA,2019-10-30 12:00:00,TS,9.3,74.1,35.0,1000.0,12,325,8.7,74.5,8.3,74.9,9.8,73.8,10.3,73.4,11.1,73.3,12.0,73.1,13.0,72.9,-0.5735764363510465,0.8191520442889916
2019301N05081,2019,MAHA,2019-10-30 15:00:00,TS,9.8,73.8,40.0,998.0,13,325,9.3,74.1,8.7,74.5,10.3,73.4,10.7,73.3,11.6,73.1,12.5,73.1,13.5,72.6,-0.5735764363510465,0.8191520442889916
2019301N05081,2019,MAHA,2019-10-30 18:00:00,TS,10.3,73.4,40.0,998.0,11,330,9.8,73.8,9.3,74.1,10.7,73.3,11.1,73.3,12.0,73.1,13.0,72.9,13.9,72.3,-0.5000000000000004,0.8660254037844384
2019301N05081,2019,MAHA,2019-10-30 21:00:00,TS,10.7,73.3,40.0,998.0,8,350,10.3,73.4,9.8,73.8,11.1,73.3,11.6,73.1,12.5,73.1,13.5,72.6,14.1,72.0,-0.1736481776669304,0.984807753012208
2019301N05081,2019,MAHA,2019-10-31 00:00:00,TS,11.1,73.3,45.0,996.0,9,350,10.7,73.3,10.3,73.4,11.6,73.1,12.0,73.1,13.0,72.9,13.9,72.3,14.6,71.6,-0.1736481776669304,0.984807753012208
2019301N05081,2019,MAHA,2019-10-31 03:00:00,TS,11.6,73.1,45.0,996.0,10,350,11.1,73.3,10.7,73.3,12.0,73.1,12.5,73.1,13.5,72.6,14.1,72.0,14.8,70.9,-0.1736481776669304,0.984807753012208
2019301N05081,2019,MAHA,2019-10-31 06:00:00,TS,12.0,73.1,50.0,994.0,9,0,11.6,73.1,11.1,73.3,12.5,73.1,13.0,72.9,13.9,72.3,14.6,71.6,15.2,70.4,0.0,1.0
2019301N05081,2019,MAHA,2019-10-31 09:00:00,TS,12.5,73.1,50.0,994.0,10,350,12.0,73.1,11.6,73.1,13.0,72.9,13.5,72.6,14.1,72.0,14.8,70.9,15.3,70.0,-0.1736481776669304,0.984807753012208
2019301N05081,2019,MAHA,2019-10-31 12:00:00,TS,13.0,72.9,50.0,992.0,11,330,12.5,73.1,12.0,73.1,13.5,72.6,13.9,72.3,14.6,71.6,15.2,70.4,15.5,69.7,-0.5000000000000004,0.8660254037844384
2019301N05081,2019,MAHA,2019-10-31 15:00:00,TS,13.5,72.6,55.0,990.0,11,325,13.0,72.9,12.5,73.1,13.9,72.3,14.1,72.0,14.8,70.9,15.3,70.0,15.7,69.4,-0.5735764363510465,0.8191520442889916
2019301N05081,2019,MAHA,2019-10-31 18:00:00,TS,13.9,72.3,55.0,990.0,9,315,13.5,72.6,13.0,72.9,14.1,72.0,14.6,71.6,15.2,70.4,15.5,69.7,15.9,69.1,-0.7071067811865477,0.7071067811865474
2019301N05081,2019,MAHA,2019-10-31 21:00:00,TS,14.1,72.0,55.0,990.0,10,315,13.9,72.3,13.5,72.6,14.6,71.6,14.8,70.9,15.3,70.0,15.7,69.4,16.0,68.9,-0.7071067811865477,0.7071067811865474
2019301N05081,2019,MAHA,2019-11-01 00:00:00,TS,14.6,71.6,55.0,990.0,12,305,14.1,72.0,13.9,72.3,14.8,70.9,15.2,70.4,15.5,69.7,15.9,69.1,16.2,68.6,-0.8191520442889918,0.573576436351046
2019301N05081,2019,MAHA,2019-11-01 03:00:00,TS,14.8,70.9,55.0,990.0,12,295,14.6,71.6,14.1,72.0,15.2,70.4,15.3,70.0,15.7,69.4,16.0,68.9,16.3,68.4,-0.9063077870366499,0.4226182617406996
2019301N05081,2019,MAHA,2019-11-01 06:00:00,TS,15.2,70.4,55.0,990.0,10,300,14.8,70.9,14.6,71.6,15.3,70.0,15.5,69.7,15.9,69.1,16.2,68.6,16.6,68.2,-0.8660254037844386,0.5000000000000001
2019301N05081,2019,MAHA,2019-11-01 09:00:00,TS,15.3,70.0,55.0,990.0,8,295,15.2,70.4,14.8,70.9,15.5,69.7,15.7,69.4,16.0,68.9,16.3,68.4,16.8,67.9,-0.9063077870366499,0.4226182617406996
2019301N05081,2019,MAHA,2019-11-01 12:00:00,TS,15.5,69.7,50.0,992.0,7,295,15.3,70.0,15.2,70.4,15.7,69.4,15.9,69.1,16.2,68.6,16.6,68.2,17.0,67.6,-0.9063077870366499,0.4226182617406996
2019301N05081,2019,MAHA,2019-11-01 15:00:00,TS,15.7,69.4,50.0,992.0,6,305,15.5,69.7,15.3,70.0,15.9,69.1,16.0,68.9,16.3,68.4,16.8,67.9,17.1,67.3,-0.8191520442889918,0.573576436351046
2019301N05081,2019,MAHA,2019-11-01 18:00:00,TS,15.9,69.1,50.0,992.0,6,310,15.7,69.4,15.5,69.7,16.0,68.9,16.2,68.6,16.6,68.2,17.0,67.6,17.2,67.1,-0.7660444431189781,0.6427876096865393
2019301N05081,2019,MAHA,2019-11-01 21:00:00,TS,16.0,68.9,50.0,992.0,6,300,15.9,69.1,15.7,69.4,16.2,68.6,16.3,68.4,16.8,67.9,17.1,67.3,17.4,66.8,-0.8660254037844386,0.5000000000000001
2019301N05081,2019,MAHA,2019-11-02 00:00:00,TS,16.2,68.6,50.0,992.0,6,300,16.0,68.9,15.9,69.1,16.3,68.4,16.6,68.2,17.0,67.6,17.2,67.1,17.5,66.6,-0.8660254037844386,0.5000000000000001
2019301N05081,2019,MAHA,2019-11-02 03:00:00,TS,16.3,68.4,50.0,992.0,6,315,16.2,68.6,16.0,68.9,16.6,68.2,16.8,67.9,17.1,67.3,17.4,66.8,17.5,66.4,-0.7071067811865477,0.7071067811865474
2019301N05081,2019,MAHA,2019-11-02 06:00:00,TS,16.6,68.2,50.0,992.0,7,315,16.3,68.4,16.2,68.6,16.8,67.9,17.0,67.6,17.2,67.1,17.5,66.6,17.6,66.2,-0.7071067811865477,0.7071067811865474
2019301N05081,2019,MAHA,2019-11-02 09:00:00,TS,16.8,67.9,50.0,992.0,7,310,16.6,68.2,16.3,68.4,17.0,67.6,17.1,67.3,17.4,66.8,17.5,66.4,17.6,65.9,-0.7660444431189781,0.6427876096865393
2019301N05081,2019,MAHA,2019-11-02 12:00:00,TS,17.0,67.6,55.0,990.0,6,300,16.8,67.9,16.6,68.2,17.1,67.3,17.2,67.1,17.5,66.6,17.6,66.2,17.7,65.7,-0.8660254037844386,0.5000000000000001
2019301N05081,2019,MAHA,2019-11-02 15:00:00,TS,17.1,67.3,55.0,990.0,6,290,17.0,67.6,16.8,67.9,17.2,67.1,17.4,66.8,17.5,66.4,17.6,65.9,17.8,65.5,-0.9396926207859083,0.342020143325669
2019301N05081,2019,MAHA,2019-11-02 18:00:00,TS,17.2,67.1,60.0,988.0,5,305,17.1,67.3,17.0,67.6,17.4,66.8,17.5,66.6,17.6,66.2,17.7,65.7,17.9,65.4,-0.8191520442889918,0.573576436351046
2019301N05081,2019,MAHA,2019-11-02 21:00:00,TS,17.4,66.8,60.0,988.0,5,305,17.2,67.1,17.1,67.3,17.5,66.6,17.5,66.4,17.6,65.9,17.8,65.5,18.0,65.1,-0.8191520442889918,0.573576436351046
2019301N05081,2019,MAHA,2019-11-03 00:00:00,TS,17.5,66.6,60.0,988.0,4,285,17.4,66.8,17.2,67.1,17.5,66.4,17.6,66.2,17.7,65.7,17.9,65.4,18.1,64.9,-0.9659258262890684,0.2588190451025203
2019301N05081,2019,MAHA,2019-11-03 03:00:00,TS,17.5,66.4,60.0,988.0,4,275,17.5,66.6,17.4,66.8,17.6,66.2,17.6,65.9,17.8,65.5,18.0,65.1,18.3,64.6,-0.9961946980917455,0.08715574274765789
2019301N05081,2019,MAHA,2019-11-03 06:00:00,TS,17.6,66.2,60.0,988.0,5,280,17.5,66.4,17.5,66.6,17.6,65.9,17.7,65.7,17.9,65.4,18.1,64.9,18.6,64.4,-0.9848077530122081,0.17364817766692997
2019301N05081,2019,MAHA,2019-11-03 09:00:00,TS,17.6,65.9,65.0,984.0,5,285,17.6,66.2,17.5,66.4,17.7,65.7,17.8,65.5,18.0,65.1,18.3,64.6,18.7,64.2,-0.9659258262890684,0.2588190451025203
2019301N05081,2019,MAHA,2019-11-03 12:00:00,TS,17.7,65.7,70.0,982.0,4,300,17.6,65.9,17.6,66.2,17.8,65.5,17.9,65.4,18.1,64.9,18.6,64.4,18.9,64.1,-0.8660254037844386,0.5000000000000001
2019301N05081,2019,MAHA,2019-11-03 15:00:00,TS,17.8,65.5,75.0,978.0,4,300,17.7,65.7,17.6,65.9,17.9,65.4,18.0,65.1,18.3,64.6,18.7,64.2,19.2,63.9,-0.8660254037844386,0.5000000000000001
2019301N05081,2019,MAHA,2019-11-03 18:00:00,TS,17.9,65.4,80.0,974.0,5,290,17.8,65.5,17.7,65.7,18.0,65.1,18.1,64.9,18.6,64.4,18.9,64.1,19.3,63.7,-0.9396926207859083,0.342020143325669
2019301N05081,2019,MAHA,2019-11-03 21:00:00,TS,18.0,65.1,85.0,970.0,5,295,17.9,65.4,17.8,65.5,18.1,64.9,18.3,64.6,18.7,64.2,19.2,63.9,19.4,63.6,-0.9063077870366499,0.4226182617406996
2019301N05081,2019,MAHA,2019-11-04 00:00:00,TS,18.1,64.9,90.0,966.0,5,305,18.0,65.1,17.9,65.4,18.3,64.6,18.6,64.4,18.9,64.1,19.3,63.7,19.5,63.5,-0.8191520442889918,0.573576436351046
2019301N05081,2019,MAHA,2019-11-04 03:00:00,TS,18.3,64.6,90.0,966.0,7,315,18.1,64.9,18.0,65.1,18.6,64.4,18.7,64.2,19.2,63.9,19.4,63.6,19.6,63.5,-0.7071067811865477,0.7071067811865474
2019301N05081,2019,MAHA,2019-11-04 06:00:00,TS,18.6,64.4,90.0,966.0,5,320,18.3,64.6,18.1,64.9,18.7,64.2,18.9,64.1,19.3,63.7,19.5,63.5,19.7,63.6,-0.6427876096865396,0.7660444431189778
2019301N05081,2019,MAHA,2019-11-04 09:00:00,TS,18.7,64.2,95.0,962.0,4,330,18.6,64.4,18.3,64.6,18.9,64.1,19.2,63.9,19.4,63.6,19.6,63.5,19.7,63.7,-0.5000000000000004,0.8660254037844384
2019301N05081,2019,MAHA,2019-11-04 12:00:00,TS,18.9,64.1,100.0,956.0,6,325,18.7,64.2,18.6,64.4,19.2,63.9,19.3,63.7,19.5,63.5,19.7,63.6,19.8,64.0,-0.5735764363510465,0.8191520442889916
2019301N05081,2019,MAHA,2019-11-04 15:00:00,TS,19.2,63.9,100.0,956.0,6,315,18.9,64.1,18.7,64.2,19.3,63.7,19.4,63.6,19.6,63.5,19.7,63.7,19.8,64.3,-0.7071067811865477,0.7071067811865474
2019301N05081,2019,MAHA,2019-11-04 18:00:00,TS,19.3,63.7,100.0,956.0,4,305,19.2,63.9,18.9,64.1,19.4,63.6,19.5,63.5,19.7,63.6,19.8,64.0,19.8,64.8,-0.8191520442889918,0.573576436351046
2019301N05081,2019,MAHA,2019-11-04 21:00:00,TS,19.4,63.6,100.0,956.0,3,315,19.3,63.7,19.2,63.9,19.5,63.5,19.6,63.5,19.7,63.7,19.8,64.3,19.8,65.3,-0.7071067811865477,0.7071067811865474
2019301N05081,2019,MAHA,2019-11-05 00:00:00,TS,19.5,63.5,90.0,966.0,2,340,19.4,63.6,19.3,63.7,19.6,63.5,19.7,63.6,19.8,64.0,19.8,64.8,19.8,65.6,-0.3420201433256686,0.9396926207859084
2019301N05081,2019,MAHA,2019-11-05 03:00:00,TS,19.6,63.5,85.0,970.0,2,25,19.5,63.5,19.4,63.6,19.7,63.6,19.7,63.7,19.8,64.3,19.8,65.3,19.7,66.0,0.42261826174069944,0.9063077870366499
2019301N05081,2019,MAHA,2019-11-05 06:00:00,TS,19.7,63.6,80.0,974.0,3,60,19.6,63.5,19.5,63.5,19.7,63.7,19.8,64.0,19.8,64.8,19.8,65.6,19.7,66.4,0.8660254037844386,0.5000000000000001
2019301N05081,2019,MAHA,2019-11-05 09:00:00,TS,19.7,63.7,80.0,974.0,4,80,19.7,63.6,19.6,63.5,19.8,64.0,19.8,64.3,19.8,65.3,19.7,66.0,19.6,66.9,0.984807753012208,0.17364817766693041
2019301N05081,2019,MAHA,2019-11-05 12:00:00,TS,19.8,64.0,70.0,982.0,5,90,19.7,63.7,19.7,63.6,19.8,64.3,19.8,64.8,19.8,65.6,19.7,66.4,19.6,67.5,1.0,6.123233995736766e-17
2019301N05081,2019,MAHA,2019-11-05 15:00:00,TS,19.8,64.3,70.0,982.0,8,90,19.8,64.0,19.7,63.7,19.8,64.8,19.8,65.3,19.7,66.0,19.6,66.9,19.6,68.1,1.0,6.123233995736766e-17
2019301N05081,2019,MAHA,2019-11-05 18:00:00,TS,19.8,64.8,70.0,982.0,9,90,19.8,64.3,19.8,64.0,19.8,65.3,19.8,65.6,19.7,66.4,19.6,67.5,19.6,68.5,1.0,6.123233995736766e-17
2019301N05081,2019,MAHA,2019-11-05 21:00:00,TS,19.8,65.3,70.0,982.0,8,90,19.8,64.8,19.8,64.3,19.8,65.6,19.7,66.0,19.6,66.9,19.6,68.1,19.6,69.0,1.0,6.123233995736766e-17
2019301N05081,2019,MAHA,2019-11-06 00:00:00,TS,19.8,65.6,60.0,988.0,7,90,19.8,65.3,19.8,64.8,19.7,66.0,19.7,66.4,19.6,67.5,19.6,68.5,19.7,69.6,1.0,6.123233995736766e-17
2019301N05081,2019,MAHA,2019-11-06 03:00:00,TS,19.7,66.0,55.0,990.0,7,100,19.8,65.6,19.8,65.3,19.7,66.4,19.6,66.9,19.6,68.1,19.6,69.0,19.9,70.1,0.984807753012208,-0.1736481776669303
2019301N05081,2019,MAHA,2019-11-06 06:00:00,TS,19.7,66.4,50.0,994.0,8,100,19.7,66.0,19.8,65.6,19.6,66.9,19.6,67.5,19.6,68.5,19.7,69.6,20.1,70.4,0.984807753012208,-0.1736481776669303
2019301N05081,2019,MAHA,2019-11-06 09:00:00,TS,19.6,66.9,50.0,994.0,11,95,19.7,66.4,19.7,66.0,19.6,67.5,19.6,68.1,19.6,69.0,19.9,70.1,20.2,70.8,0.9961946980917455,-0.08715574274765824
2019301N05081,2019,MAHA,2019-11-06 12:00:00,TS,19.6,67.5,45.0,996.0,11,90,19.6,66.9,19.7,66.4,19.6,68.1,19.6,68.5,19.7,69.6,20.1,70.4,20.2,71.3,1.0,6.123233995736766e-17
2019301N05081,2019,MAHA,2019-11-06 15:00:00,TS,19.6,68.1,40.0,998.0,9,95,19.6,67.5,19.6,66.9,19.6,68.5,19.6,69.0,19.9,70.1,20.2,70.8,20.3,71.7,0.9961946980917455,-0.08715574274765824
2019301N05081,2019,MAHA,2019-11-06 18:00:00,TS,19.6,68.5,40.0,998.0,9,90,19.6,68.1,19.6,67.5,19.6,69.0,19.7,69.6,20.1,70.4,20.2,71.3,20.4,72.0,1.0,6.123233995736766e-17
2019301N05081,2019,MAHA,2019-11-06 21:00:00,TS,19.6,69.0,35.0,1000.0,11,80,19.6,68.5,19.6,68.1,19.7,69.6,19.9,70.1,20.2,70.8,20.3,71.7,20.3,72.2,0.984807753012208,0.17364817766693041
2019301N05081,2019,MAHA,2019-11-07 00:00:00,TS,19.7,69.6,30.0,1003.0,10,70,19.6,69.0,19.6,68.5,19.9,70.1,20.1,70.4,20.2,71.3,20.4,72.0,20.2,72.3,0.9396926207859083,0.3420201433256688
2019301N05081,2019,MAHA,2019-11-07 03:00:00,TS,19.9,70.1,30.0,1003.0,8,65,19.7,69.6,19.6,69.0,20.1,70.4,20.2,70.8,20.3,71.7,20.3,72.2,20.1,72.4,0.9063077870366499,0.42261826174069944
2019301N05081,2019,MAHA,2019-11-07 06:00:00,TS,20.1,70.4,25.0,1005.0,7,70,19.9,70.1,19.7,69.6,20.2,70.8,20.2,71.3,20.4,72.0,20.2,72.3,20.1,72.5,0.9396926207859083,0.3420201433256688
2019301N05081,2019,MAHA,2019-11-07 09:00:00,TS,20.2,70.8,20.0,1005.0,9,80,20.1,70.4,19.9,70.1,20.2,71.3,20.3,71.7,20.3,72.2,20.1,72.4,20.2,72.5,0.984807753012208,0.17364817766693041
2019301N05081,2019,MAHA,2019-11-07 12:00:00,TS,20.2,71.3,,,9,80,20.2,70.8,20.1,70.4,20.3,71.7,20.4,72.0,20.2,72.3,20.1,72.5,20.3,72.5,0.984807753012208,0.17364817766693041
2019301N05081,2019,MAHA,2019-11-07 15:00:00,TS,20.3,71.7,,,7,75,20.2,71.3,20.2,70.8,20.4,72.0,20.3,72.2,20.1,72.4,20.2,72.5,20.3,72.4,0.9659258262890683,0.25881904510252074
2019301N05081,2019,MAHA,2019-11-07 18:00:00,TS,20.4,72.0,,,5,90,20.3,71.7,20.2,71.3,20.3,72.2,20.2,72.3,20.1,72.5,20.3,72.5,20.3,72.3,1.0,6.123233995736766e-17
2019301N05081,2019,MAHA,2019-11-07 21:00:00,TS,20.3,72.2,,,3,125,20.4,72.0,20.3,71.7,20.2,72.3,20.1,72.4,20.2,72.5,20.3,72.4,20.3,72.3,0.8191520442889917,-0.5735764363510462
2019301N05081,2019,MAHA,2019-11-08 00:00:00,TS,20.2,72.3,,,3,135,20.3,72.2,20.4,72.0,20.1,72.4,20.1,72.5,20.3,72.5,20.3,72.3,20.2,72.3,0.7071067811865476,-0.7071067811865475
2019301N05081,2019,MAHA,2019-11-08 03:00:00,TS,20.1,72.4,,,2,120,20.2,72.3,20.3,72.2,20.1,72.5,20.2,72.5,20.3,72.4,20.3,72.3,20.1,72.1,0.8660254037844387,-0.4999999999999998
2019301N05081,2019,MAHA,2019-11-08 06:00:00,TS,20.1,72.5,,,1,55,20.1,72.4,20.2,72.3,20.2,72.5,20.3,72.5,20.3,72.3,20.2,72.3,19.9,71.9,0.8191520442889918,0.5735764363510462
2019301N05081,2019,MAHA,2019-11-08 09:00:00,TS,20.2,72.5,,,2,10,20.1,72.5,20.1,72.4,20.3,72.5,20.3,72.4,20.3,72.3,20.1,72.1,19.8,71.7,0.17364817766693033,0.984807753012208
2019301N05081,2019,MAHA,2019-11-08 12:00:00,TS,20.3,72.5,,,2,315,20.2,72.5,20.1,72.5,20.3,72.4,20.3,72.3,20.2,72.3,19.9,71.9,19.8,71.4,-0.7071067811865477,0.7071067811865474
2019301N05081,2019,MAHA,2019-11-08 15:00:00,TS,20.3,72.4,,,2,270,20.3,72.5,20.2,72.5,20.3,72.3,20.3,72.3,20.1,72.1,19.8,71.7,19.7,71.2,-1.0,-1.8369701987210297e-16
2019301N05081,2019,MAHA,2019-11-08 18:00:00,TS,20.3,72.3,,,1,240,20.3,72.4,20.3,72.5,20.3,72.3,20.2,72.3,19.9,71.9,19.8,71.4,19.5,70.9,-0.8660254037844384,-0.5000000000000004
2019301N05081,2019,MAHA,2019-11-08 21:00:00,TS,20.3,72.3,,,1,0,20.3,72.3,20.3,72.4,20.2,72.3,20.1,72.1,19.8,71.7,19.7,71.2,19.4,70.5,0.0,1.0
2019301N05081,2019,MAHA,2019-11-09 00:00:00,TS,20.2,72.3,,,3,215,20.3,72.3,20.3,72.3,20.1,72.1,19.9,71.9,19.8,71.4,19.5,70.9,19.3,70.1,-0.5735764363510462,-0.8191520442889918
2019301N05081,2019,MAHA,2019-11-09 03:00:00,TS,20.1,72.1,,,5,230,20.2,72.3,20.3,72.3,19.9,71.9,19.8,71.7,19.7,71.2,19.4,70.5,19.2,69.7,-0.7660444431189779,-0.6427876096865395
2019301N05081,2019,MAHA,2019-11-09 06:00:00,DS,19.9,71.9,,,5,245,20.1,72.1,20.2,72.3,19.8,71.7,19.8,71.4,19.5,70.9,19.3,70.1,19.2,69.3,-0.90630778703665,-0.42261826174069916
2019301N05081,2019,MAHA,2019-11-09 09:00:00,DS,19.8,71.7,,,5,260,19.9,71.9,20.1,72.1,19.8,71.4,19.7,71.2,19.4,70.5,19.2,69.7,19.1,68.9,-0.984807753012208,-0.17364817766693033
2019301N05081,2019,MAHA,2019-11-09 12:00:00,DS,19.8,71.4,,,5,245,19.8,71.7,19.9,71.9,19.7,71.2,19.5,70.9,19.3,70.1,19.2,69.3,19.0,68.5,-0.90630778703665,-0.42261826174069916
2019301N05081,2019,MAHA,2019-11-09 15:00:00,DS,19.7,71.2,,,6,235,19.8,71.4,19.8,71.7,19.5,70.9,19.4,70.5,19.2,69.7,19.1,68.9,18.7,68.2,-0.8191520442889916,-0.5735764363510464
2019301N05081,2019,MAHA,2019-11-09 18:00:00,DS,19.5,70.9,,,7,245,19.7,71.2,19.8,71.4,19.4,70.5,19.3,70.1,19.2,69.3,19.0,68.5,18.4,67.9,-0.90630778703665,-0.42261826174069916
2019301N05081,2019,MAHA,2019-11-09 21:00:00,DS,19.4,70.5,,,8,255,19.5,70.9,19.7,71.2,19.3,70.1,19.2,69.7,19.1,68.9,18.7,68.2,18.2,67.8,-0.9659258262890683,-0.25881904510252063
2019301N05081,2019,MAHA,2019-11-10 00:00:00,DS,19.3,70.1,,,8,260,19.4,70.5,19.5,70.9,19.2,69.7,19.2,69.3,19.0,68.5,18.4,67.9,18.1,67.7,-0.984807753012208,-0.17364817766693033
2019302N11118,2019,BULBUL:MATMO,2019-10-28 18:00:00,MX,11.1,117.2,,,14,305,10.6,117.9,10.6,118.2,11.4,116.7,11.7,116.1,12.2,115.0,12.7,114.0,12.9,112.8,-0.8191520442889918,0.573576436351046
2019302N11118,2019,BULBUL:MATMO,2019-10-28 21:00:00,MX,11.4,116.7,,,13,300,11.1,117.2,10.6,117.9,11.7,116.1,12.0,115.5,12.5,114.5,12.8,113.4,13.1,112.3,-0.8660254037844386,0.5000000000000001
2019302N11118,2019,BULBUL:MATMO,2019-10-29 00:00:00,MX,11.7,116.1,,,13,300,11.4,116.7,11.1,117.2,12.0,115.5,12.2,115.0,12.7,114.0,12.9,112.8,13.1,111.7,-0.8660254037844386,0.5000000000000001
2019302N11118,2019,BULBUL:MATMO,2019-10-29 03:00:00,MX,12.0,115.5,,,12,295,11.7,116.1,11.4,116.7,12.2,115.0,12.5,114.5,12.8,113.4,13.1,112.3,13.2,111.2,-0.9063077870366499,0.4226182617406996
2019302N11118,2019,BULBUL:MATMO,2019-10-29 06:00:00,TS,12.2,115.0,,,11,295,12.0,115.5,11.7,116.1,12.5,114.5,12.7,114.0,12.9,112.8,13.1,111.7,13.2,110.8,-0.9063077870366499,0.4226182617406996
2019302N11118,2019,BULBUL:MATMO,2019-10-29 09:00:00,TS,12.5,114.5,,,11,295,12.2,115.0,12.0,115.5,12.7,114.0,12.8,113.4,13.1,112.3,13.2,111.2,13.2,110.5,-0.9063077870366499,0.4226182617406996
2019302N11118,2019,BULBUL:MATMO,2019-10-29 12:00:00,TS,12.7,114.0,,,12,285,12.5,114.5,12.2,115.0,12.8,113.4,12.9,112.8,13.1,111.7,13.2,110.8,13.3,110.1,-0.9659258262890684,0.2588190451025203
2019302N11118,2019,BULBUL:MATMO,2019-10-29 15:00:00,TS,12.8,113.4,,,12,280,12.7,114.0,12.5,114.5,12.9,112.8,13.1,112.3,13.2,111.2,13.2,110.5,13.4,109.5,-0.9848077530122081,0.17364817766692997
2019302N11118,2019,BULBUL:MATMO,2019-10-29 18:00:00,TS,12.9,112.8,,,10,280,12.8,113.4,12.7,114.0,13.1,112.3,13.1,111.7,13.2,110.8,13.3,110.1,13.5,108.8,-0.9848077530122081,0.17364817766692997
2019302N11118,2019,BULBUL:MATMO,2019-10-29 21:00:00,TS,13.1,112.3,,,11,280,12.9,112.8,12.8,113.4,13.1,111.7,13.2,111.2,13.2,110.5,13.4,109.5,13.5,108.0,-0.9848077530122081,0.17364817766692997
2019302N11118,2019,BULBUL:MATMO,2019-10-30 00:00:00,TS,13.1,111.7,,,10,275,13.1,112.3,12.9,112.8,13.2,111.2,13.2,110.8,13.3,110.1,13.5,108.8,13.6,107.2,-0.9961946980917455,0.08715574274765789
2019302N11118,2019,BULBUL:MATMO,2019-10-30 03:00:00,TS,13.2,111.2,,,9,270,13.1,111.7,13.1,112.3,13.2,110.8,13.2,110.5,13.4,109.5,13.5,108.0,13.6,106.5,-1.0,-1.8369701987210297e-16
2019302N11118,2019,BULBUL:MATMO,2019-10-30 06:00:00,TS,13.2,110.8,,,7,275,13.2,111.2,13.1,111.7,13.2,110.5,13.3,110.1,13.5,108.8,13.6,107.2,13.7,105.9,-0.9961946980917455,0.08715574274765789
2019302N11118,2019,BULBUL:MATMO,2019-10-30 09:00:00,TS,13.2,110.5,,,7,280,13.2,110.8,13.2,111.2,13.3,110.1,13.4,109.5,13.5,108.0,13.6,106.5,13.8,105.4,-0.9848077530122081,0.17364817766692997
2019302N11118,2019,BULBUL:MATMO,2019-10-30 12:00:00,TS,13.3,110.1,,,10,280,13.2,110.5,13.2,110.8,13.4,109.5,13.5,108.8,13.6,107.2,13.7,105.9,13.9,104.9,-0.9848077530122081,0.17364817766692997
2019302N11118,2019,BULBUL:MATMO,2019-10-30 15:00:00,TS,13.4,109.5,,,13,280,13.3,110.1,13.2,110.5,13.5,108.8,13.5,108.0,13.6,106.5,13.8,105.4,13.9,104.3,-0.9848077530122081,0.17364817766692997
2019302N11118,2019,BULBUL:MATMO,2019-10-30 18:00:00,TS,13.5,108.8,,,15,275,13.4,109.5,13.3,110.1,13.5,108.0,13.6,107.2,13.7,105.9,13.9,104.9,14.0,103.6,-0.9961946980917455,0.08715574274765789
2019302N11118,2019,BULBUL:MATMO,2019-10-30 21:00:00,TS,13.5,108.0,,,16,275,13.5,108.8,13.4,109.5,13.6,107.2,13.6,106.5,13.8,105.4,13.9,104.3,14.2,102.8,-0.9961946980917455,0.08715574274765789
2019302N11118,2019,BULBUL:MATMO,2019-10-31 00:00:00,TS,13.6,107.2,,,14,275,13.5,108.0,13.5,108.8,13.6,106.5,13.7,105.9,13.9,104.9,14.0,103.6,14.3,102.2,-0.9961946980917455,0.08715574274765789
2019302N11118,2019,BULBUL:MATMO,2019-10-31 03:00:00,TS,13.6,106.5,,,12,275,13.6,107.2,13.5,108.0,13.7,105.9,13.8,105.4,13.9,104.3,14.2,102.8,14.4,101.8,-0.9961946980917455,0.08715574274765789
2019302N11118,2019,BULBUL:MATMO,2019-10-31 06:00:00,TS,13.7,105.9,,,10,280,13.6,106.5,13.6,107.2,13.8,105.4,13.9,104.9,14.0,103.6,14.3,102.2,14.5,101.4,-0.9848077530122081,0.17364817766692997
2019302N11118,2019,BULBUL:MATMO,2019-10-31 09:00:00,TS,13.8,105.4,,,10,280,13.7,105.9,13.6,106.5,13.9,104.9,13.9,104.3,14.2,102.8,14.4,101.8,14.5,101.0,-0.9848077530122081,0.17364817766692997
2019302N11118,2019,BULBUL:MATMO,2019-10-31 12:00:00,TS,13.9,104.9,,,11,275,13.8,105.4,13.7,105.9,13.9,104.3,14.0,103.6,14.3,102.2,14.5,101.4,14.4,100.7,-0.9961946980917455,0.08715574274765789
2019302N11118,2019,BULBUL:MATMO,2019-10-31 15:00:00,TS,13.9,104.3,,,13,275,13.9,104.9,13.8,105.4,14.0,103.6,14.2,102.8,14.4,101.8,14.5,101.0,14.3,100.4,-0.9961946980917455,0.08715574274765789
2019302N11118,2019,BULBUL:MATMO,2019-10-31 18:00:00,MX,14.0,103.6,,,15,280,13.9,104.3,13.9,104.9,14.2,102.8,14.3,102.2,14.5,101.4,14.4,100.7,14.2,100.0,-0.9848077530122081,0.17364817766692997
2019302N11118,2019,BULBUL:MATMO,2019-10-31 21:00:00,DS,14.2,102.8,,,14,285,14.0,103.6,13.9,104.3,14.3,102.2,14.4,101.8,14.5,101.0,14.3,100.4,14.1,99.6,-0.9659258262890684,0.2588190451025203
2019302N11118,2019,BULBUL:MATMO,2019-11-01 00:00:00,DS,14.3,102.2,,,10,285,14.2,102.8,14.0,103.6,14.4,101.8,14.5,101.4,14.4,100.7,14.2,100.0,14.0,99.3,-0.9659258262890684,0.2588190451025203
2019302N11118,2019,BULBUL:MATMO,2019-11-01 03:00:00,DS,14.4,101.8,,,8,285,14.3,102.2,14.2,102.8,14.5,101.4,14.5,101.0,14.3,100.4,14.1,99.6,13.9,99.0,-0.9659258262890684,0.2588190451025203
2019302N11118,2019,BULBUL:MATMO,2019-11-01 06:00:00,DS,14.5,101.4,,,7,275,14.4,101.8,14.3,102.2,14.5,101.0,14.4,100.7,14.2,100.0,14.0,99.3,13.8,98.8,-0.9961946980917455,0.08715574274765789
2019302N11118,2019,BULBUL:MATMO,2019-11-01 09:00:00,DS,14.5,101.0,,,7,260,14.5,101.4,14.4,101.8,14.4,100.7,14.3,100.4,14.1,99.6,13.9,99.0,13.7,98.6,-0.984807753012208,-0.17364817766693033
2019302N11118,2019,BULBUL:MATMO,2019-11-01 12:00:00,DS,14.4,100.7,,,7,255,14.5,101.0,14.5,101.4,14.3,100.4,14.2,100.0,14.0,99.3,13.8,98.8,13.6,98.3,-0.9659258262890683,-0.25881904510252063
2019302N11118,2019,BULBUL:MATMO,2019-11-01 15:00:00,DS,14.3,100.4,,,7,255,14.4,100.7,14.5,101.0,14.2,100.0,14.1,99.6,13.9,99.0,13.7,98.6,13.5,98.0,-0.9659258262890683,-0.25881904510252063
2019302N11118,2019,BULBUL:MATMO,2019-11-01 18:00:00,DS,14.2,100.0,,,7,255,14.3,100.4,14.4,100.7,14.1,99.6,14.0,99.3,13.8,98.8,13.6,98.3,13.4,97.6,-0.9659258262890683,-0.25881904510252063
2019302N11118,2019,BULBUL:MATMO,2019-11-01 21:00:00,DS,14.1,99.6,,,7,255,14.2,100.0,14.3,100.4,14.0,99.3,13.9,99.0,13.7,98.6,13.5,98.0,13.3,97.2,-0.9659258262890683,-0.25881904510252063
2019302N11118,2019,BULBUL:MATMO,2019-11-02 00:00:00,DS,14.0,99.3,,,6,250,14.1,99.6,14.2,100.0,13.9,99.0,13.8,98.8,13.6,98.3,13.4,97.6,13.3,96.7,-0.9396926207859084,-0.34202014332566855
2019302N11118,2019,BULBUL:MATMO,2019-11-02 03:00:00,DS,13.9,99.0,,,5,250,14.0,99.3,14.1,99.6,13.8,98.8,13.7,98.6,13.5,98.0,13.3,97.2,13.3,96.3,-0.9396926207859084,-0.34202014332566855
2019302N11118,2019,BULBUL:MATMO,2019-11-02 06:00:00,DS,13.8,98.8,,,5,245,13.9,99.0,14.0,99.3,13.7,98.6,13.6,98.3,13.4,97.6,13.3,96.7,13.3,96.0,-0.90630778703665,-0.42261826174069916
2019302N11118,2019,BULBUL:MATMO,2019-11-02 09:00:00,DS,13.7,98.6,,,5,250,13.8,98.8,13.9,99.0,13.6,98.3,13.5,98.0,13.3,97.2,13.3,96.3,13.3,95.7,-0.9396926207859084,-0.34202014332566855
2019302N11118,2019,BULBUL:MATMO,2019-11-02 12:00:00,DS,13.6,98.3,,,6,250,13.7,98.6,13.8,98.8,13.5,98.0,13.4,97.6,13.3,96.7,13.3,96.0,13.3,95.4,-0.9396926207859084,-0.34202014332566855
2019302N11118,2019,BULBUL:MATMO,2019-11-02 15:00:00,DS,13.5,98.0,,,7,255,13.6,98.3,13.7,98.6,13.4,97.6,13.3,97.2,13.3,96.3,13.3,95.7,13.3,95.1,-0.9659258262890683,-0.25881904510252063
2019302N11118,2019,BULBUL:MATMO,2019-11-02 18:00:00,DS,13.4,97.6,,,8,260,13.5,98.0,13.6,98.3,13.3,97.2,13.3,96.7,13.3,96.0,13.3,95.4,13.2,94.8,-0.984807753012208,-0.17364817766693033
2019302N11118,2019,BULBUL:MATMO,2019-11-02 21:00:00,DS,13.3,97.2,,,9,265,13.4,97.6,13.5,98.0,13.3,96.7,13.3,96.3,13.3,95.7,13.3,95.1,13.1,94.5,-0.9961946980917455,-0.08715574274765825
2019302N11118,2019,BULBUL:MATMO,2019-11-03 00:00:00,DS,13.3,96.7,,,8,265,13.3,97.2,13.4,97.6,13.3,96.3,13.3,96.0,13.3,95.4,13.2,94.8,13.0,94.1,-0.9961946980917455,-0.08715574274765825
2019302N11118,2019,BULBUL:MATMO,2019-11-03 03:00:00,DS,13.3,96.3,,,7,270,13.3,96.7,13.3,97.2,13.3,96.0,13.3,95.7,13.3,95.1,13.1,94.5,12.9,93.7,-1.0,-1.8369701987210297e-16
2019302N11118,2019,BULBUL:MATMO,2019-11-03 06:00:00,DS,13.3,96.0,,,6,270,13.3,96.3,13.3,96.7,13.3,95.7,13.3,95.4,13.2,94.8,13.0,94.1,12.8,93.2,-1.0,-1.8369701987210297e-16
2019302N11118,2019,BULBUL:MATMO,2019-11-03 09:00:00,DS,13.3,95.7,,,6,270,13.3,96.0,13.3,96.3,13.3,95.4,13.3,95.1,13.1,94.5,12.9,93.7,12.8,92.7,-1.0,-1.8369701987210297e-16
2019302N11118,2019,BULBUL:MATMO,2019-11-03 12:00:00,DS,13.3,95.4,,,6,265,13.3,95.7,13.3,96.0,13.3,95.1,13.2,94.8,13.0,94.1,12.8,93.2,12.8,92.3,-0.9961946980917455,-0.08715574274765825
2019302N11118,2019,BULBUL:MATMO,2019-11-03 15:00:00,DS,13.3,95.1,,,6,260,13.3,95.4,13.3,95.7,13.2,94.8,13.1,94.5,12.9,93.7,12.8,92.7,12.8,91.9,-0.984807753012208,-0.17364817766693033
2019302N11118,2019,BULBUL:MATMO,2019-11-03 18:00:00,DS,13.2,94.8,,,6,255,13.3,95.1,13.3,95.4,13.1,94.5,13.0,94.1,12.8,93.2,12.8,92.3,12.8,91.6,-0.9659258262890683,-0.25881904510252063
2019302N11118,2019,BULBUL:MATMO,2019-11-03 21:00:00,DS,13.1,94.5,,,7,255,13.2,94.8,13.3,95.1,13.0,94.1,12.9,93.7,12.8,92.7,12.8,91.9,12.8,91.3,-0.9659258262890683,-0.25881904510252063
2019302N11118,2019,BULBUL:MATMO,2019-11-04 00:00:00,DS,13.0,94.1,,,8,255,13.1,94.5,13.2,94.8,12.9,93.7,12.8,93.2,12.8,92.3,12.8,91.6,12.9,91.1,-0.9659258262890683,-0.25881904510252063
2019302N11118,2019,BULBUL:MATMO,2019-11-04 03:00:00,DS,12.9,93.7,,,9,255,13.0,94.1,13.1,94.5,12.8,93.2,12.8,92.7,12.8,91.9,12.8,91.3,12.9,90.9,-0.9659258262890683,-0.25881904510252063
2019302N11118,2019,BULBUL:MATMO,2019-11-04 06:00:00,TS,12.8,93.2,,,9,265,12.9,93.7,13.0,94.1,12.8,92.7,12.8,92.3,12.8,91.6,12.9,91.1,12.9,90.6,-0.9961946980917455,-0.08715574274765825
2019302N11118,2019,BULBUL:MATMO,2019-11-04 09:00:00,TS,12.8,92.7,,,9,270,12.8,93.2,12.9,93.7,12.8,92.3,12.8,91.9,12.8,91.3,12.9,90.9,13.0,90.4,-1.0,-1.8369701987210297e-16
2019302N11118,2019,BULBUL:MATMO,2019-11-04 12:00:00,TS,12.8,92.3,,,8,270,12.8,92.7,12.8,93.2,12.8,91.9,12.8,91.6,12.9,91.1,12.9,90.6,13.1,90.1,-1.0,-1.8369701987210297e-16
2019302N11118,2019,BULBUL:MATMO,2019-11-04 15:00:00,TS,12.8,91.9,,,7,270,12.8,92.3,12.8,92.7,12.8,91.6,12.8,91.3,12.9,90.9,13.0,90.4,13.1,89.9,-1.0,-1.8369701987210297e-16
2019302N11118,2019,BULBUL:MATMO,2019-11-04 18:00:00,TS,12.8,91.6,,,6,270,12.8,91.9,12.8,92.3,12.8,91.3,12.9,91.1,12.9,90.6,13.1,90.1,13.1,89.8,-1.0,-1.8369701987210297e-16
2019302N11118,2019,BULBUL:MATMO,2019-11-04 21:00:00,TS,12.8,91.3,,,5,275,12.8,91.6,12.8,91.9,12.9,91.1,12.9,90.9,13.0,90.4,13.1,89.9,13.2,89.8,-0.9961946980917455,0.08715574274765789
2019302N11118,2019,BULBUL:MATMO,2019-11-05 00:00:00,TS,12.9,91.1,20.0,1004.0,4,285,12.8,91.3,12.8,91.6,12.9,90.9,12.9,90.6,13.1,90.1,13.1,89.8,13.3,89.8,-0.9659258262890684,0.2588190451025203
2019302N11118,2019,BULBUL:MATMO,2019-11-05 03:00:00,TS,12.9,90.9,25.0,1003.0,5,280,12.9,91.1,12.8,91.3,12.9,90.6,13.0,90.4,13.1,89.9,13.2,89.8,13.3,89.8,-0.9848077530122081,0.17364817766692997
2019302N11118,2019,BULBUL:MATMO,2019-11-05 06:00:00,TS,12.9,90.6,25.0,1003.0,5,280,12.9,90.9,12.9,91.1,13.0,90.4,13.1,90.1,13.1,89.8,13.3,89.8,13.3,89.7,-0.9848077530122081,0.17364817766692997
2019302N11118,2019,BULBUL:MATMO,2019-11-05 09:00:00,TS,13.0,90.4,25.0,1003.0,5,285,12.9,90.6,12.9,90.9,13.1,90.1,13.1,89.9,13.2,89.8,13.3,89.8,13.3,89.7,-0.9659258262890684,0.2588190451025203
2019302N11118,2019,BULBUL:MATMO,2019-11-05 12:00:00,TS,13.1,90.1,25.0,1003.0,5,280,13.0,90.4,12.9,90.6,13.1,89.9,13.1,89.8,13.3,89.8,13.3,89.7,13.4,89.7,-0.9848077530122081,0.17364817766692997
2019302N11118,2019,BULBUL:MATMO,2019-11-05 15:00:00,TS,13.1,89.9,25.0,1003.0,3,280,13.1,90.1,13.0,90.4,13.1,89.8,13.2,89.8,13.3,89.8,13.3,89.7,13.6,89.6,-0.9848077530122081,0.17364817766692997
2019302N11118,2019,BULBUL:MATMO,2019-11-05 18:00:00,TS,13.1,89.8,25.0,1002.0,2,320,13.1,89.9,13.1,90.1,13.2,89.8,13.3,89.8,13.3,89.7,13.4,89.7,13.9,89.6,-0.6427876096865396,0.7660444431189778
2019302N11118,2019,BULBUL:MATMO,2019-11-05 21:00:00,TS,13.2,89.8,28.0,1002.0,2,15,13.1,89.8,13.1,89.9,13.3,89.8,13.3,89.8,13.3,89.7,13.6,89.6,14.1,89.4,0.25881904510252074,0.9659258262890683
2019302N11118,2019,BULBUL:MATMO,2019-11-06 00:00:00,TS,13.3,89.8,30.0,1001.0,1,0,13.2,89.8,13.1,89.8,13.3,89.8,13.3,89.7,13.4,89.7,13.9,89.6,14.4,89.3,0.0,1.0
2019302N11118,2019,BULBUL:MATMO,2019-11-06 03:00:00,TS,13.3,89.8,30.0,1001.0,1,245,13.3,89.8,13.2,89.8,13.3,89.7,13.3,89.7,13.6,89.6,14.1,89.4,14.8,89.1,-0.90630778703665,-0.42261826174069916
2019302N11118,2019,BULBUL:MATMO,2019-11-06 06:00:00,TS,13.3,89.7,30.0,1001.0,1,275,13.3,89.8,13.3,89.8,13.3,89.7,13.4,89.7,13.9,89.6,14.4,89.3,15.2,88.7,-0.9961946980917455,0.08715574274765789
2019302N11118,2019,BULBUL:MATMO,2019-11-06 09:00:00,TS,13.3,89.7,30.0,1001.0,2,340,13.3,89.7,13.3,89.8,13.4,89.7,13.6,89.6,14.1,89.4,14.8,89.1,15.4,88.4,-0.3420201433256686,0.9396926207859084
2019302N11118,2019,BULBUL:MATMO,2019-11-06 12:00:00,TS,13.4,89.7,30.0,1000.0,3,355,13.3,89.7,13.3,89.7,13.6,89.6,13.9,89.6,14.4,89.3,15.2,88.7,15.8,88.2,-0.08715574274765832,0.9961946980917455
2019302N11118,2019,BULBUL:MATMO,2019-11-06 15:00:00,TS,13.6,89.6,33.0,999.0,5,350,13.4,89.7,13.3,89.7,13.9,89.6,14.1,89.4,14.8,89.1,15.4,88.4,16.0,88.0,-0.1736481776669304,0.984807753012208
2019302N11118,2019,BULBUL:MATMO,2019-11-06 18:00:00,TS,13.9,89.6,35.0,998.0,5,335,13.6,89.6,13.4,89.7,14.1,89.4,14.4,89.3,15.2,88.7,15.8,88.2,16.3,87.8,-0.4226182617406992,0.90630778703665
2019302N11118,2019,BULBUL:MATMO,2019-11-06 21:00:00,TS,14.1,89.4,35.0,998.0,6,330,13.9,89.6,13.6,89.6,14.4,89.3,14.8,89.1,15.4,88.4,16.0,88.0,16.6,87.7,-0.5000000000000004,0.8660254037844384
2019302N11118,2019,BULBUL:MATMO,2019-11-07 00:00:00,TS,14.4,89.3,35.0,998.0,7,340,14.1,89.4,13.9,89.6,14.8,89.1,15.2,88.7,15.8,88.2,16.3,87.8,17.0,87.7,-0.3420201433256686,0.9396926207859084
2019302N11118,2019,BULBUL:MATMO,2019-11-07 03:00:00,TS,14.8,89.1,35.0,998.0,10,330,14.4,89.3,14.1,89.4,15.2,88.7,15.4,88.4,16.0,88.0,16.6,87.7,17.3,87.7,-0.5000000000000004,0.8660254037844384
2019302N11118,2019,BULBUL:MATMO,2019-11-07 06:00:00,TS,15.2,88.7,40.0,996.0,9,315,14.8,89.1,14.4,89.3,15.4,88.4,15.8,88.2,16.3,87.8,17.0,87.7,17.7,87.8,-0.7071067811865477,0.7071067811865474
2019302N11118,2019,BULBUL:MATMO,2019-11-07 09:00:00,TS,15.4,88.4,45.0,995.0,8,315,15.2,88.7,14.8,89.1,15.8,88.2,16.0,88.0,16.6,87.7,17.3,87.7,18.2,87.8,-0.7071067811865477,0.7071067811865474
2019302N11118,2019,BULBUL:MATMO,2019-11-07 12:00:00,TS,15.8,88.2,45.0,994.0,8,320,15.4,88.4,15.2,88.7,16.0,88.0,16.3,87.8,17.0,87.7,17.7,87.8,18.6,87.8,-0.6427876096865396,0.7660444431189778
2019302N11118,2019,BULBUL:MATMO,2019-11-07 15:00:00,TS,16.0,88.0,50.0,992.0,6,330,15.8,88.2,15.4,88.4,16.3,87.8,16.6,87.7,17.3,87.7,18.2,87.8,19.1,87.8,-0.5000000000000004,0.8660254037844384
2019302N11118,2019,BULBUL:MATMO,2019-11-07 18:00:00,TS,16.3,87.8,55.0,989.0,6,340,16.0,88.0,15.8,88.2,16.6,87.7,17.0,87.7,17.7,87.8,18.6,87.8,19.3,87.7,-0.3420201433256686,0.9396926207859084
2019302N11118,2019,BULBUL:MATMO,2019-11-07 21:00:00,TS,16.6,87.7,60.0,986.0,7,350,16.3,87.8,16.0,88.0,17.0,87.7,17.3,87.7,18.2,87.8,19.1,87.8,19.6,87.7,-0.1736481776669304,0.984807753012208
2019302N11118,2019,BULBUL:MATMO,2019-11-08 00:00:00,TS,17.0,87.7,65.0,983.0,7,0,16.6,87.7,16.3,87.8,17.3,87.7,17.7,87.8,18.6,87.8,19.3,87.7,20.0,87.6,0.0,1.0
2019302N11118,2019,BULBUL:MATMO,2019-11-08 03:00:00,TS,17.3,87.7,65.0,982.0,8,0,17.0,87.7,16.6,87.7,17.7,87.8,18.2,87.8,19.1,87.8,19.6,87.7,20.4,87.6,0.0,1.0
2019302N11118,2019,BULBUL:MATMO,2019-11-08 06:00:00,TS,17.7,87.8,70.0,980.0,9,5,17.3,87.7,17.0,87.7,18.2,87.8,18.6,87.8,19.3,87.7,20.0,87.6,20.6,87.8,0.08715574274765817,0.9961946980917455
2019302N11118,2019,BULBUL:MATMO,2019-11-08 09:00:00,TS,18.2,87.8,70.0,980.0,9,0,17.7,87.8,17.3,87.7,18.6,87.8,19.1,87.8,19.6,87.7,20.4,87.6,20.9,87.9,0.0,1.0
2019302N11118,2019,BULBUL:MATMO,2019-11-08 12:00:00,TS,18.6,87.8,75.0,976.0,9,0,18.2,87.8,17.7,87.8,19.1,87.8,19.3,87.7,20.0,87.6,20.6,87.8,21.2,88.1,0.0,1.0
2019302N11118,2019,BULBUL:MATMO,2019-11-08 15:00:00,TS,19.1,87.8,75.0,976.0,7,355,18.6,87.8,18.2,87.8,19.3,87.7,19.6,87.7,20.4,87.6,20.9,87.9,21.4,88.3,-0.08715574274765832,0.9961946980917455
2019302N11118,2019,BULBUL:MATMO,2019-11-08 18:00:00,TS,19.3,87.7,75.0,976.0,5,355,19.1,87.8,18.6,87.8,19.6,87.7,20.0,87.6,20.6,87.8,21.2,88.1,21.6,88.6,-0.08715574274765832,0.9961946980917455
2019302N11118,2019,BULBUL:MATMO,2019-11-08 21:00:00,TS,19.6,87.7,75.0,976.0,7,355,19.3,87.7,19.1,87.8,20.0,87.6,20.4,87.6,20.9,87.9,21.4,88.3,21.8,89.1,-0.08715574274765832,0.9961946980917455
2019302N11118,2019,BULBUL:MATMO,2019-11-09 00:00:00,TS,20.0,87.6,75.0,976.0,7,355,19.6,87.7,19.3,87.7,20.4,87.6,20.6,87.8,21.2,88.1,21.6,88.6,22.0,89.5,-0.08715574274765832,0.9961946980917455
2019302N11118,2019,BULBUL:MATMO,2019-11-09 03:00:00,TS,20.4,87.6,70.0,980.0,6,10,20.0,87.6,19.6,87.7,20.6,87.8,20.9,87.9,21.4,88.3,21.8,89.1,22.2,89.8,0.17364817766693033,0.984807753012208
2019302N11118,2019,BULBUL:MATMO,2019-11-09 06:00:00,TS,20.6,87.8,70.0,982.0,6,20,20.4,87.6,20.0,87.6,20.9,87.9,21.2,88.1,21.6,88.6,22.0,89.5,22.3,90.1,0.3420201433256687,0.9396926207859084
2019302N11118,2019,BULBUL:MATMO,2019-11-09 09:00:00,TS,20.9,87.9,70.0,982.0,6,25,20.6,87.8,20.4,87.6,21.2,88.1,21.4,88.3,21.8,89.1,22.2,89.8,22.4,90.3,0.42261826174069944,0.9063077870366499
2019302N11118,2019,BULBUL:MATMO,2019-11-09 12:00:00,TS,21.2,88.1,70.0,982.0,6,35,20.9,87.9,20.6,87.8,21.4,88.3,21.6,88.6,22.0,89.5,22.3,90.1,22.6,90.6,0.573576436351046,0.8191520442889918
2019302N11118,2019,BULBUL:MATMO,2019-11-09 15:00:00,TS,21.4,88.3,60.0,986.0,7,50,21.2,88.1,20.9,87.9,21.6,88.6,21.8,89.1,22.2,89.8,22.4,90.3,22.6,90.8,0.766044443118978,0.6427876096865394
2019302N11118,2019,BULBUL:MATMO,2019-11-09 18:00:00,TS,21.6,88.6,60.0,990.0,9,60,21.4,88.3,21.2,88.1,21.8,89.1,22.0,89.5,22.3,90.1,22.6,90.6,22.8,91.1,0.8660254037844386,0.5000000000000001
2019302N11118,2019,BULBUL:MATMO,2019-11-09 21:00:00,TS,21.8,89.1,50.0,996.0,9,65,21.6,88.6,21.4,88.3,22.0,89.5,22.2,89.8,22.4,90.3,22.6,90.8,22.9,91.3,0.9063077870366499,0.42261826174069944
2019302N11118,2019,BULBUL:MATMO,2019-11-10 00:00:00,TS,22.0,89.5,45.0,998.0,7,65,21.8,89.1,21.6,88.6,22.2,89.8,22.3,90.1,22.6,90.6,22.8,91.1,23.1,91.5,0.9063077870366499,0.42261826174069944
2019335N05058,2019,PAWAN,2019-12-01 00:00:00,DS,4.8,57.6,,,3,295,4.7,57.8,4.6,58.0,4.9,57.5,4.9,57.4,5.0,57.2,5.2,57.0,5.5,56.9,-0.9063077870366499,0.4226182617406996
2019335N05058,2019,PAWAN,2019-12-01 03:00:00,DS,4.9,57.5,,,2,295,4.8,57.6,4.7,57.8,4.9,57.4,4.9,57.3,5.1,57.1,5.3,56.9,5.7,56.9,-0.9063077870366499,0.4226182617406996
2019335N05058,2019,PAWAN,2019-12-01 06:00:00,DS,4.9,57.4,,,2,295,4.9,57.5,4.8,57.6,4.9,57.3,5.0,57.2,5.2,57.0,5.5,56.9,5.8,56.9,-0.9063077870366499,0.4226182617406996
2019335N05058,2019,PAWAN,2019-12-01 09:00:00,DS,4.9,57.3,,,2,295,4.9,57.4,4.9,57.5,5.0,57.2,5.1,57.1,5.3,56.9,5.7,56.9,5.9,56.9,-0.9063077870366499,0.4226182617406996
2019335N05058,2019,PAWAN,2019-12-01 12:00:00,DS,5.0,57.2,,,3,305,4.9,57.3,4.9,57.4,5.1,57.1,5.2,57.0,5.5,56.9,5.8,56.9,5.9,56.8,-0.8191520442889918,0.573576436351046
2019335N05058,2019,PAWAN,2019-12-01 15:00:00,DS,5.1,57.1,,,3,315,5.0,57.2,4.9,57.3,5.2,57.0,5.3,56.9,5.7,56.9,5.9,56.9,6.0,56.8,-0.7071067811865477,0.7071067811865474
2019335N05058,2019,PAWAN,2019-12-01 18:00:00,DS,5.2,57.0,,,3,330,5.1,57.1,5.0,57.2,5.3,56.9,5.5,56.9,5.8,56.9,5.9,56.8,6.2,56.8,-0.5000000000000004,0.8660254037844384
2019335N05058,2019,PAWAN,2019-12-01 21:00:00,DS,5.3,56.9,,,3,345,5.2,57.0,5.1,57.1,5.5,56.9,5.7,56.9,5.9,56.9,6.0,56.8,6.3,56.8,-0.2588190451025207,0.9659258262890683
2019335N05058,2019,PAWAN,2019-12-02 00:00:00,TS,5.5,56.9,,,3,355,5.3,56.9,5.2,57.0,5.7,56.9,5.8,56.9,5.9,56.8,6.2,56.8,6.5,56.9,-0.08715574274765832,0.9961946980917455
2019335N05058,2019,PAWAN,2019-12-02 03:00:00,TS,5.7,56.9,,,3,0,5.5,56.9,5.3,56.9,5.8,56.9,5.9,56.9,6.0,56.8,6.3,56.8,6.7,56.9,0.0,1.0
2019335N05058,2019,PAWAN,2019-12-02 06:00:00,TS,5.8,56.9,,,3,0,5.7,56.9,5.5,56.9,5.9,56.9,5.9,56.8,6.2,56.8,6.5,56.9,6.9,56.9,0.0,1.0
2019335N05058,2019,PAWAN,2019-12-02 09:00:00,TS,5.9,56.9,,,2,335,5.8,56.9,5.7,56.9,5.9,56.8,6.0,56.8,6.3,56.8,6.7,56.9,7.0,56.9,-0.4226182617406992,0.90630778703665
2019335N05058,2019,PAWAN,2019-12-02 12:00:00,TS,5.9,56.8,25.0,1003.0,2,325,5.9,56.9,5.8,56.9,6.0,56.8,6.2,56.8,6.5,56.9,6.9,56.9,7.0,57.0,-0.5735764363510465,0.8191520442889916
2019335N05058,2019,PAWAN,2019-12-02 15:00:00,TS,6.0,56.8,25.0,1003.0,2,345,5.9,56.8,5.9,56.9,6.2,56.8,6.3,56.8,6.7,56.9,7.0,56.9,7.0,57.0,-0.2588190451025207,0.9659258262890683
2019335N05058,2019,PAWAN,2019-12-02 18:00:00,TS,6.2,56.8,25.0,1002.0,3,0,6.0,56.8,5.9,56.8,6.3,56.8,6.5,56.9,6.9,56.9,7.0,57.0,7.1,57.1,0.0,1.0
2019335N05058,2019,PAWAN,2019-12-02 21:00:00,TS,6.3,56.8,28.0,1002.0,4,10,6.2,56.8,6.0,56.8,6.5,56.9,6.7,56.9,7.0,56.9,7.0,57.0,7.2,57.1,0.17364817766693033,0.984807753012208
2019335N05058,2019,PAWAN,2019-12-03 00:00:00,TS,6.5,56.9,30.0,1001.0,4,5,6.3,56.8,6.2,56.8,6.7,56.9,6.9,56.9,7.0,57.0,7.1,57.1,7.3,57.1,0.08715574274765817,0.9961946980917455
2019335N05058,2019,PAWAN,2019-12-03 03:00:00,TS,6.7,56.9,30.0,1000.0,4,0,6.5,56.9,6.3,56.8,6.9,56.9,7.0,56.9,7.0,57.0,7.2,57.1,7.4,57.1,0.0,1.0
2019335N05058,2019,PAWAN,2019-12-03 06:00:00,TS,6.9,56.9,30.0,1000.0,3,10,6.7,56.9,6.5,56.9,7.0,56.9,7.0,57.0,7.1,57.1,7.3,57.1,7.5,57.1,0.17364817766693033,0.984807753012208
2019335N05058,2019,PAWAN,2019-12-03 09:00:00,TS,7.0,56.9,30.0,1000.0,2,55,6.9,56.9,6.7,56.9,7.0,57.0,7.0,57.0,7.2,57.1,7.4,57.1,7.6,57.0,0.8191520442889918,0.5735764363510462
2019335N05058,2019,PAWAN,2019-12-03 12:00:00,TS,7.0,57.0,30.0,1000.0,1,60,7.0,56.9,6.9,56.9,7.0,57.0,7.1,57.1,7.3,57.1,7.5,57.1,7.8,56.9,0.8660254037844386,0.5000000000000001
2019335N05058,2019,PAWAN,2019-12-03 15:00:00,TS,7.0,57.0,30.0,1000.0,1,25,7.0,57.0,7.0,56.9,7.1,57.1,7.2,57.1,7.4,57.1,7.6,57.0,8.1,56.9,0.42261826174069944,0.9063077870366499
2019335N05058,2019,PAWAN,2019-12-03 18:00:00,TS,7.1,57.1,30.0,1000.0,1,15,7.0,57.0,7.0,57.0,7.2,57.1,7.3,57.1,7.5,57.1,7.8,56.9,8.6,56.9,0.25881904510252074,0.9659258262890683
2019335N05058,2019,PAWAN,2019-12-03 21:00:00,TS,7.2,57.1,30.0,1000.0,2,20,7.1,57.1,7.0,57.0,7.3,57.1,7.4,57.1,7.6,57.0,8.1,56.9,9.0,56.7,0.3420201433256687,0.9396926207859084
2019335N05058,2019,PAWAN,2019-12-04 00:00:00,TS,7.3,57.1,30.0,1000.0,3,10,7.2,57.1,7.1,57.1,7.4,57.1,7.5,57.1,7.8,56.9,8.6,56.9,9.3,56.6,0.17364817766693033,0.984807753012208
2019335N05058,2019,PAWAN,2019-12-04 03:00:00,TS,7.4,57.1,30.0,1000.0,3,0,7.3,57.1,7.2,57.1,7.5,57.1,7.6,57.0,8.1,56.9,9.0,56.7,9.3,56.4,0.0,1.0
2019335N05058,2019,PAWAN,2019-12-04 06:00:00,TS,7.5,57.1,30.0,1000.0,2,325,7.4,57.1,7.3,57.1,7.6,57.0,7.8,56.9,8.6,56.9,9.3,56.6,9.4,56.1,-0.5735764363510465,0.8191520442889916
2019335N05058,2019,PAWAN,2019-12-04 09:00:00,TS,7.6,57.0,30.0,1000.0,3,320,7.5,57.1,7.4,57.1,7.8,56.9,8.1,56.9,9.0,56.7,9.3,56.4,9.3,55.4,-0.6427876096865396,0.7660444431189778
2019335N05058,2019,PAWAN,2019-12-04 12:00:00,TS,7.8,56.9,30.0,1000.0,6,350,7.6,57.0,7.5,57.1,8.1,56.9,8.6,56.9,9.3,56.6,9.4,56.1,9.3,55.0,-0.1736481776669304,0.984807753012208
2019335N05058,2019,PAWAN,2019-12-04 15:00:00,TS,8.1,56.9,30.0,1000.0,8,355,7.8,56.9,7.6,57.0,8.6,56.9,9.0,56.7,9.3,56.4,9.3,55.4,9.1,54.7,-0.08715574274765832,0.9961946980917455
2019335N05058,2019,PAWAN,2019-12-04 18:00:00,TS,8.6,56.9,30.0,1000.0,9,350,8.1,56.9,7.8,56.9,9.0,56.7,9.3,56.6,9.4,56.1,9.3,55.0,8.9,54.3,-0.1736481776669304,0.984807753012208
2019335N05058,2019,PAWAN,2019-12-04 21:00:00,TS,9.0,56.7,33.0,1000.0,8,340,8.6,56.9,8.1,56.9,9.3,56.6,9.3,56.4,9.3,55.4,9.1,54.7,8.6,53.9,-0.3420201433256686,0.9396926207859084
2019335N05058,2019,PAWAN,2019-12-05 00:00:00,TS,9.3,56.6,35.0,999.0,5,310,9.0,56.7,8.6,56.9,9.3,56.4,9.4,56.1,9.3,55.0,8.9,54.3,8.3,53.4,-0.7660444431189781,0.6427876096865393
2019335N05058,2019,PAWAN,2019-12-05 03:00:00,TS,9.3,56.4,35.0,999.0,5,280,9.3,56.6,9.0,56.7,9.4,56.1,9.3,55.4,9.1,54.7,8.6,53.9,8.1,53.1,-0.9848077530122081,0.17364817766692997
2019335N05058,2019,PAWAN,2019-12-05 06:00:00,TS,9.4,56.1,35.0,999.0,9,270,9.3,56.4,9.3,56.6,9.3,55.4,9.3,55.0,8.9,54.3,8.3,53.4,8.0,52.8,-1.0,-1.8369701987210297e-16
2019335N05058,2019,PAWAN,2019-12-05 09:00:00,TS,9.3,55.4,35.0,999.0,11,265,9.4,56.1,9.3,56.4,9.3,55.0,9.1,54.7,8.6,53.9,8.1,53.1,7.9,52.5,-0.9961946980917455,-0.08715574274765825
2019335N05058,2019,PAWAN,2019-12-05 12:00:00,TS,9.3,55.0,40.0,998.0,8,255,9.3,55.4,9.4,56.1,9.1,54.7,8.9,54.3,8.3,53.4,8.0,52.8,7.9,52.2,-0.9659258262890683,-0.25881904510252063
2019335N05058,2019,PAWAN,2019-12-05 15:00:00,TS,9.1,54.7,35.0,999.0,8,235,9.3,55.0,9.3,55.4,8.9,54.3,8.6,53.9,8.1,53.1,7.9,52.5,7.8,51.6,-0.8191520442889916,-0.5735764363510464
2019335N05058,2019,PAWAN,2019-12-05 18:00:00,TS,8.9,54.3,35.0,999.0,9,235,9.1,54.7,9.3,55.0,8.6,53.9,8.3,53.4,8.0,52.8,7.9,52.2,7.8,51.1,-0.8191520442889916,-0.5735764363510464
2019335N05058,2019,PAWAN,2019-12-05 21:00:00,TS,8.6,53.9,35.0,999.0,10,240,8.9,54.3,9.1,54.7,8.3,53.4,8.1,53.1,7.9,52.5,7.8,51.6,7.7,50.6,-0.8660254037844384,-0.5000000000000004
2019335N05058,2019,PAWAN,2019-12-06 00:00:00,TS,8.3,53.4,35.0,999.0,9,240,8.6,53.9,8.9,54.3,8.1,53.1,8.0,52.8,7.9,52.2,7.8,51.1,7.7,49.8,-0.8660254037844384,-0.5000000000000004
2019335N05058,2019,PAWAN,2019-12-06 03:00:00,TS,8.1,53.1,35.0,999.0,7,240,8.3,53.4,8.6,53.9,8.0,52.8,7.9,52.5,7.8,51.6,7.7,50.6,7.6,49.4,-0.8660254037844384,-0.5000000000000004
2019335N05058,2019,PAWAN,2019-12-06 06:00:00,TS,8.0,52.8,35.0,999.0,6,245,8.1,53.1,8.3,53.4,7.9,52.5,7.9,52.2,7.8,51.1,7.7,49.8,7.5,48.9,-0.90630778703665,-0.42261826174069916
2019335N05058,2019,PAWAN,2019-12-06 09:00:00,TS,7.9,52.5,35.0,999.0,6,260,8.0,52.8,8.1,53.1,7.9,52.2,7.8,51.6,7.7,50.6,7.6,49.4,7.4,48.5,-0.984807753012208,-0.17364817766693033
2019335N05058,2019,PAWAN,2019-12-06 12:00:00,TS,7.9,52.2,35.0,999.0,9,265,7.9,52.5,8.0,52.8,7.8,51.6,7.8,51.1,7.7,49.8,7.5,48.9,7.2,48.2,-0.9961946980917455,-0.08715574274765825
2019335N05058,2019,PAWAN,2019-12-06 15:00:00,TS,7.8,51.6,35.0,999.0,11,265,7.9,52.2,7.9,52.5,7.8,51.1,7.7,50.6,7.6,49.4,7.4,48.5,7.1,47.8,-0.9961946980917455,-0.08715574274765825
2019335N05058,2019,PAWAN,2019-12-06 18:00:00,TS,7.8,51.1,35.0,999.0,10,265,7.8,51.6,7.9,52.2,7.7,50.6,7.7,49.8,7.5,48.9,7.2,48.2,7.1,47.4,-0.9961946980917455,-0.08715574274765825
2019337N11072,2019,UNNAMED,2019-12-02 18:00:00,DS,11.6,71.7,,,11,325,11.2,72.0,10.7,72.3,12.0,71.3,12.4,71.0,12.8,70.6,13.3,70.2,13.4,69.9,-0.5735764363510465,0.8191520442889916
2019337N11072,2019,UNNAMED,2019-12-02 21:00:00,DS,12.0,71.3,,,11,320,11.6,71.7,11.2,72.0,12.4,71.0,12.6,70.8,13.1,70.4,13.4,69.8,13.8,70.0,-0.6427876096865396,0.7660444431189778
2019337N11072,2019,UNNAMED,2019-12-03 00:00:00,TS,12.4,71.0,,,8,315,12.0,71.3,11.6,71.7,12.6,70.8,12.8,70.6,13.3,70.2,13.4,69.9,14.2,69.9,-0.7071067811865477,0.7071067811865474
2019337N11072,2019,UNNAMED,2019-12-03 03:00:00,TS,12.6,70.8,,,6,315,12.4,71.0,12.0,71.3,12.8,70.6,13.1,70.4,13.4,69.8,13.8,70.0,14.7,69.5,-0.7071067811865477,0.7071067811865474
2019337N11072,2019,UNNAMED,2019-12-03 06:00:00,TS,12.8,70.6,,,6,320,12.6,70.8,12.4,71.0,13.1,70.4,13.3,70.2,13.4,69.9,14.2,69.9,14.8,69.1,-0.6427876096865396,0.7660444431189778
2019337N11072,2019,UNNAMED,2019-12-03 09:00:00,TS,13.1,70.4,,,6,320,12.8,70.6,12.6,70.8,13.3,70.2,13.4,69.8,13.8,70.0,14.7,69.5,14.8,68.7,-0.6427876096865396,0.7660444431189778
2019337N11072,2019,UNNAMED,2019-12-03 12:00:00,TS,13.3,70.2,,,7,300,13.1,70.4,12.8,70.6,13.4,69.8,13.4,69.9,14.2,69.9,14.8,69.1,14.9,68.4,-0.8660254037844386,0.5000000000000001
2019337N11072,2019,UNNAMED,2019-12-03 15:00:00,TS,13.4,69.8,,,3,290,13.3,70.2,13.1,70.4,13.4,69.9,13.8,70.0,14.7,69.5,14.8,68.7,14.9,68.3,-0.9396926207859083,0.342020143325669
2019337N11072,2019,UNNAMED,2019-12-03 18:00:00,TS,13.4,69.9,25.0,1002.0,4,20,13.4,69.8,13.3,70.2,13.8,70.0,14.2,69.9,14.8,69.1,14.9,68.4,15.0,68.3,0.3420201433256687,0.9396926207859084
2019337N11072,2019,UNNAMED,2019-12-03 21:00:00,TS,13.8,70.0,28.0,1001.0,8,0,13.4,69.9,13.4,69.8,14.2,69.9,14.7,69.5,14.8,68.7,14.9,68.3,15.1,68.2,0.0,1.0
2019337N11072,2019,UNNAMED,2019-12-04 00:00:00,TS,14.2,69.9,30.0,1000.0,10,335,13.8,70.0,13.4,69.9,14.7,69.5,14.8,69.1,14.9,68.4,15.0,68.3,15.2,68.0,-0.4226182617406992,0.90630778703665
2019337N11072,2019,UNNAMED,2019-12-04 03:00:00,TS,14.7,69.5,30.0,1000.0,10,305,14.2,69.9,13.8,70.0,14.8,69.1,14.8,68.7,14.9,68.3,15.1,68.2,15.4,67.6,-0.8191520442889918,0.573576436351046
2019337N11072,2019,UNNAMED,2019-12-04 06:00:00,TS,14.8,69.1,30.0,1000.0,8,285,14.7,69.5,14.2,69.9,14.8,68.7,14.9,68.4,15.0,68.3,15.2,68.0,15.6,67.2,-0.9659258262890684,0.2588190451025203
2019337N11072,2019,UNNAMED,2019-12-04 09:00:00,TS,14.8,68.7,30.0,1000.0,6,275,14.8,69.1,14.7,69.5,14.9,68.4,14.9,68.3,15.1,68.2,15.4,67.6,15.9,66.7,-0.9961946980917455,0.08715574274765789
2019337N11072,2019,UNNAMED,2019-12-04 12:00:00,TS,14.9,68.4,30.0,1000.0,4,280,14.8,68.7,14.8,69.1,14.9,68.3,15.0,68.3,15.2,68.0,15.6,67.2,16.1,66.2,-0.9848077530122081,0.17364817766692997
2019337N11072,2019,UNNAMED,2019-12-04 15:00:00,TS,14.9,68.3,30.0,1000.0,2,315,14.9,68.4,14.8,68.7,15.0,68.3,15.1,68.2,15.4,67.6,15.9,66.7,16.1,65.7,-0.7071067811865477,0.7071067811865474
2019337N11072,2019,UNNAMED,2019-12-04 18:00:00,TS,15.0,68.3,30.0,1000.0,2,325,14.9,68.3,14.9,68.4,15.1,68.2,15.2,68.0,15.6,67.2,16.1,66.2,16.1,65.3,-0.5735764363510465,0.8191520442889916
2019337N11072,2019,UNNAMED,2019-12-04 21:00:00,TS,15.1,68.2,28.0,1001.0,3,305,15.0,68.3,14.9,68.3,15.2,68.0,15.4,67.6,15.9,66.7,16.1,65.7,16.1,65.0,-0.8191520442889918,0.573576436351046
2019337N11072,2019,UNNAMED,2019-12-05 00:00:00,TS,15.2,68.0,25.0,1002.0,6,300,15.1,68.2,15.0,68.3,15.4,67.6,15.6,67.2,16.1,66.2,16.1,65.3,16.0,64.7,-0.8660254037844386,0.5000000000000001
2019337N11072,2019,UNNAMED,2019-12-05 03:00:00,TS,15.4,67.6,25.0,1002.0,9,300,15.2,68.0,15.1,68.2,15.6,67.2,15.9,66.7,16.1,65.7,16.1,65.0,15.9,64.3,-0.8660254037844386,0.5000000000000001
2019337N11072,2019,UNNAMED,2019-12-05 06:00:00,TS,15.6,67.2,20.0,1004.0,11,305,15.4,67.6,15.2,68.0,15.9,66.7,16.1,66.2,16.1,65.3,16.0,64.7,15.9,63.8,-0.8191520442889918,0.573576436351046
2019342N09062,2019,UNNAMED,2019-12-08 15:00:00,TS,9.8,61.2,25.0,1002.0,7,305,9.6,61.6,9.4,62.2,10.0,61.0,10.2,60.7,10.5,60.0,10.6,59.0,10.6,57.8,-0.8191520442889918,0.573576436351046
2019342N09062,2019,UNNAMED,2019-12-08 18:00:00,TS,10.0,61.0,25.0,1002.0,7,310,9.8,61.2,9.6,61.6,10.2,60.7,10.4,60.4,10.6,59.4,10.6,58.5,10.6,57.0,-0.7660444431189781,0.6427876096865393
2019342N09062,2019,UNNAMED,2019-12-08 21:00:00,TS,10.2,60.7,28.0,1001.0,7,305,10.0,61.0,9.8,61.2,10.4,60.4,10.5,60.0,10.6,59.0,10.6,57.8,10.6,56.3,-0.8191520442889918,0.573576436351046
2019342N09062,2019,UNNAMED,2019-12-09 00:00:00,TS,10.4,60.4,30.0,1000.0,8,290,10.2,60.7,10.0,61.0,10.5,60.0,10.6,59.4,10.6,58.5,10.6,57.0,10.6,55.7,-0.9396926207859083,0.342020143325669
2019342N09062,2019,UNNAMED,2019-12-09 03:00:00,TS,10.5,60.0,30.0,1000.0,10,280,10.4,60.4,10.2,60.7,10.6,59.4,10.6,59.0,10.6,57.8,10.6,56.3,10.6,55.2,-0.9848077530122081,0.17364817766692997
2020136N10088,2020,AMPHAN,2020-05-15 12:00:00,TS,9.5,87.0,,,5,265,9.5,87.2,9.5,87.5,9.5,86.8,9.5,86.6,9.8,86.4,10.3,86.1,10.6,86.2,-0.9961946980917455,-0.08715574274765825
2020136N10088,2020,AMPHAN,2020-05-15 15:00:00,TS,9.5,86.8,,,4,270,9.5,87.0,9.5,87.2,9.5,86.6,9.6,86.5,10.1,86.2,10.5,86.1,10.8,86.1,-1.0,-1.8369701987210297e-16
2020136N10088,2020,AMPHAN,2020-05-15 18:00:00,TS,9.5,86.6,,,3,285,9.5,86.8,9.5,87.0,9.6,86.5,9.8,86.4,10.3,86.1,10.6,86.2,10.9,86.1,-0.9659258262890684,0.2588190451025203
2020136N10088,2020,AMPHAN,2020-05-15 21:00:00,TS,9.6,86.5,,,4,335,9.5,86.6,9.5,86.8,9.8,86.4,10.1,86.2,10.5,86.1,10.8,86.1,11.1,86.1,-0.4226182617406992,0.90630778703665
2020136N10088,2020,AMPHAN,2020-05-16 00:00:00,TS,9.8,86.4,25.0,1000.0,6,335,9.6,86.5,9.5,86.6,10.1,86.2,10.3,86.1,10.6,86.2,10.9,86.1,11.2,86.1,-0.4226182617406992,0.90630778703665
2020136N10088,2020,AMPHAN,2020-05-16 03:00:00,TS,10.1,86.2,25.0,1000.0,6,325,9.8,86.4,9.6,86.5,10.3,86.1,10.5,86.1,10.8,86.1,11.1,86.1,11.3,86.1,-0.5735764363510465,0.8191520442889916
2020136N10088,2020,AMPHAN,2020-05-16 06:00:00,TS,10.3,86.1,25.0,1000.0,4,345,10.1,86.2,9.8,86.4,10.5,86.1,10.6,86.2,10.9,86.1,11.2,86.1,11.5,86.2,-0.2588190451025207,0.9659258262890683
2020136N10088,2020,AMPHAN,2020-05-16 09:00:00,TS,10.5,86.1,30.0,998.0,3,15,10.3,86.1,10.1,86.2,10.6,86.2,10.8,86.1,11.1,86.1,11.3,86.1,11.6,86.2,0.25881904510252074,0.9659258262890683
2020136N10088,2020,AMPHAN,2020-05-16 12:00:00,TS,10.6,86.2,35.0,996.0,3,5,10.5,86.1,10.3,86.1,10.8,86.1,10.9,86.1,11.2,86.1,11.5,86.2,11.9,86.2,0.08715574274765817,0.9961946980917455
2020136N10088,2020,AMPHAN,2020-05-16 15:00:00,TS,10.8,86.1,40.0,995.0,3,350,10.6,86.2,10.5,86.1,10.9,86.1,11.1,86.1,11.3,86.1,11.6,86.2,12.5,86.4,-0.1736481776669304,0.984807753012208
2020136N10088,2020,AMPHAN,2020-05-16 18:00:00,TS,10.9,86.1,40.0,995.0,3,0,10.8,86.1,10.6,86.2,11.1,86.1,11.2,86.1,11.5,86.2,11.9,86.2,12.5,86.4,0.0,1.0
2020136N10088,2020,AMPHAN,2020-05-16 21:00:00,TS,11.1,86.1,45.0,994.0,3,0,10.9,86.1,10.8,86.1,11.2,86.1,11.3,86.1,11.6,86.2,12.5,86.4,12.9,86.5,0.0,1.0
2020136N10088,2020,AMPHAN,2020-05-17 00:00:00,TS,11.2,86.1,45.0,993.0,2,0,11.1,86.1,10.9,86.1,11.3,86.1,11.5,86.2,11.9,86.2,12.5,86.4,13.2,86.4,0.0,1.0
2020136N10088,2020,AMPHAN,2020-05-17 03:00:00,TS,11.3,86.1,50.0,990.0,3,15,11.2,86.1,11.1,86.1,11.5,86.2,11.6,86.2,12.5,86.4,12.9,86.5,13.3,86.2,0.25881904510252074,0.9659258262890683
2020136N10088,2020,AMPHAN,2020-05-17 06:00:00,TS,11.5,86.2,55.0,988.0,3,5,11.3,86.1,11.2,86.1,11.6,86.2,11.9,86.2,12.5,86.4,13.2,86.4,13.4,86.2,0.08715574274765817,0.9961946980917455
2020136N10088,2020,AMPHAN,2020-05-17 09:00:00,TS,11.6,86.2,65.0,980.0,5,5,11.5,86.2,11.3,86.1,11.9,86.2,12.5,86.4,12.9,86.5,13.3,86.2,13.7,86.2,0.08715574274765817,0.9961946980917455
2020136N10088,2020,AMPHAN,2020-05-17 12:00:00,TS,11.9,86.2,70.0,978.0,9,15,11.6,86.2,11.5,86.2,12.5,86.4,12.5,86.4,13.2,86.4,13.4,86.2,14.1,86.4,0.25881904510252074,0.9659258262890683
2020136N10088,2020,AMPHAN,2020-05-17 15:00:00,TS,12.5,86.4,75.0,972.0,6,15,11.9,86.2,11.6,86.2,12.5,86.4,12.9,86.5,13.3,86.2,13.7,86.2,14.5,86.5,0.25881904510252074,0.9659258262890683
2020136N10088,2020,AMPHAN,2020-05-17 18:00:00,TS,12.5,86.4,80.0,970.0,4,15,12.5,86.4,11.9,86.2,12.9,86.5,13.2,86.4,13.4,86.2,14.1,86.4,14.9,86.6,0.25881904510252074,0.9659258262890683
2020136N10088,2020,AMPHAN,2020-05-17 21:00:00,TS,12.9,86.5,90.0,962.0,7,0,12.5,86.4,12.5,86.4,13.2,86.4,13.3,86.2,13.7,86.2,14.5,86.5,15.2,86.7,0.0,1.0
2020136N10088,2020,AMPHAN,2020-05-18 00:00:00,TS,13.2,86.4,100.0,952.0,5,330,12.9,86.5,12.5,86.4,13.3,86.2,13.4,86.2,14.1,86.4,14.9,86.6,15.6,86.8,-0.5000000000000004,0.8660254037844384
2020136N10088,2020,AMPHAN,2020-05-18 03:00:00,TS,13.3,86.2,115.0,936.0,3,330,13.2,86.4,12.9,86.5,13.4,86.2,13.7,86.2,14.5,86.5,15.2,86.7,16.0,86.9,-0.5000000000000004,0.8660254037844384
2020136N10088,2020,AMPHAN,2020-05-18 06:00:00,TS,13.4,86.2,120.0,930.0,4,360,13.3,86.2,13.2,86.4,13.7,86.2,14.1,86.4,14.9,86.6,15.6,86.8,16.5,87.0,-2.4492935982947064e-16,1.0
2020136N10088,2020,AMPHAN,2020-05-18 09:00:00,TS,13.7,86.2,120.0,930.0,7,15,13.4,86.2,13.3,86.2,14.1,86.4,14.5,86.5,15.2,86.7,16.0,86.9,16.9,87.0,0.25881904510252074,0.9659258262890683
2020136N10088,2020,AMPHAN,2020-05-18 12:00:00,TS,14.1,86.4,125.0,926.0,8,15,13.7,86.2,13.4,86.2,14.5,86.5,14.9,86.6,15.6,86.8,16.5,87.0,17.3,87.1,0.25881904510252074,0.9659258262890683
2020136N10088,2020,AMPHAN,2020-05-18 15:00:00,TS,14.5,86.5,125.0,926.0,8,15,14.1,86.4,13.7,86.2,14.9,86.6,15.2,86.7,16.0,86.9,16.9,87.0,17.9,87.1,0.25881904510252074,0.9659258262890683
2020136N10088,2020,AMPHAN,2020-05-18 18:00:00,TS,14.9,86.6,130.0,920.0,7,15,14.5,86.5,14.1,86.4,15.2,86.7,15.6,86.8,16.5,87.0,17.3,87.1,18.3,87.2,0.25881904510252074,0.9659258262890683
2020136N10088,2020,AMPHAN,2020-05-18 21:00:00,TS,15.2,86.7,130.0,920.0,7,15,14.9,86.6,14.5,86.5,15.6,86.8,16.0,86.9,16.9,87.0,17.9,87.1,18.7,87.3,0.25881904510252074,0.9659258262890683
2020136N10088,2020,AMPHAN,2020-05-19 00:00:00,TS,15.6,86.8,125.0,926.0,9,15,15.2,86.7,14.9,86.6,16.0,86.9,16.5,87.0,17.3,87.1,18.3,87.2,19.2,87.5,0.25881904510252074,0.9659258262890683
2020136N10088,2020,AMPHAN,2020-05-19 03:00:00,TS,16.0,86.9,120.0,930.0,10,10,15.6,86.8,15.2,86.7,16.5,87.0,16.9,87.0,17.9,87.1,18.7,87.3,19.8,87.7,0.17364817766693033,0.984807753012208
2020136N10088,2020,AMPHAN,2020-05-19 06:00:00,TS,16.5,87.0,115.0,936.0,10,5,16.0,86.9,15.6,86.8,16.9,87.0,17.3,87.1,18.3,87.2,19.2,87.5,20.6,88.0,0.08715574274765817,0.9961946980917455
2020136N10088,2020,AMPHAN,2020-05-19 09:00:00,TS,16.9,87.0,110.0,942.0,9,5,16.5,87.0,16.0,86.9,17.3,87.1,17.9,87.1,18.7,87.3,19.8,87.7,21.4,88.1,0.08715574274765817,0.9961946980917455
2020136N10088,2020,AMPHAN,2020-05-19 12:00:00,TS,17.3,87.1,105.0,946.0,10,5,16.9,87.0,16.5,87.0,17.9,87.1,18.3,87.2,19.2,87.5,20.6,88.0,22.1,88.4,0.08715574274765817,0.9961946980917455
2020136N10088,2020,AMPHAN,2020-05-19 15:00:00,TS,17.9,87.1,100.0,948.0,10,10,17.3,87.1,16.9,87.0,18.3,87.2,18.7,87.3,19.8,87.7,21.4,88.1,22.8,88.6,0.17364817766693033,0.984807753012208
2020136N10088,2020,AMPHAN,2020-05-19 18:00:00,TS,18.3,87.2,100.0,948.0,8,10,17.9,87.1,17.3,87.1,18.7,87.3,19.2,87.5,20.6,88.0,22.1,88.4,23.5,89.1,0.17364817766693033,0.984807753012208
2020136N10088,2020,AMPHAN,2020-05-19 21:00:00,TS,18.7,87.3,100.0,948.0,9,20,18.3,87.2,17.9,87.1,19.2,87.5,19.8,87.7,21.4,88.1,22.8,88.6,24.3,89.3,0.3420201433256687,0.9396926207859084
2020136N10088,2020,AMPHAN,2020-05-20 00:00:00,TS,19.2,87.5,95.0,952.0,12,20,18.7,87.3,18.3,87.2,19.8,87.7,20.6,88.0,22.1,88.4,23.5,89.1,24.6,89.6,0.3420201433256687,0.9396926207859084
2020136N10088,2020,AMPHAN,2020-05-20 03:00:00,TS,19.8,87.7,95.0,954.0,15,15,19.2,87.5,18.7,87.3,20.6,88.0,21.4,88.1,22.8,88.6,24.3,89.3,25.1,89.9,0.25881904510252074,0.9659258262890683
2020136N10088,2020,AMPHAN,2020-05-20 06:00:00,TS,20.6,88.0,90.0,956.0,16,15,19.8,87.7,19.2,87.5,21.4,88.1,22.1,88.4,23.5,89.1,24.6,89.6,25.4,90.1,0.25881904510252074,0.9659258262890683
2020136N10088,2020,AMPHAN,2020-05-20 09:00:00,TS,21.4,88.1,90.0,960.0,16,15,20.6,88.0,19.8,87.7,22.1,88.4,22.8,88.6,24.3,89.3,25.1,89.9,25.2,89.6,0.25881904510252074,0.9659258262890683
2020136N10088,2020,AMPHAN,2020-05-20 12:00:00,TS,22.1,88.4,85.0,957.0,16,20,21.4,88.1,20.6,88.0,22.8,88.6,23.5,89.1,24.6,89.6,25.4,90.1,25.4,89.6,0.3420201433256687,0.9396926207859084
2020150N17054,2020,UNNAMED,2020-05-29 15:00:00,TS,17.3,54.3,25.0,1000.0,0,0,17.3,54.3,17.3,54.3,17.3,54.3,17.3,54.2,17.3,54.2,17.2,54.0,17.2,54.0,0.0,1.0
2020150N17054,2020,UNNAMED,2020-05-29 18:00:00,TS,17.3,54.3,25.0,1000.0,1,270,17.3,54.3,17.3,54.3,17.3,54.2,17.3,54.2,17.2,54.0,17.2,54.0,17.2,54.0,-1.0,-1.8369701987210297e-16
2020150N17054,2020,UNNAMED,2020-05-29 21:00:00,TS,17.3,54.2,25.0,1000.0,1,270,17.3,54.3,17.3,54.3,17.3,54.2,17.3,54.2,17.2,54.0,17.2,54.0,17.1,53.9,-1.0,-1.8369701987210297e-16
2020150N17054,2020,UNNAMED,2020-05-30 00:00:00,TS,17.3,54.2,25.0,1000.0,0,270,17.3,54.2,17.3,54.3,17.3,54.2,17.2,54.0,17.2,54.0,17.2,54.0,17.1,53.8,-1.0,-1.8369701987210297e-16
2020150N17054,2020,UNNAMED,2020-05-30 03:00:00,TS,17.3,54.2,25.0,1000.0,2,240,17.3,54.2,17.3,54.2,17.2,54.0,17.2,54.0,17.2,54.0,17.1,53.9,17.1,53.8,-0.8660254037844384,-0.5000000000000004
2020150N17054,2020,UNNAMED,2020-05-30 06:00:00,TS,17.2,54.0,25.0,1000.0,3,240,17.3,54.2,17.3,54.2,17.2,54.0,17.2,54.0,17.2,54.0,17.1,53.8,17.0,53.5,-0.8660254037844384,-0.5000000000000004
2020150N17054,2020,UNNAMED,2020-05-30 09:00:00,TS,17.2,54.0,25.0,1000.0,0,0,17.2,54.0,17.3,54.2,17.2,54.0,17.2,54.0,17.1,53.9,17.1,53.8,16.9,53.3,0.0,1.0
2020150N17054,2020,UNNAMED,2020-05-30 12:00:00,TS,17.2,54.0,25.0,1000.0,1,60,17.2,54.0,17.2,54.0,17.2,54.0,17.2,54.0,17.1,53.8,17.0,53.5,16.9,53.1,0.8660254037844386,0.5000000000000001
2020150N17054,2020,UNNAMED,2020-05-30 15:00:00,TS,17.2,54.0,25.0,1000.0,0,0,17.2,54.0,17.2,54.0,17.2,54.0,17.1,53.9,17.1,53.8,16.9,53.3,16.9,53.0,0.0,1.0
2020150N17054,2020,UNNAMED,2020-05-30 18:00:00,TS,17.2,54.0,25.0,1000.0,1,240,17.2,54.0,17.2,54.0,17.1,53.9,17.1,53.8,17.0,53.5,16.9,53.1,16.8,52.9,-0.8660254037844384,-0.5000000000000004
2020153N13072,2020,NISARGA,2020-06-01 00:00:00,MX,13.0,71.6,25.0,1004.0,6,285,12.9,72.0,12.9,72.2,13.1,71.4,13.4,71.2,14.0,71.1,14.4,71.2,15.0,71.3,-0.9659258262890684,0.2588190451025203
2020153N13072,2020,NISARGA,2020-06-01 03:00:00,MX,13.1,71.4,25.0,1004.0,6,315,13.0,71.6,12.9,72.0,13.4,71.2,13.7,71.1,14.2,71.2,14.7,71.2,15.3,71.3,-0.7071067811865477,0.7071067811865474
2020153N13072,2020,NISARGA,2020-06-01 06:00:00,TS,13.4,71.2,25.0,1004.0,7,340,13.1,71.4,13.0,71.6,13.7,71.1,14.0,71.1,14.4,71.2,15.0,71.3,15.7,71.3,-0.3420201433256686,0.9396926207859084
2020153N13072,2020,NISARGA,2020-06-01 09:00:00,TS,13.7,71.1,25.0,1004.0,6,355,13.4,71.2,13.1,71.4,14.0,71.1,14.2,71.2,14.7,71.2,15.3,71.3,16.0,71.3,-0.08715574274765832,0.9961946980917455
2020153N13072,2020,NISARGA,2020-06-01 12:00:00,TS,14.0,71.1,25.0,1003.0,5,5,13.7,71.1,13.4,71.2,14.2,71.2,14.4,71.2,15.0,71.3,15.7,71.3,16.3,71.4,0.08715574274765817,0.9961946980917455
2020153N13072,2020,NISARGA,2020-06-01 15:00:00,TS,14.2,71.2,25.0,1003.0,4,10,14.0,71.1,13.7,71.1,14.4,71.2,14.7,71.2,15.3,71.3,16.0,71.3,16.2,71.5,0.17364817766693033,0.984807753012208
2020153N13072,2020,NISARGA,2020-06-01 18:00:00,TS,14.4,71.2,25.0,1003.0,5,5,14.2,71.2,14.0,71.1,14.7,71.2,15.0,71.3,15.7,71.3,16.3,71.4,16.8,71.6,0.08715574274765817,0.9961946980917455
2020153N13072,2020,NISARGA,2020-06-01 21:00:00,TS,14.7,71.2,28.0,1002.0,6,5,14.4,71.2,14.2,71.2,15.0,71.3,15.3,71.3,16.0,71.3,16.2,71.5,17.0,71.9,0.08715574274765817,0.9961946980917455
2020153N13072,2020,NISARGA,2020-06-02 00:00:00,TS,15.0,71.3,30.0,1000.0,6,0,14.7,71.2,14.4,71.2,15.3,71.3,15.7,71.3,16.3,71.4,16.8,71.6,17.3,72.1,0.0,1.0
2020153N13072,2020,NISARGA,2020-06-02 03:00:00,TS,15.3,71.3,30.0,1000.0,7,0,15.0,71.3,14.7,71.2,15.7,71.3,16.0,71.3,16.2,71.5,17.0,71.9,17.6,72.4,0.0,1.0
2020153N13072,2020,NISARGA,2020-06-02 06:00:00,TS,15.7,71.3,35.0,999.0,7,0,15.3,71.3,15.0,71.3,16.0,71.3,16.3,71.4,16.8,71.6,17.3,72.1,18.1,72.9,0.0,1.0
2020153N13072,2020,NISARGA,2020-06-02 09:00:00,TS,16.0,71.3,35.0,999.0,7,10,15.7,71.3,15.3,71.3,16.3,71.4,16.2,71.5,17.0,71.9,17.6,72.4,18.5,73.2,0.17364817766693033,0.984807753012208
2020153N13072,2020,NISARGA,2020-06-02 12:00:00,TS,16.3,71.4,40.0,996.0,3,40,16.0,71.3,15.7,71.3,16.2,71.5,16.8,71.6,17.3,72.1,18.1,72.9,19.1,73.7,0.6427876096865393,0.766044443118978
2020153N13072,2020,NISARGA,2020-06-02 15:00:00,TS,16.2,71.5,40.0,996.0,5,35,16.3,71.4,16.0,71.3,16.8,71.6,17.0,71.9,17.6,72.4,18.5,73.2,19.6,74.0,0.573576436351046,0.8191520442889918
2020153N13072,2020,NISARGA,2020-06-02 18:00:00,TS,16.8,71.6,40.0,996.0,9,25,16.2,71.5,16.3,71.4,17.0,71.9,17.3,72.1,18.1,72.9,19.1,73.7,20.0,74.7,0.42261826174069944,0.9063077870366499
2020153N13072,2020,NISARGA,2020-06-02 21:00:00,TS,17.0,71.9,45.0,994.0,7,40,16.8,71.6,16.2,71.5,17.3,72.1,17.6,72.4,18.5,73.2,19.6,74.0,20.3,75.3,0.6427876096865393,0.766044443118978
2020153N13072,2020,NISARGA,2020-06-03 00:00:00,TS,17.3,72.1,50.0,992.0,8,45,17.0,71.9,16.8,71.6,17.6,72.4,18.1,72.9,19.1,73.7,20.0,74.7,20.9,76.0,0.7071067811865475,0.7071067811865476
2020153N13072,2020,NISARGA,2020-06-03 03:00:00,TS,17.6,72.4,55.0,988.0,10,40,17.3,72.1,17.0,71.9,18.1,72.9,18.5,73.2,19.6,74.0,20.3,75.3,21.5,76.8,0.6427876096865393,0.766044443118978
2020153N13072,2020,NISARGA,2020-06-03 06:00:00,TS,18.1,72.9,60.0,984.0,12,40,17.6,72.4,17.3,72.1,18.5,73.2,19.1,73.7,20.0,74.7,20.9,76.0,22.2,77.6,0.6427876096865393,0.766044443118978
2020285N15087,2020,UNNAMED,2020-10-11 06:00:00,TS,15.4,85.8,25.0,998.0,6,275,15.4,86.2,15.3,86.5,15.4,85.5,15.5,85.4,15.6,85.2,15.7,85.0,15.9,84.8,-0.9961946980917455,0.08715574274765789
2020285N15087,2020,UNNAMED,2020-10-11 09:00:00,TS,15.4,85.5,25.0,998.0,4,285,15.4,85.8,15.4,86.2,15.5,85.4,15.5,85.3,15.7,85.1,15.7,85.0,16.0,84.7,-0.9659258262890684,0.2588190451025203
2020285N15087,2020,UNNAMED,2020-10-11 12:00:00,TS,15.5,85.4,25.0,998.0,3,295,15.4,85.5,15.4,85.8,15.5,85.3,15.6,85.2,15.7,85.0,15.9,84.8,16.1,84.6,-0.9063077870366499,0.4226182617406996
2020285N15087,2020,UNNAMED,2020-10-11 15:00:00,TS,15.5,85.3,25.0,998.0,2,295,15.5,85.4,15.4,85.5,15.6,85.2,15.7,85.1,15.7,85.0,16.0,84.7,16.3,84.1,-0.9063077870366499,0.4226182617406996
2020285N15087,2020,UNNAMED,2020-10-11 18:00:00,TS,15.6,85.2,25.0,998.0,2,300,15.5,85.3,15.5,85.4,15.7,85.1,15.7,85.0,15.9,84.8,16.1,84.6,16.5,83.4,-0.8660254037844386,0.5000000000000001
2020285N15087,2020,UNNAMED,2020-10-11 21:00:00,TS,15.7,85.1,25.0,998.0,2,295,15.6,85.2,15.5,85.3,15.7,85.0,15.7,85.0,16.0,84.7,16.3,84.1,16.7,82.9,-0.9063077870366499,0.4226182617406996
2020285N15087,2020,UNNAMED,2020-10-12 00:00:00,TS,15.7,85.0,25.0,998.0,1,295,15.7,85.1,15.6,85.2,15.7,85.0,15.9,84.8,16.1,84.6,16.5,83.4,16.9,82.5,-0.9063077870366499,0.4226182617406996
2020285N15087,2020,UNNAMED,2020-10-12 03:00:00,TS,15.7,85.0,30.0,997.0,3,315,15.7,85.0,15.7,85.1,15.9,84.8,16.0,84.7,16.3,84.1,16.7,82.9,17.0,82.1,-0.7071067811865477,0.7071067811865474
2020285N15087,2020,UNNAMED,2020-10-12 06:00:00,TS,15.9,84.8,30.0,997.0,4,320,15.7,85.0,15.7,85.0,16.0,84.7,16.1,84.6,16.5,83.4,16.9,82.5,17.3,81.5,-0.6427876096865396,0.7660444431189778
2020285N15087,2020,UNNAMED,2020-10-12 09:00:00,TS,16.0,84.7,30.0,997.0,3,315,15.9,84.8,15.7,85.0,16.1,84.6,16.3,84.1,16.7,82.9,17.0,82.1,17.4,81.0,-0.7071067811865477,0.7071067811865474
2020285N15087,2020,UNNAMED,2020-10-12 12:00:00,TS,16.1,84.6,30.0,997.0,7,295,16.0,84.7,15.9,84.8,16.3,84.1,16.5,83.4,16.9,82.5,17.3,81.5,17.5,80.5,-0.9063077870366499,0.4226182617406996
2020285N15087,2020,UNNAMED,2020-10-12 15:00:00,TS,16.3,84.1,30.0,997.0,12,290,16.1,84.6,16.0,84.7,16.5,83.4,16.7,82.9,17.0,82.1,17.4,81.0,17.6,80.0,-0.9396926207859083,0.342020143325669
2020285N15087,2020,UNNAMED,2020-10-12 18:00:00,TS,16.5,83.4,30.0,997.0,12,290,16.3,84.1,16.1,84.6,16.7,82.9,16.9,82.5,17.3,81.5,17.5,80.5,17.6,79.5,-0.9396926207859083,0.342020143325669
2020285N15087,2020,UNNAMED,2020-10-12 21:00:00,TS,16.7,82.9,30.0,997.0,10,295,16.5,83.4,16.3,84.1,16.9,82.5,17.0,82.1,17.4,81.0,17.6,80.0,17.7,78.8,-0.9063077870366499,0.4226182617406996
2020285N15087,2020,UNNAMED,2020-10-13 00:00:00,TS,16.9,82.5,30.0,997.0,8,290,16.7,82.9,16.5,83.4,17.0,82.1,17.3,81.5,17.5,80.5,17.6,79.5,17.7,78.1,-0.9396926207859083,0.342020143325669
2020285N15087,2020,UNNAMED,2020-10-13 03:00:00,TS,17.0,82.1,30.0,996.0,10,295,16.9,82.5,16.7,82.9,17.3,81.5,17.4,81.0,17.6,80.0,17.7,78.8,17.7,77.5,-0.9063077870366499,0.4226182617406996
2020285N15087,2020,UNNAMED,2020-10-13 06:00:00,TS,17.3,81.5,25.0,998.0,12,295,17.0,82.1,16.9,82.5,17.4,81.0,17.5,80.5,17.6,79.5,17.7,78.1,17.7,77.0,-0.9063077870366499,0.4226182617406996
2020291N18069,2020,UNNAMED,2020-10-17 09:00:00,TS,17.8,67.8,23.0,1004.0,7,270,17.8,68.2,17.8,69.0,17.8,67.5,17.8,67.1,17.8,66.7,17.8,65.8,17.8,65.0,-1.0,-1.8369701987210297e-16
2020291N18069,2020,UNNAMED,2020-10-17 12:00:00,TS,17.8,67.5,25.0,1003.0,6,270,17.8,67.8,17.8,68.2,17.8,67.1,17.8,66.8,17.8,66.4,17.8,65.3,17.8,64.8,-1.0,-1.8369701987210297e-16
2020291N18069,2020,UNNAMED,2020-10-17 15:00:00,TS,17.8,67.1,25.0,1003.0,7,270,17.8,67.5,17.8,67.8,17.8,66.8,17.8,66.7,17.8,65.8,17.8,65.0,17.8,64.6,-1.0,-1.8369701987210297e-16
2020291N18069,2020,UNNAMED,2020-10-17 18:00:00,TS,17.8,66.8,25.0,1003.0,4,270,17.8,67.1,17.8,67.5,17.8,66.7,17.8,66.4,17.8,65.3,17.8,64.8,17.8,64.3,-1.0,-1.8369701987210297e-16
2020296N19087,2020,UNNAMED,2020-10-22 09:00:00,TS,19.4,87.1,25.0,998.0,8,20,19.0,87.0,18.7,87.0,19.7,87.3,19.9,87.4,20.7,87.9,21.4,88.4,22.5,89.1,0.3420201433256687,0.9396926207859084
2020296N19087,2020,UNNAMED,2020-10-22 12:00:00,TS,19.7,87.3,25.0,998.0,6,25,19.4,87.1,19.0,87.0,19.9,87.4,20.2,87.6,21.2,88.2,21.7,88.5,23.3,89.5,0.42261826174069944,0.9063077870366499
2020296N19087,2020,UNNAMED,2020-10-22 15:00:00,TS,19.9,87.4,25.0,998.0,6,30,19.7,87.3,19.4,87.1,20.2,87.6,20.7,87.9,21.4,88.4,22.5,89.1,23.8,89.7,0.49999999999999994,0.8660254037844387
2020296N19087,2020,UNNAMED,2020-10-22 18:00:00,TS,20.2,87.6,25.0,998.0,9,30,19.9,87.4,19.7,87.3,20.7,87.9,21.2,88.2,21.7,88.5,23.3,89.5,24.0,89.9,0.49999999999999994,0.8660254037844387
2020326N11063,2020,GATI,2020-11-20 18:00:00,TS,10.9,61.7,,,9,275,11.0,62.2,11.2,62.6,11.1,61.2,11.3,60.6,11.3,58.8,11.3,57.1,10.9,55.8,-0.9961946980917455,0.08715574274765789
2020326N11063,2020,GATI,2020-11-20 21:00:00,TS,11.1,61.2,,,12,290,10.9,61.7,11.0,62.2,11.3,60.6,11.3,59.7,11.3,57.9,11.1,56.2,10.9,55.2,-0.9396926207859083,0.342020143325669
2020326N11063,2020,GATI,2020-11-21 00:00:00,TS,11.3,60.6,,,15,280,11.1,61.2,10.9,61.7,11.3,59.7,11.3,58.8,11.3,57.1,10.9,55.8,10.8,54.5,-0.9848077530122081,0.17364817766692997
2020326N11063,2020,GATI,2020-11-21 03:00:00,TS,11.3,59.7,,,18,270,11.3,60.6,11.1,61.2,11.3,58.8,11.3,57.9,11.1,56.2,10.9,55.2,10.6,53.5,-1.0,-1.8369701987210297e-16
2020326N11063,2020,GATI,2020-11-21 06:00:00,TS,11.3,58.8,,,18,270,11.3,59.7,11.3,60.6,11.3,57.9,11.3,57.1,10.9,55.8,10.8,54.5,10.4,52.6,-1.0,-1.8369701987210297e-16
2020326N11063,2020,GATI,2020-11-21 09:00:00,TS,11.3,57.9,,,17,270,11.3,58.8,11.3,59.7,11.3,57.1,11.1,56.2,10.9,55.2,10.6,53.5,10.4,52.0,-1.0,-1.8369701987210297e-16
2020326N11063,2020,GATI,2020-11-21 12:00:00,TS,11.3,57.1,,,17,260,11.3,57.9,11.3,58.8,11.1,56.2,10.9,55.8,10.8,54.5,10.4,52.6,10.4,51.5,-0.984807753012208,-0.17364817766693033
2020326N11063,2020,GATI,2020-11-21 15:00:00,TS,11.1,56.2,,,13,250,11.3,57.1,11.3,57.9,10.9,55.8,10.9,55.2,10.6,53.5,10.4,52.0,10.4,51.0,-0.9396926207859084,-0.34202014332566855
2020326N11063,2020,GATI,2020-11-21 18:00:00,TS,10.9,55.8,25.0,1000.0,10,260,11.1,56.2,11.3,57.1,10.9,55.2,10.8,54.5,10.4,52.6,10.4,51.5,10.4,50.6,-0.984807753012208,-0.17364817766693033
2020326N11063,2020,GATI,2020-11-21 21:00:00,TS,10.9,55.2,28.0,999.0,13,265,10.9,55.8,11.1,56.2,10.8,54.5,10.6,53.5,10.4,52.0,10.4,51.0,10.5,50.2,-0.9961946980917455,-0.08715574274765825
2020326N11063,2020,GATI,2020-11-22 00:00:00,TS,10.8,54.5,30.0,998.0,18,260,10.9,55.2,10.9,55.8,10.6,53.5,10.4,52.6,10.4,51.5,10.4,50.6,10.7,50.0,-0.984807753012208,-0.17364817766693033
2020326N11063,2020,GATI,2020-11-22 03:00:00,TS,10.6,53.5,40.0,996.0,19,255,10.8,54.5,10.9,55.2,10.4,52.6,10.4,52.0,10.4,51.0,10.5,50.2,10.9,49.6,-0.9659258262890683,-0.25881904510252063
2020326N11063,2020,GATI,2020-11-22 06:00:00,TS,10.4,52.6,50.0,992.0,15,260,10.6,53.5,10.8,54.5,10.4,52.0,10.4,51.5,10.4,50.6,10.7,50.0,11.1,49.3,-0.984807753012208,-0.17364817766693033
2020326N11063,2020,GATI,2020-11-22 09:00:00,TS,10.4,52.0,65.0,982.0,11,270,10.4,52.6,10.6,53.5,10.4,51.5,10.4,51.0,10.5,50.2,10.9,49.6,11.3,48.9,-1.0,-1.8369701987210297e-16
2020326N11063,2020,GATI,2020-11-22 12:00:00,TS,10.4,51.5,75.0,976.0,10,270,10.4,52.0,10.4,52.6,10.4,51.0,10.4,50.6,10.7,50.0,11.1,49.3,11.5,48.6,-1.0,-1.8369701987210297e-16
2020326N11063,2020,GATI,2020-11-22 15:00:00,TS,10.4,51.0,75.0,976.0,9,270,10.4,51.5,10.4,52.0,10.4,50.6,10.5,50.2,10.9,49.6,11.3,48.9,11.7,48.0,-1.0,-1.8369701987210297e-16
2020326N11063,2020,GATI,2020-11-22 18:00:00,TS,10.4,50.6,65.0,982.0,8,275,10.4,51.0,10.4,51.5,10.5,50.2,10.7,50.0,11.1,49.3,11.5,48.6,11.8,47.5,-0.9961946980917455,0.08715574274765789
2020326N11063,2020,GATI,2020-11-22 21:00:00,TS,10.5,50.2,60.0,986.0,6,295,10.4,50.6,10.4,51.0,10.7,50.0,10.9,49.6,11.3,48.9,11.7,48.0,11.7,47.1,-0.9063077870366499,0.4226182617406996
2020326N11063,2020,GATI,2020-11-23 00:00:00,TS,10.7,50.0,45.0,994.0,6,310,10.5,50.2,10.4,50.6,10.9,49.6,11.1,49.3,11.5,48.6,11.8,47.5,11.5,46.8,-0.7660444431189781,0.6427876096865393
2020326N11063,2020,GATI,2020-11-23 03:00:00,TS,10.9,49.6,35.0,997.0,8,305,10.7,50.0,10.5,50.2,11.1,49.3,11.3,48.9,11.7,48.0,11.7,47.1,11.2,46.6,-0.8191520442889918,0.573576436351046
2020326N11063,2020,GATI,2020-11-23 06:00:00,TS,11.1,49.3,30.0,998.0,8,300,10.9,49.6,10.7,50.0,11.3,48.9,11.5,48.6,11.8,47.5,11.5,46.8,10.9,46.5,-0.8660254037844386,0.5000000000000001
2020326N11063,2020,GATI,2020-11-23 09:00:00,TS,11.3,48.9,30.0,999.0,8,295,11.1,49.3,10.9,49.6,11.5,48.6,11.7,48.0,11.7,47.1,11.2,46.6,10.7,46.4,-0.9063077870366499,0.4226182617406996
2020326N11063,2020,GATI,2020-11-23 12:00:00,TS,11.5,48.6,30.0,999.0,10,295,11.3,48.9,11.1,49.3,11.7,48.0,11.8,47.5,11.5,46.8,10.9,46.5,10.4,46.3,-0.9063077870366499,0.4226182617406996
2020327N08086,2020,NIVAR,2020-11-22 12:00:00,DS,8.5,85.6,,,8,320,8.2,85.9,7.8,86.1,8.8,85.3,9.0,85.1,9.3,84.6,9.6,84.0,9.9,83.6,-0.6427876096865396,0.7660444431189778
2020327N08086,2020,NIVAR,2020-11-22 15:00:00,DS,8.8,85.3,,,7,315,8.5,85.6,8.2,85.9,9.0,85.1,9.0,85.0,9.5,84.2,9.7,83.8,9.9,83.5,-0.7071067811865477,0.7071067811865474
2020327N08086,2020,NIVAR,2020-11-22 18:00:00,TS,9.0,85.1,,,5,305,8.8,85.3,8.5,85.6,9.0,85.0,9.3,84.6,9.6,84.0,9.9,83.6,10.0,83.5,-0.8191520442889918,0.573576436351046
2020327N08086,2020,NIVAR,2020-11-22 21:00:00,TS,9.0,85.0,25.0,1002.0,6,300,9.0,85.1,8.8,85.3,9.3,84.6,9.5,84.2,9.7,83.8,9.9,83.5,9.9,83.3,-0.8660254037844386,0.5000000000000001
2020327N08086,2020,NIVAR,2020-11-23 00:00:00,TS,9.3,84.6,25.0,1002.0,9,300,9.0,85.0,9.0,85.1,9.5,84.2,9.6,84.0,9.9,83.6,10.0,83.5,9.8,83.2,-0.8660254037844386,0.5000000000000001
2020327N08086,2020,NIVAR,2020-11-23 03:00:00,TS,9.5,84.2,25.0,1002.0,7,295,9.3,84.6,9.0,85.0,9.6,84.0,9.7,83.8,9.9,83.5,9.9,83.3,9.8,83.1,-0.9063077870366499,0.4226182617406996
2020327N08086,2020,NIVAR,2020-11-23 06:00:00,TS,9.6,84.0,25.0,1001.0,5,300,9.5,84.2,9.3,84.6,9.7,83.8,9.9,83.6,10.0,83.5,9.8,83.2,9.8,83.0,-0.8660254037844386,0.5000000000000001
2020327N08086,2020,NIVAR,2020-11-23 09:00:00,TS,9.7,83.8,28.0,1000.0,4,310,9.6,84.0,9.5,84.2,9.9,83.6,9.9,83.5,9.9,83.3,9.8,83.1,9.9,82.9,-0.7660444431189781,0.6427876096865393
2020327N08086,2020,NIVAR,2020-11-23 12:00:00,TS,9.9,83.6,30.0,999.0,3,310,9.7,83.8,9.6,84.0,9.9,83.5,10.0,83.5,9.8,83.2,9.8,83.0,10.0,82.8,-0.7660444431189781,0.6427876096865393
2020327N08086,2020,NIVAR,2020-11-23 15:00:00,TS,9.9,83.5,30.0,999.0,2,295,9.9,83.6,9.7,83.8,10.0,83.5,9.9,83.3,9.8,83.1,9.9,82.9,10.1,82.7,-0.9063077870366499,0.4226182617406996
2020327N08086,2020,NIVAR,2020-11-23 18:00:00,TS,10.0,83.5,30.0,998.0,2,265,9.9,83.5,9.9,83.6,9.9,83.3,9.8,83.2,9.8,83.0,10.0,82.8,10.2,82.6,-0.9961946980917455,-0.08715574274765825
2020327N08086,2020,NIVAR,2020-11-23 21:00:00,TS,9.9,83.3,33.0,998.0,3,250,10.0,83.5,9.9,83.5,9.8,83.2,9.8,83.1,9.9,82.9,10.1,82.7,10.4,82.4,-0.9396926207859084,-0.34202014332566855
2020327N08086,2020,NIVAR,2020-11-24 00:00:00,TS,9.8,83.2,35.0,997.0,2,235,9.9,83.3,10.0,83.5,9.8,83.1,9.8,83.0,10.0,82.8,10.2,82.6,10.6,82.2,-0.8191520442889916,-0.5735764363510464
2020327N08086,2020,NIVAR,2020-11-24 03:00:00,TS,9.8,83.1,35.0,997.0,3,260,9.8,83.2,9.9,83.3,9.8,83.0,9.9,82.9,10.1,82.7,10.4,82.4,10.8,81.8,-0.984807753012208,-0.17364817766693033
2020327N08086,2020,NIVAR,2020-11-24 06:00:00,TS,9.8,83.0,40.0,994.0,3,280,9.8,83.1,9.8,83.2,9.9,82.9,10.0,82.8,10.2,82.6,10.6,82.2,11.1,81.4,-0.9848077530122081,0.17364817766692997
2020327N08086,2020,NIVAR,2020-11-24 09:00:00,TS,9.9,82.9,45.0,992.0,3,315,9.8,83.0,9.8,83.1,10.0,82.8,10.1,82.7,10.4,82.4,10.8,81.8,11.3,81.1,-0.7071067811865477,0.7071067811865474
2020327N08086,2020,NIVAR,2020-11-24 12:00:00,TS,10.0,82.8,45.0,992.0,3,315,9.9,82.9,9.8,83.0,10.1,82.7,10.2,82.6,10.6,82.2,11.1,81.4,11.5,80.9,-0.7071067811865477,0.7071067811865474
2020327N08086,2020,NIVAR,2020-11-24 15:00:00,TS,10.1,82.7,45.0,992.0,3,315,10.0,82.8,9.9,82.9,10.2,82.6,10.4,82.4,10.8,81.8,11.3,81.1,11.8,80.6,-0.7071067811865477,0.7071067811865474
2020327N08086,2020,NIVAR,2020-11-24 18:00:00,TS,10.2,82.6,50.0,990.0,4,325,10.1,82.7,10.0,82.8,10.4,82.4,10.6,82.2,11.1,81.4,11.5,80.9,12.0,80.4,-0.5735764363510465,0.8191520442889916
2020327N08086,2020,NIVAR,2020-11-24 21:00:00,TS,10.4,82.4,55.0,988.0,5,320,10.2,82.6,10.1,82.7,10.6,82.2,10.8,81.8,11.3,81.1,11.8,80.6,12.2,80.1,-0.6427876096865396,0.7660444431189778
2020327N08086,2020,NIVAR,2020-11-25 00:00:00,TS,10.6,82.2,60.0,986.0,8,310,10.4,82.4,10.2,82.6,10.8,81.8,11.1,81.4,11.5,80.9,12.0,80.4,12.5,80.0,-0.7660444431189781,0.6427876096865393
2020327N08086,2020,NIVAR,2020-11-25 03:00:00,TS,10.8,81.8,60.0,986.0,9,300,10.6,82.2,10.4,82.4,11.1,81.4,11.3,81.1,11.8,80.6,12.2,80.1,12.7,79.7,-0.8660254037844386,0.5000000000000001
2020327N08086,2020,NIVAR,2020-11-25 06:00:00,TS,11.1,81.4,60.0,986.0,8,305,10.8,81.8,10.6,82.2,11.3,81.1,11.5,80.9,12.0,80.4,12.5,80.0,13.0,79.6,-0.8191520442889918,0.573576436351046
2020327N08086,2020,NIVAR,2020-11-25 09:00:00,TS,11.3,81.1,65.0,982.0,6,310,11.1,81.4,10.8,81.8,11.5,80.9,11.8,80.6,12.2,80.1,12.7,79.7,13.3,79.6,-0.7660444431189781,0.6427876096865393
2020327N08086,2020,NIVAR,2020-11-25 12:00:00,TS,11.5,80.9,65.0,982.0,7,315,11.3,81.1,11.1,81.4,11.8,80.6,12.0,80.4,12.5,80.0,13.0,79.6,13.5,79.8,-0.7071067811865477,0.7071067811865474
2020327N08086,2020,NIVAR,2020-11-25 15:00:00,TS,11.8,80.6,65.0,982.0,8,315,11.5,80.9,11.3,81.1,12.0,80.4,12.2,80.1,12.7,79.7,13.3,79.6,13.6,80.0,-0.7071067811865477,0.7071067811865474
2020327N08086,2020,NIVAR,2020-11-25 18:00:00,TS,12.0,80.4,65.0,982.0,7,315,11.8,80.6,11.5,80.9,12.2,80.1,12.5,80.0,13.0,79.6,13.5,79.8,13.8,80.3,-0.7071067811865477,0.7071067811865474
2020327N08086,2020,NIVAR,2020-11-25 21:00:00,TS,12.2,80.1,60.0,986.0,6,315,12.0,80.4,11.8,80.6,12.5,80.0,12.7,79.7,13.3,79.6,13.6,80.0,13.8,80.6,-0.7071067811865477,0.7071067811865474
2020327N08086,2020,NIVAR,2020-11-26 00:00:00,TS,12.5,80.0,50.0,992.0,7,320,12.2,80.1,12.0,80.4,12.7,79.7,13.0,79.6,13.5,79.8,13.8,80.3,14.0,80.7,-0.6427876096865396,0.7660444431189778
2020327N08086,2020,NIVAR,2020-11-26 03:00:00,TS,12.7,79.7,40.0,996.0,7,330,12.5,80.0,12.2,80.1,13.0,79.6,13.3,79.6,13.6,80.0,13.8,80.6,14.2,80.6,-0.5000000000000004,0.8660254037844384
2020327N08086,2020,NIVAR,2020-11-26 06:00:00,TS,13.0,79.6,35.0,998.0,6,350,12.7,79.7,12.5,80.0,13.3,79.6,13.5,79.8,13.8,80.3,14.0,80.7,14.4,80.5,-0.1736481776669304,0.984807753012208
2020327N08086,2020,NIVAR,2020-11-26 09:00:00,TS,13.3,79.6,30.0,999.0,5,20,13.0,79.6,12.7,79.7,13.5,79.8,13.6,80.0,13.8,80.6,14.2,80.6,14.7,80.3,0.3420201433256687,0.9396926207859084
2020327N08086,2020,NIVAR,2020-11-26 12:00:00,TS,13.5,79.8,30.0,1000.0,5,50,13.3,79.6,13.0,79.6,13.6,80.0,13.8,80.3,14.0,80.7,14.4,80.5,15.0,80.1,0.766044443118978,0.6427876096865394
2020335N06090,2020,BUREVI,2020-11-29 18:00:00,DS,6.9,89.1,,,15,295,6.6,89.8,6.4,90.4,7.2,88.4,7.5,87.8,7.6,87.4,7.5,87.1,7.5,86.8,-0.9063077870366499,0.4226182617406996
2020335N06090,2020,BUREVI,2020-11-29 21:00:00,DS,7.2,88.4,,,14,295,6.9,89.1,6.6,89.8,7.5,87.8,7.6,87.6,7.6,87.2,7.5,87.0,7.4,86.4,-0.9063077870366499,0.4226182617406996
2020335N06090,2020,BUREVI,2020-11-30 00:00:00,MX,7.5,87.8,20.0,1003.0,9,295,7.2,88.4,6.9,89.1,7.6,87.6,7.6,87.4,7.5,87.1,7.5,86.8,7.4,86.1,-0.9063077870366499,0.4226182617406996
2020335N06090,2020,BUREVI,2020-11-30 03:00:00,MX,7.6,87.6,25.0,1002.0,5,285,7.5,87.8,7.2,88.4,7.6,87.4,7.6,87.2,7.5,87.0,7.4,86.4,7.4,85.8,-0.9659258262890684,0.2588190451025203
2020335N06090,2020,BUREVI,2020-11-30 06:00:00,TS,7.6,87.4,25.0,1002.0,3,265,7.6,87.6,7.5,87.8,7.6,87.2,7.5,87.1,7.5,86.8,7.4,86.1,7.5,85.4,-0.9961946980917455,-0.08715574274765825
2020335N06090,2020,BUREVI,2020-11-30 09:00:00,TS,7.6,87.2,25.0,1002.0,3,245,7.6,87.4,7.6,87.6,7.5,87.1,7.5,87.0,7.4,86.4,7.4,85.8,7.6,85.1,-0.90630778703665,-0.42261826174069916
2020335N06090,2020,BUREVI,2020-11-30 12:00:00,TS,7.5,87.1,25.0,1002.0,3,250,7.6,87.2,7.6,87.4,7.5,87.0,7.5,86.8,7.4,86.1,7.5,85.4,7.7,84.9,-0.9396926207859084,-0.34202014332566855
2020335N06090,2020,BUREVI,2020-11-30 15:00:00,TS,7.5,87.0,25.0,1002.0,3,270,7.5,87.1,7.6,87.2,7.5,86.8,7.4,86.4,7.4,85.8,7.6,85.1,7.8,84.6,-1.0,-1.8369701987210297e-16
2020335N06090,2020,BUREVI,2020-11-30 18:00:00,TS,7.5,86.8,25.0,1002.0,5,265,7.5,87.0,7.5,87.1,7.4,86.4,7.4,86.1,7.5,85.4,7.7,84.9,8.0,84.3,-0.9961946980917455,-0.08715574274765825
2020335N06090,2020,BUREVI,2020-11-30 21:00:00,TS,7.4,86.4,28.0,1001.0,7,260,7.5,86.8,7.5,87.0,7.4,86.1,7.4,85.8,7.6,85.1,7.8,84.6,8.3,83.7,-0.984807753012208,-0.17364817766693033
2020335N06090,2020,BUREVI,2020-12-01 00:00:00,TS,7.4,86.1,30.0,1000.0,7,265,7.4,86.4,7.5,86.8,7.4,85.8,7.5,85.4,7.7,84.9,8.0,84.3,8.5,83.3,-0.9961946980917455,-0.08715574274765825
2020335N06090,2020,BUREVI,2020-12-01 03:00:00,TS,7.4,85.8,30.0,1000.0,7,275,7.4,86.1,7.4,86.4,7.5,85.4,7.6,85.1,7.8,84.6,8.3,83.7,8.6,82.9,-0.9961946980917455,0.08715574274765789
2020335N06090,2020,BUREVI,2020-12-01 06:00:00,TS,7.5,85.4,30.0,1000.0,7,285,7.4,85.8,7.4,86.1,7.6,85.1,7.7,84.9,8.0,84.3,8.5,83.3,8.7,82.6,-0.9659258262890684,0.2588190451025203
2020335N06090,2020,BUREVI,2020-12-01 09:00:00,TS,7.6,85.1,33.0,1000.0,6,295,7.5,85.4,7.4,85.8,7.7,84.9,7.8,84.6,8.3,83.7,8.6,82.9,8.8,82.2,-0.9063077870366499,0.4226182617406996
2020335N06090,2020,BUREVI,2020-12-01 12:00:00,TS,7.7,84.9,35.0,999.0,6,295,7.6,85.1,7.5,85.4,7.8,84.6,8.0,84.3,8.5,83.3,8.7,82.6,8.8,81.9,-0.9063077870366499,0.4226182617406996
2020335N06090,2020,BUREVI,2020-12-01 15:00:00,TS,7.8,84.6,35.0,999.0,7,295,7.7,84.9,7.6,85.1,8.0,84.3,8.3,83.7,8.6,82.9,8.8,82.2,8.9,81.6,-0.9063077870366499,0.4226182617406996
2020335N06090,2020,BUREVI,2020-12-01 18:00:00,TS,8.0,84.3,35.0,999.0,10,300,7.8,84.6,7.7,84.9,8.3,83.7,8.5,83.3,8.7,82.6,8.8,81.9,9.0,81.2,-0.8660254037844386,0.5000000000000001
2020335N06090,2020,BUREVI,2020-12-01 21:00:00,TS,8.3,83.7,35.0,999.0,10,295,8.0,84.3,7.8,84.6,8.5,83.3,8.6,82.9,8.8,82.2,8.9,81.6,9.0,80.9,-0.9063077870366499,0.4226182617406996
2020335N06090,2020,BUREVI,2020-12-02 00:00:00,TS,8.5,83.3,40.0,998.0,8,295,8.3,83.7,8.0,84.3,8.6,82.9,8.7,82.6,8.8,81.9,9.0,81.2,9.0,80.5,-0.9063077870366499,0.4226182617406996
2020335N06090,2020,BUREVI,2020-12-02 03:00:00,TS,8.6,82.9,40.0,998.0,7,290,8.5,83.3,8.3,83.7,8.7,82.6,8.8,82.2,8.9,81.6,9.0,80.9,9.1,80.4,-0.9396926207859083,0.342020143325669
2020335N06090,2020,BUREVI,2020-12-02 06:00:00,TS,8.7,82.6,45.0,996.0,7,285,8.6,82.9,8.5,83.3,8.8,82.2,8.8,81.9,9.0,81.2,9.0,80.5,9.3,80.1,-0.9659258262890684,0.2588190451025203
2020335N06090,2020,BUREVI,2020-12-02 09:00:00,TS,8.8,82.2,45.0,996.0,7,280,8.7,82.6,8.6,82.9,8.8,81.9,8.9,81.6,9.0,80.9,9.1,80.4,9.4,79.8,-0.9848077530122081,0.17364817766692997
2020335N06090,2020,BUREVI,2020-12-02 12:00:00,TS,8.8,81.9,45.0,996.0,6,280,8.8,82.2,8.7,82.6,8.9,81.6,9.0,81.2,9.0,80.5,9.3,80.1,9.4,79.6,-0.9848077530122081,0.17364817766692997
2020335N06090,2020,BUREVI,2020-12-02 15:00:00,TS,8.9,81.6,45.0,996.0,7,280,8.8,81.9,8.8,82.2,9.0,81.2,9.0,80.9,9.1,80.4,9.4,79.8,9.4,79.4,-0.9848077530122081,0.17364817766692997
2020335N06090,2020,BUREVI,2020-12-02 18:00:00,TS,9.0,81.2,45.0,996.0,8,280,8.9,81.6,8.8,81.9,9.0,80.9,9.0,80.5,9.3,80.1,9.4,79.6,9.3,79.3,-0.9848077530122081,0.17364817766692997
2020335N06090,2020,BUREVI,2020-12-02 21:00:00,TS,9.0,80.9,40.0,998.0,7,275,9.0,81.2,8.9,81.6,9.0,80.5,9.1,80.4,9.4,79.8,9.4,79.4,9.3,79.3,-0.9961946980917455,0.08715574274765789
2020335N06090,2020,BUREVI,2020-12-03 00:00:00,TS,9.0,80.5,40.0,998.0,5,285,9.0,80.9,9.0,81.2,9.1,80.4,9.3,80.1,9.4,79.6,9.3,79.3,9.2,79.3,-0.9659258262890684,0.2588190451025203
2020335N06090,2020,BUREVI,2020-12-03 03:00:00,TS,9.1,80.4,40.0,998.0,5,310,9.0,80.5,9.0,80.9,9.3,80.1,9.4,79.8,9.4,79.4,9.3,79.3,9.1,79.2,-0.7660444431189781,0.6427876096865393
2020335N06090,2020,BUREVI,2020-12-03 06:00:00,TS,9.3,80.1,40.0,998.0,6,290,9.1,80.4,9.0,80.5,9.4,79.8,9.4,79.6,9.3,79.3,9.2,79.3,9.2,79.3,-0.9396926207859083,0.342020143325669
2020335N06090,2020,BUREVI,2020-12-03 09:00:00,TS,9.4,79.8,35.0,999.0,5,280,9.3,80.1,9.1,80.4,9.4,79.6,9.4,79.4,9.3,79.3,9.1,79.2,9.3,79.4,-0.9848077530122081,0.17364817766692997
2020335N06090,2020,BUREVI,2020-12-03 12:00:00,TS,9.4,79.6,30.0,1000.0,4,275,9.4,79.8,9.3,80.1,9.4,79.4,9.3,79.3,9.2,79.3,9.2,79.3,9.4,79.4,-0.9961946980917455,0.08715574274765789
2020335N06090,2020,BUREVI,2020-12-03 15:00:00,TS,9.4,79.4,30.0,1000.0,3,250,9.4,79.6,9.4,79.8,9.3,79.3,9.3,79.3,9.1,79.2,9.3,79.4,9.3,79.3,-0.9396926207859084,-0.34202014332566855
2020335N06090,2020,BUREVI,2020-12-03 18:00:00,TS,9.3,79.3,30.0,1000.0,2,225,9.4,79.4,9.4,79.6,9.3,79.3,9.2,79.3,9.2,79.3,9.4,79.4,9.2,79.2,-0.7071067811865475,-0.7071067811865477
2020335N06090,2020,BUREVI,2020-12-03 21:00:00,TS,9.3,79.3,30.0,1000.0,1,205,9.3,79.3,9.4,79.4,9.2,79.3,9.1,79.2,9.3,79.4,9.3,79.3,9.1,79.3,-0.4226182617406993,-0.90630778703665
2020335N06090,2020,BUREVI,2020-12-04 00:00:00,TS,9.2,79.3,30.0,1000.0,1,205,9.3,79.3,9.3,79.3,9.1,79.2,9.2,79.3,9.4,79.4,9.2,79.2,9.1,79.4,-0.4226182617406993,-0.90630778703665
2020335N06090,2020,BUREVI,2020-12-04 03:00:00,TS,9.1,79.2,30.0,1001.0,1,155,9.2,79.3,9.3,79.3,9.2,79.3,9.3,79.4,9.3,79.3,9.1,79.3,9.2,79.5,0.4226182617406995,-0.9063077870366499
2020335N06090,2020,BUREVI,2020-12-04 06:00:00,TS,9.2,79.3,30.0,1001.0,2,50,9.1,79.2,9.2,79.3,9.3,79.4,9.4,79.4,9.2,79.2,9.1,79.4,9.5,80.1,0.766044443118978,0.6427876096865394
2020353N06129,2020,KROVANH,2020-12-17 18:00:00,DS,6.5,127.8,,,11,295,6.2,128.4,5.8,129.0,6.7,127.4,7.1,127.2,8.1,126.1,8.9,124.3,8.8,122.4,-0.9063077870366499,0.4226182617406996
2020353N06129,2020,KROVANH,2020-12-17 21:00:00,DS,6.7,127.4,,,9,310,6.5,127.8,6.2,128.4,7.1,127.2,7.6,126.7,8.6,125.2,8.9,123.3,8.8,121.6,-0.7660444431189781,0.6427876096865393
2020353N06129,2020,KROVANH,2020-12-18 00:00:00,MX,7.1,127.2,,,11,325,6.7,127.4,6.5,127.8,7.6,126.7,8.1,126.1,8.9,124.3,8.8,122.4,8.9,121.0,-0.5735764363510465,0.8191520442889916
2020353N06129,2020,KROVANH,2020-12-18 03:00:00,MX,7.6,126.7,,,15,310,7.1,127.2,6.7,127.4,8.1,126.1,8.6,125.2,8.9,123.3,8.8,121.6,9.0,120.4,-0.7660444431189781,0.6427876096865393
2020353N06129,2020,KROVANH,2020-12-18 06:00:00,MX,8.1,126.1,,,18,305,7.6,126.7,7.1,127.2,8.6,125.2,8.9,124.3,8.8,122.4,8.9,121.0,9.2,119.8,-0.8191520442889918,0.573576436351046
2020353N06129,2020,KROVANH,2020-12-18 09:00:00,MX,8.6,125.2,,,20,295,8.1,126.1,7.6,126.7,8.9,124.3,8.9,123.3,8.8,121.6,9.0,120.4,9.5,119.1,-0.9063077870366499,0.4226182617406996
2020353N06129,2020,KROVANH,2020-12-18 12:00:00,MX,8.9,124.3,,,19,280,8.6,125.2,8.1,126.1,8.9,123.3,8.8,122.4,8.9,121.0,9.2,119.8,9.7,118.4,-0.9848077530122081,0.17364817766692997
2020353N06129,2020,KROVANH,2020-12-18 15:00:00,MX,8.9,123.3,,,19,265,8.9,124.3,8.6,125.2,8.8,122.4,8.8,121.6,9.0,120.4,9.5,119.1,9.7,117.6,-0.9961946980917455,-0.08715574274765825
2020353N06129,2020,KROVANH,2020-12-18 18:00:00,MX,8.8,122.4,,,17,265,8.9,123.3,8.9,124.3,8.8,121.6,8.9,121.0,9.2,119.8,9.7,118.4,9.8,116.9,-0.9961946980917455,-0.08715574274765825
2020353N06129,2020,KROVANH,2020-12-18 21:00:00,MX,8.8,121.6,,,14,275,8.8,122.4,8.9,123.3,8.9,121.0,9.0,120.4,9.5,119.1,9.7,117.6,9.9,116.2,-0.9961946980917455,0.08715574274765789
2020353N06129,2020,KROVANH,2020-12-19 00:00:00,MX,8.9,121.0,,,12,280,8.8,121.6,8.8,122.4,9.0,120.4,9.2,119.8,9.7,118.4,9.8,116.9,10.0,115.6,-0.9848077530122081,0.17364817766692997
2020353N06129,2020,KROVANH,2020-12-19 03:00:00,MX,9.0,120.4,,,12,285,8.9,121.0,8.8,121.6,9.2,119.8,9.5,119.1,9.7,117.6,9.9,116.2,10.1,115.3,-0.9659258262890684,0.2588190451025203
2020353N06129,2020,KROVANH,2020-12-19 06:00:00,MX,9.2,119.8,,,14,290,9.0,120.4,8.9,121.0,9.5,119.1,9.7,118.4,9.8,116.9,10.0,115.6,10.1,115.0,-0.9396926207859083,0.342020143325669
2020353N06129,2020,KROVANH,2020-12-19 09:00:00,MX,9.5,119.1,,,15,290,9.2,119.8,9.0,120.4,9.7,118.4,9.7,117.6,9.9,116.2,10.1,115.3,10.0,114.7,-0.9396926207859083,0.342020143325669
2020353N06129,2020,KROVANH,2020-12-19 12:00:00,TS,9.7,118.4,,,15,280,9.5,119.1,9.2,119.8,9.7,117.6,9.8,116.9,10.0,115.6,10.1,115.0,9.9,114.4,-0.9848077530122081,0.17364817766692997
2020353N06129,2020,KROVANH,2020-12-19 15:00:00,TS,9.7,117.6,,,14,270,9.7,118.4,9.5,119.1,9.8,116.9,9.9,116.2,10.1,115.3,10.0,114.7,9.7,114.1,-1.0,-1.8369701987210297e-16
2020353N06129,2020,KROVANH,2020-12-19 18:00:00,MX,9.8,116.9,,,13,275,9.7,117.6,9.7,118.4,9.9,116.2,10.0,115.6,10.1,115.0,9.9,114.4,9.5,113.9,-0.9961946980917455,0.08715574274765789
2020353N06129,2020,KROVANH,2020-12-19 21:00:00,MX,9.9,116.2,,,13,280,9.8,116.9,9.7,117.6,10.0,115.6,10.1,115.3,10.0,114.7,9.7,114.1,9.3,113.7,-0.9848077530122081,0.17364817766692997
2020353N06129,2020,KROVANH,2020-12-20 00:00:00,TS,10.0,115.6,,,10,280,9.9,116.2,9.8,116.9,10.1,115.3,10.1,115.0,9.9,114.4,9.5,113.9,9.2,113.4,-0.9848077530122081,0.17364817766692997
2020353N06129,2020,KROVANH,2020-12-20 03:00:00,TS,10.1,115.3,,,6,280,10.0,115.6,9.9,116.2,10.1,115.0,10.0,114.7,9.7,114.1,9.3,113.7,9.1,113.2,-0.9848077530122081,0.17364817766692997
2020353N06129,2020,KROVANH,2020-12-20 06:00:00,TS,10.1,115.0,,,6,265,10.1,115.3,10.0,115.6,10.0,114.7,9.9,114.4,9.5,113.9,9.2,113.4,9.0,112.9,-0.9961946980917455,-0.08715574274765825
2020353N06129,2020,KROVANH,2020-12-20 09:00:00,TS,10.0,114.7,,,7,255,10.1,115.0,10.1,115.3,9.9,114.4,9.7,114.1,9.3,113.7,9.1,113.2,8.9,112.6,-0.9659258262890683,-0.25881904510252063
2020353N06129,2020,KROVANH,2020-12-20 12:00:00,TS,9.9,114.4,,,6,245,10.0,114.7,10.1,115.0,9.7,114.1,9.5,113.9,9.2,113.4,9.0,112.9,8.8,112.3,-0.90630778703665,-0.42261826174069916
2020353N06129,2020,KROVANH,2020-12-20 15:00:00,TS,9.7,114.1,,,6,230,9.9,114.4,10.0,114.7,9.5,113.9,9.3,113.7,9.1,113.2,8.9,112.6,8.6,111.9,-0.7660444431189779,-0.6427876096865395
2020353N06129,2020,KROVANH,2020-12-20 18:00:00,TS,9.5,113.9,,,6,225,9.7,114.1,9.9,114.4,9.3,113.7,9.2,113.4,9.0,112.9,8.8,112.3,8.5,111.6,-0.7071067811865475,-0.7071067811865477
2020353N06129,2020,KROVANH,2020-12-20 21:00:00,TS,9.3,113.7,,,6,240,9.5,113.9,9.7,114.1,9.2,113.4,9.1,113.2,8.9,112.6,8.6,111.9,8.2,111.3,-0.8660254037844384,-0.5000000000000004
2020353N06129,2020,KROVANH,2020-12-21 00:00:00,MX,9.2,113.4,,,6,250,9.3,113.7,9.5,113.9,9.1,113.2,9.0,112.9,8.8,112.3,8.5,111.6,7.9,111.0,-0.9396926207859084,-0.34202014332566855
2020353N06129,2020,KROVANH,2020-12-21 03:00:00,MX,9.1,113.2,,,6,250,9.2,113.4,9.3,113.7,9.0,112.9,8.9,112.6,8.6,111.9,8.2,111.3,7.7,110.7,-0.9396926207859084,-0.34202014332566855
2020353N06129,2020,KROVANH,2020-12-21 06:00:00,TS,9.0,112.9,,,6,245,9.1,113.2,9.2,113.4,8.9,112.6,8.8,112.3,8.5,111.6,7.9,111.0,7.8,110.5,-0.90630778703665,-0.42261826174069916
2020353N06129,2020,KROVANH,2020-12-21 09:00:00,TS,8.9,112.6,,,7,250,9.0,112.9,9.1,113.2,8.8,112.3,8.6,111.9,8.2,111.3,7.7,110.7,7.8,110.3,-0.9396926207859084,-0.34202014332566855
2020353N06129,2020,KROVANH,2020-12-21 12:00:00,TS,8.8,112.3,,,7,250,8.9,112.6,9.0,112.9,8.6,111.9,8.5,111.6,7.9,111.0,7.8,110.5,7.9,110.0,-0.9396926207859084,-0.34202014332566855
2020353N06129,2020,KROVANH,2020-12-21 15:00:00,TS,8.6,111.9,,,8,245,8.8,112.3,8.9,112.6,8.5,111.6,8.2,111.3,7.7,110.7,7.8,110.3,7.9,109.6,-0.90630778703665,-0.42261826174069916
2020353N06129,2020,KROVANH,2020-12-21 18:00:00,TS,8.5,111.6,,,7,235,8.6,111.9,8.8,112.3,8.2,111.3,7.9,111.0,7.8,110.5,7.9,110.0,8.0,109.3,-0.8191520442889916,-0.5735764363510464
2020353N06129,2020,KROVANH,2020-12-21 21:00:00,TS,8.2,111.3,,,8,225,8.5,111.6,8.6,111.9,7.9,111.0,7.7,110.7,7.8,110.3,7.9,109.6,8.1,108.9,-0.7071067811865475,-0.7071067811865477
2020353N06129,2020,KROVANH,2020-12-22 00:00:00,MX,7.9,111.0,,,7,225,8.2,111.3,8.5,111.6,7.7,110.7,7.8,110.5,7.9,110.0,8.0,109.3,8.1,108.5,-0.7071067811865475,-0.7071067811865477
2020353N06129,2020,KROVANH,2020-12-22 03:00:00,MX,7.7,110.7,,,5,260,7.9,111.0,8.2,111.3,7.8,110.5,7.8,110.3,7.9,109.6,8.1,108.9,8.2,108.0,-0.984807753012208,-0.17364817766693033
2020353N06129,2020,KROVANH,2020-12-22 06:00:00,MX,7.8,110.5,,,5,280,7.7,110.7,7.9,111.0,7.8,110.3,7.9,110.0,8.0,109.3,8.1,108.5,8.3,107.4,-0.9848077530122081,0.17364817766692997
2020353N06129,2020,KROVANH,2020-12-22 09:00:00,MX,7.8,110.3,,,5,280,7.8,110.5,7.7,110.7,7.9,110.0,7.9,109.6,8.1,108.9,8.2,108.0,8.2,106.9,-0.9848077530122081,0.17364817766692997
2020353N06129,2020,KROVANH,2020-12-22 12:00:00,TS,7.9,110.0,,,6,285,7.8,110.3,7.8,110.5,7.9,109.6,8.0,109.3,8.1,108.5,8.3,107.4,8.0,106.3,-0.9659258262890684,0.2588190451025203
2020353N06129,2020,KROVANH,2020-12-22 15:00:00,TS,7.9,109.6,,,7,280,7.9,110.0,7.8,110.3,8.0,109.3,8.1,108.9,8.2,108.0,8.2,106.9,8.0,105.8,-0.9848077530122081,0.17364817766692997
2020353N06129,2020,KROVANH,2020-12-22 18:00:00,TS,8.0,109.3,,,7,280,7.9,109.6,7.9,110.0,8.1,108.9,8.1,108.5,8.3,107.4,8.0,106.3,7.9,105.2,-0.9848077530122081,0.17364817766692997
2020353N06129,2020,KROVANH,2020-12-22 21:00:00,TS,8.1,108.9,,,7,280,8.0,109.3,7.9,109.6,8.1,108.5,8.2,108.0,8.2,106.9,8.0,105.8,7.8,104.6,-0.9848077530122081,0.17364817766692997
2020353N06129,2020,KROVANH,2020-12-23 00:00:00,TS,8.1,108.5,,,9,280,8.1,108.9,8.0,109.3,8.2,108.0,8.3,107.4,8.0,106.3,7.9,105.2,7.8,103.9,-0.9848077530122081,0.17364817766692997
2020353N06129,2020,KROVANH,2020-12-23 03:00:00,TS,8.2,108.0,,,11,280,8.1,108.5,8.1,108.9,8.3,107.4,8.2,106.9,8.0,105.8,7.8,104.6,7.8,103.3,-0.9848077530122081,0.17364817766692997
2020353N06129,2020,KROVANH,2020-12-23 06:00:00,TS,8.3,107.4,,,11,265,8.2,108.0,8.1,108.5,8.2,106.9,8.0,106.3,7.9,105.2,7.8,103.9,7.8,102.7,-0.9961946980917455,-0.08715574274765825
2020353N06129,2020,KROVANH,2020-12-23 09:00:00,TS,8.2,106.9,,,12,255,8.3,107.4,8.2,108.0,8.0,106.3,8.0,105.8,7.8,104.6,7.8,103.3,8.0,102.2,-0.9659258262890683,-0.25881904510252063
2020353N06129,2020,KROVANH,2020-12-23 12:00:00,MX,8.0,106.3,,,11,260,8.2,106.9,8.3,107.4,8.0,105.8,7.9,105.2,7.8,103.9,7.8,102.7,8.2,101.6,-0.984807753012208,-0.17364817766693033
2020353N06129,2020,KROVANH,2020-12-23 15:00:00,MX,8.0,105.8,,,11,265,8.0,106.3,8.2,106.9,7.9,105.2,7.8,104.6,7.8,103.3,8.0,102.2,8.3,101.1,-0.9961946980917455,-0.08715574274765825
2020353N06129,2020,KROVANH,2020-12-23 18:00:00,MX,7.9,105.2,,,12,265,8.0,105.8,8.0,106.3,7.8,104.6,7.8,103.9,7.8,102.7,8.2,101.6,8.6,100.7,-0.9961946980917455,-0.08715574274765825
2020353N06129,2020,KROVANH,2020-12-23 21:00:00,MX,7.8,104.6,,,13,265,7.9,105.2,8.0,105.8,7.8,103.9,7.8,103.3,8.0,102.2,8.3,101.1,8.9,100.2,-0.9961946980917455,-0.08715574274765825
2020353N06129,2020,KROVANH,2020-12-24 00:00:00,MX,7.8,103.9,,,12,270,7.8,104.6,7.9,105.2,7.8,103.3,7.8,102.7,8.2,101.6,8.6,100.7,9.4,99.6,-1.0,-1.8369701987210297e-16
2020353N06129,2020,KROVANH,2020-12-24 03:00:00,MX,7.8,103.3,,,12,275,7.8,103.9,7.8,104.6,7.8,102.7,8.0,102.2,8.3,101.1,8.9,100.2,9.7,98.9,-0.9961946980917455,0.08715574274765789
2020353N06129,2020,KROVANH,2020-12-24 06:00:00,TS,7.8,102.7,,,11,280,7.8,103.3,7.8,103.9,8.0,102.2,8.2,101.6,8.6,100.7,9.4,99.6,10.0,98.1,-0.9848077530122081,0.17364817766692997
2020353N06129,2020,KROVANH,2020-12-24 09:00:00,TS,8.0,102.2,,,11,285,7.8,102.7,7.8,103.3,8.2,101.6,8.3,101.1,8.9,100.2,9.7,98.9,10.6,97.3,-0.9659258262890684,0.2588190451025203
2020353N06129,2020,KROVANH,2020-12-24 12:00:00,TS,8.2,101.6,,,11,290,8.0,102.2,7.8,102.7,8.3,101.1,8.6,100.7,9.4,99.6,10.0,98.1,11.3,97.0,-0.9396926207859083,0.342020143325669
2021133N10071,2021,TAUKTAE,2021-05-13 12:00:00,TS,10.2,71.3,,,4,50,10.1,71.1,10.0,70.9,10.3,71.4,10.5,71.5,10.9,71.8,11.2,72.2,11.7,72.6,0.766044443118978,0.6427876096865394
2021133N10071,2021,TAUKTAE,2021-05-13 15:00:00,TS,10.3,71.4,,,4,35,10.2,71.3,10.1,71.1,10.5,71.5,10.7,71.6,11.0,72.0,11.5,72.4,12.0,72.7,0.573576436351046,0.8191520442889918
2021133N10071,2021,TAUKTAE,2021-05-13 18:00:00,TS,10.5,71.5,,,4,35,10.3,71.4,10.2,71.3,10.7,71.6,10.9,71.8,11.2,72.2,11.7,72.6,12.3,72.8,0.573576436351046,0.8191520442889918
2021133N10071,2021,TAUKTAE,2021-05-13 21:00:00,TS,10.7,71.6,,,5,35,10.5,71.5,10.3,71.4,10.9,71.8,11.0,72.0,11.5,72.4,12.0,72.7,12.4,72.8,0.573576436351046,0.8191520442889918
2021133N10071,2021,TAUKTAE,2021-05-14 00:00:00,TS,10.9,71.8,,,5,50,10.7,71.6,10.5,71.5,11.0,72.0,11.2,72.2,11.7,72.6,12.3,72.8,12.8,72.9,0.766044443118978,0.6427876096865394
2021133N10071,2021,TAUKTAE,2021-05-14 03:00:00,TS,11.0,72.0,25.0,997.0,5,55,10.9,71.8,10.7,71.6,11.2,72.2,11.5,72.4,12.0,72.7,12.4,72.8,13.0,72.9,0.8191520442889918,0.5735764363510462
2021133N10071,2021,TAUKTAE,2021-05-14 06:00:00,TS,11.2,72.2,25.0,996.0,7,35,11.0,72.0,10.9,71.8,11.5,72.4,11.7,72.6,12.3,72.8,12.8,72.9,13.3,73.0,0.573576436351046,0.8191520442889918
2021133N10071,2021,TAUKTAE,2021-05-14 09:00:00,TS,11.5,72.4,30.0,995.0,6,30,11.2,72.2,11.0,72.0,11.7,72.6,12.0,72.7,12.4,72.8,13.0,72.9,13.6,73.0,0.49999999999999994,0.8660254037844387
2021133N10071,2021,TAUKTAE,2021-05-14 12:00:00,TS,11.7,72.6,30.0,995.0,5,30,11.5,72.4,11.2,72.2,12.0,72.7,12.3,72.8,12.8,72.9,13.3,73.0,13.9,73.0,0.49999999999999994,0.8660254037844387
2021133N10071,2021,TAUKTAE,2021-05-14 15:00:00,TS,12.0,72.7,33.0,994.0,6,20,11.7,72.6,11.5,72.4,12.3,72.8,12.4,72.8,13.0,72.9,13.6,73.0,14.2,72.9,0.3420201433256687,0.9396926207859084
2021133N10071,2021,TAUKTAE,2021-05-14 18:00:00,TS,12.3,72.8,35.0,993.0,5,20,12.0,72.7,11.7,72.6,12.4,72.8,12.8,72.9,13.3,73.0,13.9,73.0,14.5,72.8,0.3420201433256687,0.9396926207859084
2021133N10071,2021,TAUKTAE,2021-05-14 21:00:00,TS,12.4,72.8,40.0,992.0,6,10,12.3,72.8,12.0,72.7,12.8,72.9,13.0,72.9,13.6,73.0,14.2,72.9,14.7,72.8,0.17364817766693033,0.984807753012208
2021133N10071,2021,TAUKTAE,2021-05-15 00:00:00,TS,12.8,72.9,40.0,992.0,6,10,12.4,72.8,12.3,72.8,13.0,72.9,13.3,73.0,13.9,73.0,14.5,72.8,15.0,72.8,0.17364817766693033,0.984807753012208
2021133N10071,2021,TAUKTAE,2021-05-15 03:00:00,TS,13.0,72.9,40.0,992.0,5,15,12.8,72.9,12.4,72.8,13.3,73.0,13.6,73.0,14.2,72.9,14.7,72.8,15.4,72.8,0.25881904510252074,0.9659258262890683
2021133N10071,2021,TAUKTAE,2021-05-15 06:00:00,TS,13.3,73.0,45.0,990.0,6,10,13.0,72.9,12.8,72.9,13.6,73.0,13.9,73.0,14.5,72.8,15.0,72.8,15.8,72.8,0.17364817766693033,0.984807753012208
2021133N10071,2021,TAUKTAE,2021-05-15 09:00:00,TS,13.6,73.0,45.0,990.0,6,355,13.3,73.0,13.0,72.9,13.9,73.0,14.2,72.9,14.7,72.8,15.4,72.8,16.3,72.7,-0.08715574274765832,0.9961946980917455
2021133N10071,2021,TAUKTAE,2021-05-15 12:00:00,TS,13.9,73.0,55.0,985.0,6,350,13.6,73.0,13.3,73.0,14.2,72.9,14.5,72.8,15.0,72.8,15.8,72.8,16.8,72.5,-0.1736481776669304,0.984807753012208
2021133N10071,2021,TAUKTAE,2021-05-15 15:00:00,TS,14.2,72.9,55.0,984.0,6,345,13.9,73.0,13.6,73.0,14.5,72.8,14.7,72.8,15.4,72.8,16.3,72.7,17.3,72.3,-0.2588190451025207,0.9659258262890683
2021133N10071,2021,TAUKTAE,2021-05-15 18:00:00,TS,14.5,72.8,60.0,982.0,5,350,14.2,72.9,13.9,73.0,14.7,72.8,15.0,72.8,15.8,72.8,16.8,72.5,17.7,72.0,-0.1736481776669304,0.984807753012208
2021133N10071,2021,TAUKTAE,2021-05-15 21:00:00,TS,14.7,72.8,60.0,982.0,6,355,14.5,72.8,14.2,72.9,15.0,72.8,15.4,72.8,16.3,72.7,17.3,72.3,18.0,71.8,-0.08715574274765832,0.9961946980917455
2021133N10071,2021,TAUKTAE,2021-05-16 00:00:00,TS,15.0,72.8,65.0,979.0,7,0,14.7,72.8,14.5,72.8,15.4,72.8,15.8,72.8,16.8,72.5,17.7,72.0,18.4,71.7,0.0,1.0
2021133N10071,2021,TAUKTAE,2021-05-16 03:00:00,TS,15.4,72.8,70.0,976.0,8,5,15.0,72.8,14.7,72.8,15.8,72.8,16.3,72.7,17.3,72.3,18.0,71.8,18.8,71.6,0.08715574274765817,0.9961946980917455
2021133N10071,2021,TAUKTAE,2021-05-16 06:00:00,TS,15.8,72.8,70.0,976.0,9,355,15.4,72.8,15.0,72.8,16.3,72.7,16.8,72.5,17.7,72.0,18.4,71.7,19.3,71.5,-0.08715574274765832,0.9961946980917455
2021133N10071,2021,TAUKTAE,2021-05-16 09:00:00,TS,16.3,72.7,70.0,976.0,10,345,15.8,72.8,15.4,72.8,16.8,72.5,17.3,72.3,18.0,71.8,18.8,71.6,19.6,71.4,-0.2588190451025207,0.9659258262890683
2021133N10071,2021,TAUKTAE,2021-05-16 12:00:00,TS,16.8,72.5,75.0,972.0,11,340,16.3,72.7,15.8,72.8,17.3,72.3,17.7,72.0,18.4,71.7,19.3,71.5,20.1,71.4,-0.3420201433256686,0.9396926207859084
2021133N10071,2021,TAUKTAE,2021-05-16 15:00:00,TS,17.3,72.3,80.0,968.0,10,330,16.8,72.5,16.3,72.7,17.7,72.0,18.0,71.8,18.8,71.6,19.6,71.4,20.5,71.3,-0.5000000000000004,0.8660254037844384
2021133N10071,2021,TAUKTAE,2021-05-16 18:00:00,TS,17.7,72.0,85.0,964.0,9,330,17.3,72.3,16.8,72.5,18.0,71.8,18.4,71.7,19.3,71.5,20.1,71.4,20.9,71.2,-0.5000000000000004,0.8660254037844384
2021133N10071,2021,TAUKTAE,2021-05-16 21:00:00,TS,18.0,71.8,90.0,960.0,8,335,17.7,72.0,17.3,72.3,18.4,71.7,18.8,71.6,19.6,71.4,20.5,71.3,21.2,71.2,-0.4226182617406992,0.90630778703665
2021133N10071,2021,TAUKTAE,2021-05-17 00:00:00,TS,18.4,71.7,100.0,950.0,8,345,18.0,71.8,17.7,72.0,18.8,71.6,19.3,71.5,20.1,71.4,20.9,71.2,21.5,71.2,-0.2588190451025207,0.9659258262890683
2021133N10071,2021,TAUKTAE,2021-05-17 03:00:00,TS,18.8,71.6,100.0,950.0,9,350,18.4,71.7,18.0,71.8,19.3,71.5,19.6,71.4,20.5,71.3,21.2,71.2,21.7,71.3,-0.1736481776669304,0.984807753012208
2021133N10071,2021,TAUKTAE,2021-05-17 06:00:00,TS,19.3,71.5,100.0,950.0,8,350,18.8,71.6,18.4,71.7,19.6,71.4,20.1,71.4,20.9,71.2,21.5,71.2,22.1,71.6,-0.1736481776669304,0.984807753012208
2021133N10071,2021,TAUKTAE,2021-05-17 09:00:00,TS,19.6,71.4,100.0,950.0,8,350,19.3,71.5,18.8,71.6,20.1,71.4,20.5,71.3,21.2,71.2,21.7,71.3,22.6,71.7,-0.1736481776669304,0.984807753012208
2021133N10071,2021,TAUKTAE,2021-05-17 12:00:00,TS,20.1,71.4,95.0,955.0,9,350,19.6,71.4,19.3,71.5,20.5,71.3,20.9,71.2,21.5,71.2,22.1,71.6,23.2,72.1,-0.1736481776669304,0.984807753012208
2021133N10071,2021,TAUKTAE,2021-05-17 15:00:00,TS,20.5,71.3,90.0,960.0,9,350,20.1,71.4,19.6,71.4,20.9,71.2,21.2,71.2,21.7,71.3,22.6,71.7,23.7,72.5,-0.1736481776669304,0.984807753012208
2021133N10071,2021,TAUKTAE,2021-05-17 18:00:00,TS,20.9,71.2,85.0,964.0,7,355,20.5,71.3,20.1,71.4,21.2,71.2,21.5,71.2,22.1,71.6,23.2,72.1,24.1,73.1,-0.08715574274765832,0.9961946980917455
2021133N10071,2021,TAUKTAE,2021-05-17 21:00:00,TS,21.2,71.2,75.0,972.0,6,0,20.9,71.2,20.5,71.3,21.5,71.2,21.7,71.3,22.6,71.7,23.7,72.5,24.4,73.4,0.0,1.0
2021133N10071,2021,TAUKTAE,2021-05-18 00:00:00,TS,21.5,71.2,65.0,978.0,4,15,21.2,71.2,20.9,71.2,21.7,71.3,22.1,71.6,23.2,72.1,24.1,73.1,24.6,73.6,0.25881904510252074,0.9659258262890683
2021133N10071,2021,TAUKTAE,2021-05-18 03:00:00,TS,21.7,71.3,55.0,984.0,7,30,21.5,71.2,21.2,71.2,22.1,71.6,22.6,71.7,23.7,72.5,24.4,73.4,24.9,73.7,0.49999999999999994,0.8660254037844387
2021133N10071,2021,TAUKTAE,2021-05-18 06:00:00,TS,22.1,71.6,45.0,990.0,10,20,21.7,71.3,21.5,71.2,22.6,71.7,23.2,72.1,24.1,73.1,24.6,73.6,25.8,74.8,0.3420201433256687,0.9396926207859084
2021143N15090,2021,YAAS,2021-05-23 06:00:00,TS,15.6,89.8,25.0,996.0,2,325,15.4,89.9,15.5,90.0,15.6,89.7,15.7,89.6,15.8,89.5,16.1,89.8,16.6,89.6,-0.5735764363510465,0.8191520442889916
2021143N15090,2021,YAAS,2021-05-23 09:00:00,TS,15.6,89.7,25.0,995.0,3,310,15.6,89.8,15.4,89.9,15.7,89.6,15.8,89.5,16.0,89.6,16.5,89.7,16.9,89.6,-0.7660444431189781,0.6427876096865393
2021143N15090,2021,YAAS,2021-05-23 12:00:00,TS,15.7,89.6,25.0,994.0,3,310,15.6,89.7,15.6,89.8,15.8,89.5,15.8,89.5,16.1,89.8,16.6,89.6,17.2,89.4,-0.7660444431189781,0.6427876096865393
2021143N15090,2021,YAAS,2021-05-23 15:00:00,TS,15.8,89.5,28.0,993.0,2,305,15.7,89.6,15.6,89.7,15.8,89.5,16.0,89.6,16.5,89.7,16.9,89.6,17.4,89.2,-0.8191520442889918,0.573576436351046
2021143N15090,2021,YAAS,2021-05-23 18:00:00,MX,15.8,89.5,30.0,992.0,2,30,15.8,89.5,15.7,89.6,16.0,89.6,16.1,89.8,16.6,89.6,17.2,89.4,17.6,89.0,0.49999999999999994,0.8660254037844387
2021143N15090,2021,YAAS,2021-05-23 21:00:00,MX,16.0,89.6,33.0,991.0,4,45,15.8,89.5,15.8,89.5,16.1,89.8,16.5,89.7,16.9,89.6,17.4,89.2,17.8,88.9,0.7071067811865475,0.7071067811865476
2021143N15090,2021,YAAS,2021-05-24 00:00:00,TS,16.1,89.8,35.0,990.0,5,10,16.0,89.6,15.8,89.5,16.5,89.7,16.6,89.6,17.2,89.4,17.6,89.0,18.1,88.6,0.17364817766693033,0.984807753012208
2021143N15090,2021,YAAS,2021-05-24 03:00:00,TS,16.5,89.7,40.0,988.0,5,350,16.1,89.8,16.0,89.6,16.6,89.6,16.9,89.6,17.4,89.2,17.8,88.9,18.4,88.4,-0.1736481776669304,0.984807753012208
2021143N15090,2021,YAAS,2021-05-24 06:00:00,TS,16.6,89.6,40.0,988.0,5,345,16.5,89.7,16.1,89.8,16.9,89.6,17.2,89.4,17.6,89.0,18.1,88.6,18.8,88.2,-0.2588190451025207,0.9659258262890683
2021143N15090,2021,YAAS,2021-05-24 09:00:00,TS,16.9,89.6,40.0,988.0,6,335,16.6,89.6,16.5,89.7,17.2,89.4,17.4,89.2,17.8,88.9,18.4,88.4,19.1,88.2,-0.4226182617406992,0.90630778703665
2021143N15090,2021,YAAS,2021-05-24 12:00:00,TS,17.2,89.4,45.0,986.0,6,325,16.9,89.6,16.6,89.6,17.4,89.2,17.6,89.0,18.1,88.6,18.8,88.2,19.5,88.2,-0.5735764363510465,0.8191520442889916
2021143N15090,2021,YAAS,2021-05-24 15:00:00,TS,17.4,89.2,45.0,986.0,6,320,17.2,89.4,16.9,89.6,17.6,89.0,17.8,88.9,18.4,88.4,19.1,88.2,19.9,88.0,-0.6427876096865396,0.7660444431189778
2021143N15090,2021,YAAS,2021-05-24 18:00:00,TS,17.6,89.0,50.0,984.0,6,320,17.4,89.2,17.2,89.4,17.8,88.9,18.1,88.6,18.8,88.2,19.5,88.2,20.3,87.8,-0.6427876096865396,0.7660444431189778
2021143N15090,2021,YAAS,2021-05-24 21:00:00,TS,17.8,88.9,55.0,982.0,6,325,17.6,89.0,17.4,89.2,18.1,88.6,18.4,88.4,19.1,88.2,19.9,88.0,20.4,87.7,-0.5735764363510465,0.8191520442889916
2021143N15090,2021,YAAS,2021-05-25 00:00:00,TS,18.1,88.6,55.0,980.0,7,325,17.8,88.9,17.6,89.0,18.4,88.4,18.8,88.2,19.5,88.2,20.3,87.8,20.6,87.6,-0.5735764363510465,0.8191520442889916
2021143N15090,2021,YAAS,2021-05-25 03:00:00,TS,18.4,88.4,55.0,980.0,8,330,18.1,88.6,17.8,88.9,18.8,88.2,19.1,88.2,19.9,88.0,20.4,87.7,21.1,87.2,-0.5000000000000004,0.8660254037844384
2021143N15090,2021,YAAS,2021-05-25 06:00:00,TS,18.8,88.2,60.0,978.0,7,345,18.4,88.4,18.1,88.6,19.1,88.2,19.5,88.2,20.3,87.8,20.6,87.6,21.5,86.9,-0.2588190451025207,0.9659258262890683
2021143N15090,2021,YAAS,2021-05-25 09:00:00,TS,19.1,88.2,60.0,978.0,7,355,18.8,88.2,18.4,88.4,19.5,88.2,19.9,88.0,20.4,87.7,21.1,87.2,21.7,86.6,-0.08715574274765832,0.9961946980917455
2021143N15090,2021,YAAS,2021-05-25 12:00:00,TS,19.5,88.2,65.0,976.0,8,340,19.1,88.2,18.8,88.2,19.9,88.0,20.3,87.8,20.6,87.6,21.5,86.9,21.9,86.5,-0.3420201433256686,0.9396926207859084
2021143N15090,2021,YAAS,2021-05-25 15:00:00,TS,19.9,88.0,65.0,976.0,8,335,19.5,88.2,19.1,88.2,20.3,87.8,20.4,87.7,21.1,87.2,21.7,86.6,22.2,86.1,-0.4226182617406992,0.90630778703665
2021143N15090,2021,YAAS,2021-05-25 18:00:00,TS,20.3,87.8,70.0,974.0,5,335,19.9,88.0,19.5,88.2,20.4,87.7,20.6,87.6,21.5,86.9,21.9,86.5,22.5,85.8,-0.4226182617406992,0.90630778703665
2021143N15090,2021,YAAS,2021-05-25 21:00:00,TS,20.4,87.7,75.0,970.0,4,325,20.3,87.8,19.9,88.0,20.6,87.6,21.1,87.2,21.7,86.6,22.2,86.1,22.8,85.7,-0.5735764363510465,0.8191520442889916
2021143N15090,2021,YAAS,2021-05-26 00:00:00,TS,20.6,87.6,75.0,970.0,8,330,20.4,87.7,20.3,87.8,21.1,87.2,21.5,86.9,21.9,86.5,22.5,85.8,23.1,85.7,-0.5000000000000004,0.8660254037844384
2021143N15090,2021,YAAS,2021-05-26 03:00:00,TS,21.1,87.2,75.0,970.0,11,325,20.6,87.6,20.4,87.7,21.5,86.9,21.7,86.6,22.2,86.1,22.8,85.7,23.3,85.7,-0.5735764363510465,0.8191520442889916
2021143N15090,2021,YAAS,2021-05-26 06:00:00,TS,21.5,86.9,75.0,970.0,9,320,21.1,87.2,20.6,87.6,21.7,86.6,21.9,86.5,22.5,85.8,23.1,85.7,23.6,85.6,-0.6427876096865396,0.7660444431189778
2021143N15090,2021,YAAS,2021-05-26 09:00:00,TS,21.7,86.6,55.0,978.0,6,315,21.5,86.9,21.1,87.2,21.9,86.5,22.2,86.1,22.8,85.7,23.3,85.7,23.9,85.5,-0.7071067811865477,0.7071067811865474
2021143N15090,2021,YAAS,2021-05-26 12:00:00,TS,21.9,86.5,45.0,984.0,7,310,21.7,86.6,21.5,86.9,22.2,86.1,22.5,85.8,23.1,85.7,23.6,85.6,24.3,85.3,-0.7660444431189781,0.6427876096865393
2021143N15090,2021,YAAS,2021-05-26 15:00:00,TS,22.2,86.1,40.0,986.0,9,315,21.9,86.5,21.7,86.6,22.5,85.8,22.8,85.7,23.3,85.7,23.9,85.5,24.5,85.1,-0.7071067811865477,0.7071067811865474
2021143N15090,2021,YAAS,2021-05-26 18:00:00,TS,22.5,85.8,30.0,988.0,7,335,22.2,86.1,21.9,86.5,22.8,85.7,23.1,85.7,23.6,85.6,24.3,85.3,24.7,84.8,-0.4226182617406992,0.90630778703665
2021256N20087,2021,UNNAMED,2021-09-12 18:00:00,TS,20.4,87.1,25.0,992.0,1,325,20.4,87.2,20.3,87.4,20.5,87.1,20.6,87.0,21.1,86.2,21.4,85.5,21.6,84.8,-0.5735764363510465,0.8191520442889916
2021256N20087,2021,UNNAMED,2021-09-12 21:00:00,TS,20.5,87.1,28.0,991.0,2,335,20.4,87.1,20.4,87.2,20.6,87.0,20.9,86.5,21.3,85.9,21.5,85.2,21.8,84.2,-0.4226182617406992,0.90630778703665
2021256N20087,2021,UNNAMED,2021-09-13 00:00:00,TS,20.6,87.0,30.0,990.0,7,305,20.5,87.1,20.4,87.1,20.9,86.5,21.1,86.2,21.4,85.5,21.6,84.8,22.0,83.6,-0.8191520442889918,0.573576436351046
2021256N20087,2021,UNNAMED,2021-09-13 03:00:00,TS,20.9,86.5,30.0,990.0,9,305,20.6,87.0,20.5,87.1,21.1,86.2,21.3,85.9,21.5,85.2,21.8,84.2,22.1,83.4,-0.8191520442889918,0.573576436351046
2021256N20087,2021,UNNAMED,2021-09-13 06:00:00,TS,21.1,86.2,30.0,990.0,7,300,20.9,86.5,20.6,87.0,21.3,85.9,21.4,85.5,21.6,84.8,22.0,83.6,22.4,83.0,-0.8660254037844386,0.5000000000000001
2021256N20087,2021,UNNAMED,2021-09-13 09:00:00,TS,21.3,85.9,30.0,990.0,7,295,21.1,86.2,20.9,86.5,21.4,85.5,21.5,85.2,21.8,84.2,22.1,83.4,22.6,82.7,-0.9063077870366499,0.4226182617406996
2021256N20087,2021,UNNAMED,2021-09-13 12:00:00,TS,21.4,85.5,30.0,990.0,7,290,21.3,85.9,21.1,86.2,21.5,85.2,21.6,84.8,22.0,83.6,22.4,83.0,22.7,82.5,-0.9396926207859083,0.342020143325669
2021256N20087,2021,UNNAMED,2021-09-13 15:00:00,TS,21.5,85.2,30.0,990.0,7,285,21.4,85.5,21.3,85.9,21.6,84.8,21.8,84.2,22.1,83.4,22.6,82.7,22.8,82.3,-0.9659258262890684,0.2588190451025203
2021256N20087,2021,UNNAMED,2021-09-13 18:00:00,TS,21.6,84.8,30.0,990.0,10,290,21.5,85.2,21.4,85.5,21.8,84.2,22.0,83.6,22.4,83.0,22.7,82.5,23.0,82.0,-0.9396926207859083,0.342020143325669
2021264N13119,2021,DIANMU,2021-09-21 06:00:00,DS,12.0,118.4,,,9,225,12.4,118.7,12.9,119.0,11.8,118.0,11.7,117.6,11.7,116.4,11.9,115.3,12.5,114.1,-0.7071067811865475,-0.7071067811865477
2021264N13119,2021,DIANMU,2021-09-21 09:00:00,DS,11.8,118.0,,,8,250,12.0,118.4,12.4,118.7,11.7,117.6,11.7,117.0,11.8,115.9,12.2,114.7,12.6,113.7,-0.9396926207859084,-0.34202014332566855
2021264N13119,2021,DIANMU,2021-09-21 12:00:00,DS,11.7,117.6,,,10,265,11.8,118.0,12.0,118.4,11.7,117.0,11.7,116.4,11.9,115.3,12.5,114.1,12.7,113.5,-0.9961946980917455,-0.08715574274765825
2021264N13119,2021,DIANMU,2021-09-21 15:00:00,DS,11.7,117.0,,,12,270,11.7,117.6,11.8,118.0,11.7,116.4,11.8,115.9,12.2,114.7,12.6,113.7,12.9,113.1,-1.0,-1.8369701987210297e-16
2021264N13119,2021,DIANMU,2021-09-21 18:00:00,DS,11.7,116.4,,,11,275,11.7,117.0,11.7,117.6,11.8,115.9,11.9,115.3,12.5,114.1,12.7,113.5,13.2,112.7,-0.9961946980917455,0.08715574274765789
2021264N13119,2021,DIANMU,2021-09-21 21:00:00,DS,11.8,115.9,,,11,280,11.7,116.4,11.7,117.0,11.9,115.3,12.2,114.7,12.6,113.7,12.9,113.1,13.5,112.1,-0.9848077530122081,0.17364817766692997
2021264N13119,2021,DIANMU,2021-09-22 00:00:00,MX,11.9,115.3,,,12,290,11.8,115.9,11.7,116.4,12.2,114.7,12.5,114.1,12.7,113.5,13.2,112.7,13.9,111.6,-0.9396926207859083,0.342020143325669
2021264N13119,2021,DIANMU,2021-09-22 03:00:00,MX,12.2,114.7,,,13,295,11.9,115.3,11.8,115.9,12.5,114.1,12.6,113.7,12.9,113.1,13.5,112.1,14.3,111.0,-0.9063077870366499,0.4226182617406996
2021264N13119,2021,DIANMU,2021-09-22 06:00:00,MX,12.5,114.1,,,10,295,12.2,114.7,11.9,115.3,12.6,113.7,12.7,113.5,13.2,112.7,13.9,111.6,14.7,110.5,-0.9063077870366499,0.4226182617406996
2021264N13119,2021,DIANMU,2021-09-22 09:00:00,MX,12.6,113.7,,,7,290,12.5,114.1,12.2,114.7,12.7,113.5,12.9,113.1,13.5,112.1,14.3,111.0,15.1,109.9,-0.9396926207859083,0.342020143325669
2021264N13119,2021,DIANMU,2021-09-22 12:00:00,MX,12.7,113.5,,,7,295,12.6,113.7,12.5,114.1,12.9,113.1,13.2,112.7,13.9,111.6,14.7,110.5,15.3,109.3,-0.9063077870366499,0.4226182617406996
2021264N13119,2021,DIANMU,2021-09-22 15:00:00,MX,12.9,113.1,,,9,300,12.7,113.5,12.6,113.7,13.2,112.7,13.5,112.1,14.3,111.0,15.1,109.9,15.4,108.7,-0.8660254037844386,0.5000000000000001
2021264N13119,2021,DIANMU,2021-09-22 18:00:00,TS,13.2,112.7,,,11,300,12.9,113.1,12.7,113.5,13.5,112.1,13.9,111.6,14.7,110.5,15.3,109.3,15.6,108.1,-0.8660254037844386,0.5000000000000001
2021264N13119,2021,DIANMU,2021-09-22 21:00:00,TS,13.5,112.1,,,13,305,13.2,112.7,12.9,113.1,13.9,111.6,14.3,111.0,15.1,109.9,15.4,108.7,15.7,107.2,-0.8191520442889918,0.573576436351046
2021264N13119,2021,DIANMU,2021-09-23 00:00:00,TS,13.9,111.6,,,14,305,13.5,112.1,13.2,112.7,14.3,111.0,14.7,110.5,15.3,109.3,15.6,108.1,15.8,106.5,-0.8191520442889918,0.573576436351046
2021264N13119,2021,DIANMU,2021-09-23 03:00:00,TS,14.3,111.0,,,14,305,13.9,111.6,13.5,112.1,14.7,110.5,15.1,109.9,15.4,108.7,15.7,107.2,16.0,105.9,-0.8191520442889918,0.573576436351046
2021264N13119,2021,DIANMU,2021-09-23 06:00:00,TS,14.7,110.5,,,13,305,14.3,111.0,13.9,111.6,15.1,109.9,15.3,109.3,15.6,108.1,15.8,106.5,16.1,105.4,-0.8191520442889918,0.573576436351046
2021264N13119,2021,DIANMU,2021-09-23 09:00:00,TS,15.1,109.9,,,13,295,14.7,110.5,14.3,111.0,15.3,109.3,15.4,108.7,15.7,107.2,16.0,105.9,16.2,105.0,-0.9063077870366499,0.4226182617406996
2021264N13119,2021,DIANMU,2021-09-23 12:00:00,TS,15.3,109.3,,,12,290,15.1,109.9,14.7,110.5,15.4,108.7,15.6,108.1,15.8,106.5,16.1,105.4,16.3,104.7,-0.9396926207859083,0.342020143325669
2021264N13119,2021,DIANMU,2021-09-23 15:00:00,TS,15.4,108.7,,,12,285,15.3,109.3,15.1,109.9,15.6,108.1,15.7,107.2,16.0,105.9,16.2,105.0,16.1,104.1,-0.9659258262890684,0.2588190451025203
2021264N13119,2021,DIANMU,2021-09-23 18:00:00,TS,15.6,108.1,,,14,280,15.4,108.7,15.3,109.3,15.7,107.2,15.8,106.5,16.1,105.4,16.3,104.7,16.0,103.5,-0.9848077530122081,0.17364817766692997
2021264N13119,2021,DIANMU,2021-09-23 21:00:00,TS,15.7,107.2,,,16,280,15.6,108.1,15.4,108.7,15.8,106.5,16.0,105.9,16.2,105.0,16.1,104.1,16.0,103.0,-0.9848077530122081,0.17364817766692997
2021264N13119,2021,DIANMU,2021-09-24 00:00:00,TS,15.8,106.5,,,14,280,15.7,107.2,15.6,108.1,16.0,105.9,16.1,105.4,16.3,104.7,16.0,103.5,16.0,102.6,-0.9848077530122081,0.17364817766692997
2021264N13119,2021,DIANMU,2021-09-24 03:00:00,TS,16.0,105.9,,,11,285,15.8,106.5,15.7,107.2,16.1,105.4,16.2,105.0,16.1,104.1,16.0,103.0,16.0,102.1,-0.9659258262890684,0.2588190451025203
2021264N13119,2021,DIANMU,2021-09-24 06:00:00,MX,16.1,105.4,,,8,290,16.0,105.9,15.8,106.5,16.2,105.0,16.3,104.7,16.0,103.5,16.0,102.6,16.0,101.6,-0.9396926207859083,0.342020143325669
2021264N13119,2021,DIANMU,2021-09-24 09:00:00,MX,16.2,105.0,,,7,285,16.1,105.4,16.0,105.9,16.3,104.7,16.1,104.1,16.0,103.0,16.0,102.1,16.0,101.2,-0.9659258262890684,0.2588190451025203
2021264N13119,2021,DIANMU,2021-09-24 12:00:00,MX,16.3,104.7,,,9,260,16.2,105.0,16.1,105.4,16.1,104.1,16.0,103.5,16.0,102.6,16.0,101.6,16.1,101.0,-0.984807753012208,-0.17364817766693033
2021264N13119,2021,DIANMU,2021-09-24 15:00:00,TS,16.1,104.1,,,12,255,16.3,104.7,16.2,105.0,16.0,103.5,16.0,103.0,16.0,102.1,16.0,101.2,16.1,100.7,-0.9659258262890683,-0.25881904510252063
2021264N13119,2021,DIANMU,2021-09-24 18:00:00,TS,16.0,103.5,,,10,260,16.1,104.1,16.3,104.7,16.0,103.0,16.0,102.6,16.0,101.6,16.1,101.0,16.1,100.4,-0.984807753012208,-0.17364817766693033
2021264N13119,2021,DIANMU,2021-09-24 21:00:00,TS,16.0,103.0,,,9,265,16.0,103.5,16.1,104.1,16.0,102.6,16.0,102.1,16.0,101.2,16.1,100.7,16.1,99.9,-0.9961946980917455,-0.08715574274765825
2021264N13119,2021,DIANMU,2021-09-25 00:00:00,TS,16.0,102.6,,,9,270,16.0,103.0,16.0,103.5,16.0,102.1,16.0,101.6,16.1,101.0,16.1,100.4,16.1,99.5,-1.0,-1.8369701987210297e-16
2021267N18094,2021,GULAB:SHAHEEN-GU,2021-09-24 00:00:00,TS,18.1,93.3,,,8,270,18.2,93.7,18.4,94.1,18.2,92.9,18.3,92.4,18.3,91.4,18.3,90.5,18.3,89.8,-1.0,-1.8369701987210297e-16
2021267N18094,2021,GULAB:SHAHEEN-GU,2021-09-24 03:00:00,TS,18.2,92.9,,,9,285,18.1,93.3,18.2,93.7,18.3,92.4,18.3,91.9,18.3,90.9,18.3,90.1,18.3,89.4,-0.9659258262890684,0.2588190451025203
2021267N18094,2021,GULAB:SHAHEEN-GU,2021-09-24 06:00:00,TS,18.3,92.4,,,9,280,18.2,92.9,18.1,93.3,18.3,91.9,18.3,91.4,18.3,90.5,18.3,89.8,18.3,88.9,-0.9848077530122081,0.17364817766692997
2021267N18094,2021,GULAB:SHAHEEN-GU,2021-09-24 09:00:00,TS,18.3,91.9,,,10,270,18.3,92.4,18.2,92.9,18.3,91.4,18.3,90.9,18.3,90.1,18.3,89.4,18.3,88.6,-1.0,-1.8369701987210297e-16
2021267N18094,2021,GULAB:SHAHEEN-GU,2021-09-24 12:00:00,TS,18.3,91.4,25.0,1000.0,10,270,18.3,91.9,18.3,92.4,18.3,90.9,18.3,90.5,18.3,89.8,18.3,88.9,18.3,88.5,-1.0,-1.8369701987210297e-16
2021267N18094,2021,GULAB:SHAHEEN-GU,2021-09-24 15:00:00,TS,18.3,90.9,25.0,1000.0,9,275,18.3,91.4,18.3,91.9,18.3,90.5,18.3,90.1,18.3,89.4,18.3,88.6,18.2,88.4,-0.9961946980917455,0.08715574274765789
2021267N18094,2021,GULAB:SHAHEEN-GU,2021-09-24 18:00:00,TS,18.3,90.5,25.0,1000.0,7,270,18.3,90.9,18.3,91.4,18.3,90.1,18.3,89.8,18.3,88.9,18.3,88.5,18.3,88.2,-1.0,-1.8369701987210297e-16
2021267N18094,2021,GULAB:SHAHEEN-GU,2021-09-24 21:00:00,TS,18.3,90.1,28.0,1000.0,7,265,18.3,90.5,18.3,90.9,18.3,89.8,18.3,89.4,18.3,88.6,18.2,88.4,18.3,87.7,-0.9961946980917455,-0.08715574274765825
2021267N18094,2021,GULAB:SHAHEEN-GU,2021-09-25 00:00:00,TS,18.3,89.8,30.0,999.0,7,265,18.3,90.1,18.3,90.5,18.3,89.4,18.3,88.9,18.3,88.5,18.3,88.2,18.3,87.3,-0.9961946980917455,-0.08715574274765825
2021267N18094,2021,GULAB:SHAHEEN-GU,2021-09-25 03:00:00,TS,18.3,89.4,30.0,998.0,8,270,18.3,89.8,18.3,90.1,18.3,88.9,18.3,88.6,18.2,88.4,18.3,87.7,18.4,86.5,-1.0,-1.8369701987210297e-16
2021267N18094,2021,GULAB:SHAHEEN-GU,2021-09-25 06:00:00,TS,18.3,88.9,30.0,998.0,7,270,18.3,89.4,18.3,89.8,18.3,88.6,18.3,88.5,18.3,88.2,18.3,87.3,18.5,86.0,-1.0,-1.8369701987210297e-16
2021267N18094,2021,GULAB:SHAHEEN-GU,2021-09-25 09:00:00,TS,18.3,88.6,33.0,998.0,4,265,18.3,88.9,18.3,89.4,18.3,88.5,18.2,88.4,18.3,87.7,18.4,86.5,18.4,85.3,-0.9961946980917455,-0.08715574274765825
2021267N18094,2021,GULAB:SHAHEEN-GU,2021-09-25 12:00:00,TS,18.3,88.5,35.0,997.0,3,265,18.3,88.6,18.3,88.9,18.2,88.4,18.3,88.2,18.3,87.3,18.5,86.0,18.4,84.6,-0.9961946980917455,-0.08715574274765825
2021267N18094,2021,GULAB:SHAHEEN-GU,2021-09-25 15:00:00,TS,18.2,88.4,35.0,997.0,3,270,18.3,88.5,18.3,88.6,18.3,88.2,18.3,87.7,18.4,86.5,18.4,85.3,18.3,83.9,-1.0,-1.8369701987210297e-16
2021267N18094,2021,GULAB:SHAHEEN-GU,2021-09-25 18:00:00,TS,18.3,88.2,35.0,996.0,6,270,18.2,88.4,18.3,88.5,18.3,87.7,18.3,87.3,18.5,86.0,18.4,84.6,18.3,83.4,-1.0,-1.8369701987210297e-16
2021267N18094,2021,GULAB:SHAHEEN-GU,2021-09-25 21:00:00,TS,18.3,87.7,35.0,996.0,9,275,18.3,88.2,18.2,88.4,18.3,87.3,18.4,86.5,18.4,85.3,18.3,83.9,18.2,82.9,-0.9961946980917455,0.08715574274765789
2021267N18094,2021,GULAB:SHAHEEN-GU,2021-09-26 00:00:00,TS,18.3,87.3,40.0,994.0,11,275,18.3,87.7,18.3,88.2,18.4,86.5,18.5,86.0,18.4,84.6,18.3,83.4,18.2,82.6,-0.9961946980917455,0.08715574274765789
2021267N18094,2021,GULAB:SHAHEEN-GU,2021-09-26 03:00:00,TS,18.4,86.5,40.0,994.0,12,275,18.3,87.3,18.3,87.7,18.5,86.0,18.4,85.3,18.3,83.9,18.2,82.9,18.2,82.2,-0.9961946980917455,0.08715574274765789
2021267N18094,2021,GULAB:SHAHEEN-GU,2021-09-26 06:00:00,TS,18.5,86.0,45.0,992.0,12,270,18.4,86.5,18.3,87.3,18.4,85.3,18.4,84.6,18.3,83.4,18.2,82.6,18.5,81.7,-1.0,-1.8369701987210297e-16
2021267N18094,2021,GULAB:SHAHEEN-GU,2021-09-26 09:00:00,TS,18.4,85.3,45.0,992.0,14,270,18.5,86.0,18.4,86.5,18.4,84.6,18.3,83.9,18.2,82.9,18.2,82.2,18.6,80.8,-1.0,-1.8369701987210297e-16
2021267N18094,2021,GULAB:SHAHEEN-GU,2021-09-26 12:00:00,TS,18.4,84.6,45.0,992.0,14,265,18.4,85.3,18.5,86.0,18.3,83.9,18.3,83.4,18.2,82.6,18.5,81.7,18.8,80.0,-0.9961946980917455,-0.08715574274765825
2021267N18094,2021,GULAB:SHAHEEN-GU,2021-09-26 15:00:00,TS,18.3,83.9,45.0,992.0,11,265,18.4,84.6,18.4,85.3,18.3,83.4,18.2,82.9,18.2,82.2,18.6,80.8,18.9,79.5,-0.9961946980917455,-0.08715574274765825
2021267N18094,2021,GULAB:SHAHEEN-GU,2021-09-26 18:00:00,TS,18.3,83.4,35.0,994.0,9,265,18.3,83.9,18.4,84.6,18.2,82.9,18.2,82.6,18.5,81.7,18.8,80.0,19.1,79.2,-0.9961946980917455,-0.08715574274765825
2021267N18094,2021,GULAB:SHAHEEN-GU,2021-09-26 21:00:00,TS,18.2,82.9,30.0,996.0,8,255,18.3,83.4,18.3,83.9,18.2,82.6,18.2,82.2,18.6,80.8,18.9,79.5,19.2,78.8,-0.9659258262890683,-0.25881904510252063
2021267N18094,2021,GULAB:SHAHEEN-GU,2021-09-27 00:00:00,TS,18.2,82.6,30.0,996.0,7,270,18.2,82.9,18.3,83.4,18.2,82.2,18.5,81.7,18.8,80.0,19.1,79.2,19.5,78.3,-1.0,-1.8369701987210297e-16
2021267N18094,2021,GULAB:SHAHEEN-GU,2021-09-27 03:00:00,TS,18.2,82.2,30.0,996.0,10,290,18.2,82.6,18.2,82.9,18.5,81.7,18.6,80.8,18.9,79.5,19.2,78.8,19.8,77.8,-0.9396926207859083,0.342020143325669
2021267N18094,2021,GULAB:SHAHEEN-GU,2021-09-27 06:00:00,TS,18.5,81.7,30.0,996.0,14,285,18.2,82.2,18.2,82.6,18.6,80.8,18.8,80.0,19.1,79.2,19.5,78.3,20.1,77.5,-0.9659258262890684,0.2588190451025203
2021267N18094,2021,GULAB:SHAHEEN-GU,2021-09-27 09:00:00,TS,18.6,80.8,28.0,997.0,17,280,18.5,81.7,18.2,82.2,18.8,80.0,18.9,79.5,19.2,78.8,19.8,77.8,20.3,77.0,-0.9848077530122081,0.17364817766692997
2021267N18094,2021,GULAB:SHAHEEN-GU,2021-09-27 12:00:00,MX,18.8,80.0,25.0,998.0,12,285,18.6,80.8,18.5,81.7,18.9,79.5,19.1,79.2,19.5,78.3,20.1,77.5,20.5,76.5,-0.9659258262890684,0.2588190451025203
2021267N18094,2021,GULAB:SHAHEEN-GU,2021-09-27 15:00:00,MX,18.9,79.5,25.0,998.0,8,290,18.8,80.0,18.6,80.8,19.1,79.2,19.2,78.8,19.8,77.8,20.3,77.0,20.7,75.9,-0.9396926207859083,0.342020143325669
2021267N18094,2021,GULAB:SHAHEEN-GU,2021-09-27 18:00:00,MX,19.1,79.2,25.0,998.0,8,290,18.9,79.5,18.8,80.0,19.2,78.8,19.5,78.3,20.1,77.5,20.5,76.5,20.9,75.3,-0.9396926207859083,0.342020143325669
2021267N18094,2021,GULAB:SHAHEEN-GU,2021-09-27 21:00:00,MX,19.2,78.8,25.0,998.0,10,295,19.1,79.2,18.9,79.5,19.5,78.3,19.8,77.8,20.3,77.0,20.7,75.9,21.2,74.7,-0.9063077870366499,0.4226182617406996
2021267N18094,2021,GULAB:SHAHEEN-GU,2021-09-28 00:00:00,MX,19.5,78.3,25.0,998.0,11,300,19.2,78.8,19.1,79.2,19.8,77.8,20.1,77.5,20.5,76.5,20.9,75.3,21.5,74.1,-0.8660254037844386,0.5000000000000001
2021267N18094,2021,GULAB:SHAHEEN-GU,2021-09-28 03:00:00,MX,19.8,77.8,20.0,999.0,10,310,19.5,78.3,19.2,78.8,20.1,77.5,20.3,77.0,20.7,75.9,21.2,74.7,21.9,73.3,-0.7660444431189781,0.6427876096865393
2021267N18094,2021,GULAB:SHAHEEN-GU,2021-09-28 06:00:00,DS,20.1,77.5,,,9,305,19.8,77.8,19.5,78.3,20.3,77.0,20.5,76.5,20.9,75.3,21.5,74.1,22.2,72.6,-0.8191520442889918,0.573576436351046
2021267N18094,2021,GULAB:SHAHEEN-GU,2021-09-28 09:00:00,DS,20.3,77.0,,,10,295,20.1,77.5,19.8,77.8,20.5,76.5,20.7,75.9,21.2,74.7,21.9,73.3,22.4,72.0,-0.9063077870366499,0.4226182617406996
2021267N18094,2021,GULAB:SHAHEEN-GU,2021-09-28 12:00:00,DS,20.5,76.5,,,11,290,20.3,77.0,20.1,77.5,20.7,75.9,20.9,75.3,21.5,74.1,22.2,72.6,22.6,71.5,-0.9396926207859083,0.342020143325669
2021267N18094,2021,GULAB:SHAHEEN-GU,2021-09-28 15:00:00,DS,20.7,75.9,,,12,290,20.5,76.5,20.3,77.0,20.9,75.3,21.2,74.7,21.9,73.3,22.4,72.0,22.7,70.8,-0.9396926207859083,0.342020143325669
2021267N18094,2021,GULAB:SHAHEEN-GU,2021-09-28 18:00:00,DS,20.9,75.3,,,12,295,20.7,75.9,20.5,76.5,21.2,74.7,21.5,74.1,22.2,72.6,22.6,71.5,22.7,70.1,-0.9063077870366499,0.4226182617406996
2021267N18094,2021,GULAB:SHAHEEN-GU,2021-09-28 21:00:00,DS,21.2,74.7,,,13,300,20.9,75.3,20.7,75.9,21.5,74.1,21.9,73.3,22.4,72.0,22.7,70.8,22.7,69.6,-0.8660254037844386,0.5000000000000001
2021267N18094,2021,GULAB:SHAHEEN-GU,2021-09-29 00:00:00,DS,21.5,74.1,,,15,300,21.2,74.7,20.9,75.3,21.9,73.3,22.2,72.6,22.6,71.5,22.7,70.1,22.6,69.3,-0.8660254037844386,0.5000000000000001
2021267N18094,2021,GULAB:SHAHEEN-GU,2021-09-29 03:00:00,DS,21.9,73.3,,,16,295,21.5,74.1,21.2,74.7,22.2,72.6,22.4,72.0,22.7,70.8,22.7,69.6,22.6,68.7,-0.9063077870366499,0.4226182617406996
2021267N18094,2021,GULAB:SHAHEEN-GU,2021-09-29 06:00:00,TS,22.2,72.6,,,13,295,21.9,73.3,21.5,74.1,22.4,72.0,22.6,71.5,22.7,70.1,22.6,69.3,22.6,68.3,-0.9063077870366499,0.4226182617406996
2021267N18094,2021,GULAB:SHAHEEN-GU,2021-09-29 09:00:00,TS,22.4,72.0,,,11,290,22.2,72.6,21.9,73.3,22.6,71.5,22.7,70.8,22.7,69.6,22.6,68.7,22.8,67.7,-0.9396926207859083,0.342020143325669
2021267N18094,2021,GULAB:SHAHEEN-GU,2021-09-29 12:00:00,TS,22.6,71.5,,,12,280,22.4,72.0,22.2,72.6,22.7,70.8,22.7,70.1,22.6,69.3,22.6,68.3,22.9,67.2,-0.9848077530122081,0.17364817766692997
2021267N18094,2021,GULAB:SHAHEEN-GU,2021-09-29 15:00:00,TS,22.7,70.8,,,13,275,22.6,71.5,22.4,72.0,22.7,70.1,22.7,69.6,22.6,68.7,22.8,67.7,22.9,66.8,-0.9961946980917455,0.08715574274765789
2021267N18094,2021,GULAB:SHAHEEN-GU,2021-09-29 18:00:00,TS,22.7,70.1,,,11,270,22.7,70.8,22.6,71.5,22.7,69.6,22.6,69.3,22.6,68.3,22.9,67.2,23.0,66.4,-1.0,-1.8369701987210297e-16
2021267N18094,2021,GULAB:SHAHEEN-GU,2021-09-29 21:00:00,TS,22.7,69.6,,,8,265,22.7,70.1,22.7,70.8,22.6,69.3,22.6,68.7,22.8,67.7,22.9,66.8,23.0,65.9,-0.9961946980917455,-0.08715574274765825
2021267N18094,2021,GULAB:SHAHEEN-GU,2021-09-30 00:00:00,TS,22.6,69.3,25.0,,8,265,22.7,69.6,22.7,70.1,22.6,68.7,22.6,68.3,22.9,67.2,23.0,66.4,23.1,65.4,-0.9961946980917455,-0.08715574274765825
2021267N18094,2021,GULAB:SHAHEEN-GU,2021-09-30 03:00:00,TS,22.6,68.7,25.0,,9,270,22.6,69.3,22.7,69.6,22.6,68.3,22.8,67.7,22.9,66.8,23.0,65.9,23.1,64.9,-1.0,-1.8369701987210297e-16
2021267N18094,2021,GULAB:SHAHEEN-GU,2021-09-30 06:00:00,TS,22.6,68.3,25.0,,9,280,22.6,68.7,22.6,69.3,22.8,67.7,22.9,67.2,23.0,66.4,23.1,65.4,23.2,64.6,-0.9848077530122081,0.17364817766692997
2021267N18094,2021,GULAB:SHAHEEN-GU,2021-09-30 09:00:00,TS,22.8,67.7,25.0,,10,285,22.6,68.3,22.6,68.7,22.9,67.2,22.9,66.8,23.0,65.9,23.1,64.9,23.3,64.2,-0.9659258262890684,0.2588190451025203
2021267N18094,2021,GULAB:SHAHEEN-GU,2021-09-30 12:00:00,TS,22.9,67.2,25.0,,9,280,22.8,67.7,22.6,68.3,22.9,66.8,23.0,66.4,23.1,65.4,23.2,64.6,23.5,63.9,-0.9848077530122081,0.17364817766692997
2021267N18094,2021,GULAB:SHAHEEN-GU,2021-09-30 15:00:00,TS,22.9,66.8,28.0,,7,275,22.9,67.2,22.8,67.7,23.0,66.4,23.0,65.9,23.1,64.9,23.3,64.2,23.6,63.5,-0.9961946980917455,0.08715574274765789
2021267N18094,2021,GULAB:SHAHEEN-GU,2021-09-30 18:00:00,TS,23.0,66.4,30.0,,8,275,22.9,66.8,22.9,67.2,23.0,65.9,23.1,65.4,23.2,64.6,23.5,63.9,23.7,63.2,-0.9961946980917455,0.08715574274765789
2021267N18094,2021,GULAB:SHAHEEN-GU,2021-09-30 21:00:00,TS,23.0,65.9,33.0,,9,275,23.0,66.4,22.9,66.8,23.1,65.4,23.1,64.9,23.3,64.2,23.6,63.5,23.8,62.8,-0.9961946980917455,0.08715574274765789
2021267N18094,2021,GULAB:SHAHEEN-GU,2021-10-01 00:00:00,TS,23.1,65.4,35.0,,9,280,23.0,65.9,23.0,66.4,23.1,64.9,23.2,64.6,23.5,63.9,23.7,63.2,23.8,62.5,-0.9848077530122081,0.17364817766692997
2021267N18094,2021,GULAB:SHAHEEN-GU,2021-10-01 03:00:00,TS,23.1,64.9,40.0,,8,280,23.1,65.4,23.0,65.9,23.2,64.6,23.3,64.2,23.6,63.5,23.8,62.8,24.0,62.1,-0.9848077530122081,0.17364817766692997
2021267N18094,2021,GULAB:SHAHEEN-GU,2021-10-01 06:00:00,TS,23.2,64.6,45.0,,7,290,23.1,64.9,23.1,65.4,23.3,64.2,23.5,63.9,23.7,63.2,23.8,62.5,24.1,61.7,-0.9396926207859083,0.342020143325669
2021267N18094,2021,GULAB:SHAHEEN-GU,2021-10-01 09:00:00,TS,23.3,64.2,45.0,,7,290,23.2,64.6,23.1,64.9,23.5,63.9,23.6,63.5,23.8,62.8,24.0,62.1,24.2,61.3,-0.9396926207859083,0.342020143325669
2021267N18094,2021,GULAB:SHAHEEN-GU,2021-10-01 12:00:00,TS,23.5,63.9,55.0,,7,295,23.3,64.2,23.2,64.6,23.6,63.5,23.7,63.2,23.8,62.5,24.1,61.7,24.4,60.9,-0.9063077870366499,0.4226182617406996
2021267N18094,2021,GULAB:SHAHEEN-GU,2021-10-01 15:00:00,TS,23.6,63.5,55.0,,6,290,23.5,63.9,23.3,64.2,23.7,63.2,23.8,62.8,24.0,62.1,24.2,61.3,24.4,60.5,-0.9396926207859083,0.342020143325669
2021267N18094,2021,GULAB:SHAHEEN-GU,2021-10-01 18:00:00,TS,23.7,63.2,60.0,,6,290,23.6,63.5,23.5,63.9,23.8,62.8,23.8,62.5,24.1,61.7,24.4,60.9,24.3,60.1,-0.9396926207859083,0.342020143325669
2021267N18094,2021,GULAB:SHAHEEN-GU,2021-10-01 21:00:00,TS,23.8,62.8,60.0,,7,285,23.7,63.2,23.6,63.5,23.8,62.5,24.0,62.1,24.2,61.3,24.4,60.5,24.3,59.7,-0.9659258262890684,0.2588190451025203
2021267N18094,2021,GULAB:SHAHEEN-GU,2021-10-02 00:00:00,TS,23.8,62.5,60.0,,7,285,23.8,62.8,23.7,63.2,24.0,62.1,24.1,61.7,24.4,60.9,24.3,60.1,24.2,59.5,-0.9659258262890684,0.2588190451025203
2021267N18094,2021,GULAB:SHAHEEN-GU,2021-10-02 03:00:00,TS,24.0,62.1,60.0,,7,290,23.8,62.5,23.8,62.8,24.1,61.7,24.2,61.3,24.4,60.5,24.3,59.7,24.1,59.1,-0.9396926207859083,0.342020143325669
2021267N18094,2021,GULAB:SHAHEEN-GU,2021-10-02 06:00:00,TS,24.1,61.7,60.0,,8,290,24.0,62.1,23.8,62.5,24.2,61.3,24.4,60.9,24.3,60.1,24.2,59.5,24.1,58.8,-0.9396926207859083,0.342020143325669
2021267N18094,2021,GULAB:SHAHEEN-GU,2021-10-02 09:00:00,TS,24.2,61.3,60.0,,8,290,24.1,61.7,24.0,62.1,24.4,60.9,24.4,60.5,24.3,59.7,24.1,59.1,24.1,58.4,-0.9396926207859083,0.342020143325669
2021267N18094,2021,GULAB:SHAHEEN-GU,2021-10-02 12:00:00,TS,24.4,60.9,60.0,,8,280,24.2,61.3,24.1,61.7,24.4,60.5,24.3,60.1,24.2,59.5,24.1,58.8,24.0,58.1,-0.9848077530122081,0.17364817766692997
2021267N18094,2021,GULAB:SHAHEEN-GU,2021-10-02 15:00:00,TS,24.4,60.5,60.0,,7,270,24.4,60.9,24.2,61.3,24.3,60.1,24.3,59.7,24.1,59.1,24.1,58.4,24.0,57.8,-1.0,-1.8369701987210297e-16
2021267N18094,2021,GULAB:SHAHEEN-GU,2021-10-02 18:00:00,TS,24.3,60.1,60.0,,7,265,24.4,60.5,24.4,60.9,24.3,59.7,24.2,59.5,24.1,58.8,24.0,58.1,23.9,57.6,-0.9961946980917455,-0.08715574274765825
2021267N18094,2021,GULAB:SHAHEEN-GU,2021-10-02 21:00:00,TS,24.3,59.7,60.0,,6,255,24.3,60.1,24.4,60.5,24.2,59.5,24.1,59.1,24.1,58.4,24.0,57.8,23.8,57.3,-0.9659258262890683,-0.25881904510252063
2021267N18094,2021,GULAB:SHAHEEN-GU,2021-10-03 00:00:00,TS,24.2,59.5,60.0,,6,255,24.3,59.7,24.3,60.1,24.1,59.1,24.1,58.8,24.0,58.1,23.9,57.6,23.7,56.9,-0.9659258262890683,-0.25881904510252063
2021267N18094,2021,GULAB:SHAHEEN-GU,2021-10-03 03:00:00,TS,24.1,59.1,60.0,,6,260,24.2,59.5,24.3,59.7,24.1,58.8,24.1,58.4,24.0,57.8,23.8,57.3,23.5,56.5,-0.984807753012208,-0.17364817766693033
2021267N18094,2021,GULAB:SHAHEEN-GU,2021-10-03 06:00:00,TS,24.1,58.8,60.0,,6,265,24.1,59.1,24.2,59.5,24.1,58.4,24.0,58.1,23.9,57.6,23.7,56.9,23.4,56.1,-0.9961946980917455,-0.08715574274765825
2021280N14068,2021,UNNAMED,2021-10-07 09:00:00,TS,14.3,67.1,25.0,1002.0,2,295,14.2,67.2,14.0,67.5,14.3,67.0,14.4,66.9,14.5,66.7,14.7,66.4,14.7,66.0,-0.9063077870366499,0.4226182617406996
2021280N14068,2021,UNNAMED,2021-10-07 12:00:00,TS,14.3,67.0,25.0,1002.0,2,310,14.3,67.1,14.2,67.2,14.4,66.9,14.5,66.8,14.6,66.6,14.7,66.2,14.6,65.9,-0.7660444431189781,0.6427876096865393
2021280N14068,2021,UNNAMED,2021-10-07 15:00:00,TS,14.4,66.9,25.0,1002.0,3,315,14.3,67.0,14.3,67.1,14.5,66.8,14.5,66.7,14.7,66.4,14.7,66.0,14.5,65.8,-0.7071067811865477,0.7071067811865474
2021280N14068,2021,UNNAMED,2021-10-07 18:00:00,TS,14.5,66.8,25.0,1002.0,2,310,14.4,66.9,14.3,67.0,14.5,66.7,14.6,66.6,14.7,66.2,14.6,65.9,14.5,65.8,-0.7660444431189781,0.6427876096865393
2021312N07090,2021,UNNAMED,2021-11-08 12:00:00,DS,8.0,89.4,,,8,295,7.7,89.8,7.4,90.1,8.1,89.0,8.2,88.6,8.5,87.9,8.7,87.8,9.0,87.5,-0.9063077870366499,0.4226182617406996
2021312N07090,2021,UNNAMED,2021-11-08 15:00:00,DS,8.1,89.0,,,8,285,8.0,89.4,7.7,89.8,8.2,88.6,8.4,88.2,8.6,87.8,8.8,87.7,9.3,87.3,-0.9659258262890684,0.2588190451025203
2021312N07090,2021,UNNAMED,2021-11-08 18:00:00,DS,8.2,88.6,,,8,285,8.1,89.0,8.0,89.4,8.4,88.2,8.5,87.9,8.7,87.8,9.0,87.5,9.6,86.9,-0.9659258262890684,0.2588190451025203
2021312N07090,2021,UNNAMED,2021-11-08 21:00:00,DS,8.4,88.2,,,8,295,8.2,88.6,8.1,89.0,8.5,87.9,8.6,87.8,8.8,87.7,9.3,87.3,9.8,86.5,-0.9063077870366499,0.4226182617406996
2021312N07090,2021,UNNAMED,2021-11-09 00:00:00,DS,8.5,87.9,,,5,305,8.4,88.2,8.2,88.6,8.6,87.8,8.7,87.8,9.0,87.5,9.6,86.9,9.9,85.9,-0.8191520442889918,0.573576436351046
2021312N07090,2021,UNNAMED,2021-11-09 03:00:00,DS,8.6,87.8,,,2,335,8.5,87.9,8.4,88.2,8.7,87.8,8.8,87.7,9.3,87.3,9.8,86.5,10.1,85.1,-0.4226182617406992,0.90630778703665
2021312N07090,2021,UNNAMED,2021-11-09 06:00:00,DS,8.7,87.8,,,3,330,8.6,87.8,8.5,87.9,8.8,87.7,9.0,87.5,9.6,86.9,9.9,85.9,10.3,84.2,-0.5000000000000004,0.8660254037844384
2021312N07090,2021,UNNAMED,2021-11-09 09:00:00,DS,8.8,87.7,,,4,315,8.7,87.8,8.6,87.8,9.0,87.5,9.3,87.3,9.8,86.5,10.1,85.1,10.5,83.5,-0.7071067811865477,0.7071067811865474
2021312N07090,2021,UNNAMED,2021-11-09 12:00:00,DS,9.0,87.5,,,6,320,8.8,87.7,8.7,87.8,9.3,87.3,9.6,86.9,9.9,85.9,10.3,84.2,10.8,83.1,-0.6427876096865396,0.7660444431189778
2021312N07090,2021,UNNAMED,2021-11-09 15:00:00,DS,9.3,87.3,,,8,315,9.0,87.5,8.8,87.7,9.6,86.9,9.8,86.5,10.1,85.1,10.5,83.5,11.4,82.6,-0.7071067811865477,0.7071067811865474
2021312N07090,2021,UNNAMED,2021-11-09 18:00:00,DS,9.6,86.9,,,9,300,9.3,87.3,9.0,87.5,9.8,86.5,9.9,85.9,10.3,84.2,10.8,83.1,11.9,82.1,-0.8660254037844386,0.5000000000000001
2021312N07090,2021,UNNAMED,2021-11-09 21:00:00,DS,9.8,86.5,,,10,285,9.6,86.9,9.3,87.3,9.9,85.9,10.1,85.1,10.5,83.5,11.4,82.6,12.1,81.8,-0.9659258262890684,0.2588190451025203
2021312N07090,2021,UNNAMED,2021-11-10 00:00:00,DS,9.9,85.9,,,14,285,9.8,86.5,9.6,86.9,10.1,85.1,10.3,84.2,10.8,83.1,11.9,82.1,12.3,81.6,-0.9659258262890684,0.2588190451025203
2021312N07090,2021,UNNAMED,2021-11-10 03:00:00,DS,10.1,85.1,,,17,285,9.9,85.9,9.8,86.5,10.3,84.2,10.5,83.5,11.4,82.6,12.1,81.8,12.5,81.2,-0.9659258262890684,0.2588190451025203
2021312N07090,2021,UNNAMED,2021-11-10 06:00:00,DS,10.3,84.2,,,16,285,10.1,85.1,9.9,85.9,10.5,83.5,10.8,83.1,11.9,82.1,12.3,81.6,12.8,80.8,-0.9659258262890684,0.2588190451025203
2021312N07090,2021,UNNAMED,2021-11-10 09:00:00,DS,10.5,83.5,,,12,295,10.3,84.2,10.1,85.1,10.8,83.1,11.4,82.6,12.1,81.8,12.5,81.2,12.9,80.4,-0.9063077870366499,0.4226182617406996
2021312N07090,2021,UNNAMED,2021-11-10 12:00:00,TS,10.8,83.1,25.0,1000.0,13,310,10.5,83.5,10.3,84.2,11.4,82.6,11.9,82.1,12.3,81.6,12.8,80.8,13.0,80.1,-0.7660444431189781,0.6427876096865393
2021312N07090,2021,UNNAMED,2021-11-10 15:00:00,TS,11.4,82.6,25.0,1000.0,14,320,10.8,83.1,10.5,83.5,11.9,82.1,12.1,81.8,12.5,81.2,12.9,80.4,12.9,79.4,-0.6427876096865396,0.7660444431189778
2021312N07090,2021,UNNAMED,2021-11-10 18:00:00,TS,11.9,82.1,25.0,1000.0,10,315,11.4,82.6,10.8,83.1,12.1,81.8,12.3,81.6,12.8,80.8,13.0,80.1,12.9,78.5,-0.7071067811865477,0.7071067811865474
2021335N08096,2021,JAWAD,2021-12-01 00:00:00,DS,7.8,95.7,,,12,260,8.0,96.1,8.4,96.3,7.8,94.9,8.0,94.0,8.2,92.9,8.9,91.8,9.6,90.8,-0.984807753012208,-0.17364817766693033
2021335N08096,2021,JAWAD,2021-12-01 03:00:00,DS,7.8,94.9,,,17,275,7.8,95.7,8.0,96.1,8.0,94.0,8.1,93.4,8.5,92.3,9.2,91.3,10.0,90.1,-0.9961946980917455,0.08715574274765789
2021335N08096,2021,JAWAD,2021-12-01 06:00:00,DS,8.0,94.0,,,15,280,7.8,94.9,7.8,95.7,8.1,93.4,8.2,92.9,8.9,91.8,9.6,90.8,10.5,89.3,-0.9848077530122081,0.17364817766692997
2021335N08096,2021,JAWAD,2021-12-01 09:00:00,DS,8.1,93.4,,,11,280,8.0,94.0,7.8,94.9,8.2,92.9,8.5,92.3,9.2,91.3,10.0,90.1,11.0,88.7,-0.9848077530122081,0.17364817766692997
2021335N08096,2021,JAWAD,2021-12-01 12:00:00,DS,8.2,92.9,,,11,295,8.1,93.4,8.0,94.0,8.5,92.3,8.9,91.8,9.6,90.8,10.5,89.3,11.4,88.4,-0.9063077870366499,0.4226182617406996
2021335N08096,2021,JAWAD,2021-12-01 15:00:00,DS,8.5,92.3,,,13,305,8.2,92.9,8.1,93.4,8.9,91.8,9.2,91.3,10.0,90.1,11.0,88.7,11.8,87.9,-0.8191520442889918,0.573576436351046
2021335N08096,2021,JAWAD,2021-12-01 18:00:00,TS,8.9,91.8,,,12,305,8.5,92.3,8.2,92.9,9.2,91.3,9.6,90.8,10.5,89.3,11.4,88.4,12.2,87.3,-0.8191520442889918,0.573576436351046
2021335N08096,2021,JAWAD,2021-12-01 21:00:00,TS,9.2,91.3,,,12,305,8.9,91.8,8.5,92.3,9.6,90.8,10.0,90.1,11.0,88.7,11.8,87.9,12.9,86.7,-0.8191520442889918,0.573576436351046
2021335N08096,2021,JAWAD,2021-12-02 00:00:00,TS,9.6,90.8,,,15,300,9.2,91.3,8.9,91.8,10.0,90.1,10.5,89.3,11.4,88.4,12.2,87.3,13.6,86.2,-0.8660254037844386,0.5000000000000001
2021335N08096,2021,JAWAD,2021-12-02 03:00:00,TS,10.0,90.1,,,17,300,9.6,90.8,9.2,91.3,10.5,89.3,11.0,88.7,11.8,87.9,12.9,86.7,14.0,85.9,-0.8660254037844386,0.5000000000000001
2021335N08096,2021,JAWAD,2021-12-02 06:00:00,TS,10.5,89.3,,,16,305,10.0,90.1,9.6,90.8,11.0,88.7,11.4,88.4,12.2,87.3,13.6,86.2,14.4,85.6,-0.8191520442889918,0.573576436351046
2021335N08096,2021,JAWAD,2021-12-02 09:00:00,TS,11.0,88.7,,,13,315,10.5,89.3,10.0,90.1,11.4,88.4,11.8,87.9,12.9,86.7,14.0,85.9,14.7,85.3,-0.7071067811865477,0.7071067811865474
2021335N08096,2021,JAWAD,2021-12-02 12:00:00,TS,11.4,88.4,25.0,1004.0,11,315,11.0,88.7,10.5,89.3,11.8,87.9,12.2,87.3,13.6,86.2,14.4,85.6,15.0,85.1,-0.7071067811865477,0.7071067811865474
2021335N08096,2021,JAWAD,2021-12-02 15:00:00,TS,11.8,87.9,25.0,1004.0,13,310,11.4,88.4,11.0,88.7,12.2,87.3,12.9,86.7,14.0,85.9,14.7,85.3,15.2,85.0,-0.7660444431189781,0.6427876096865393
2021335N08096,2021,JAWAD,2021-12-02 18:00:00,TS,12.2,87.3,25.0,1004.0,16,315,11.8,87.9,11.4,88.4,12.9,86.7,13.6,86.2,14.4,85.6,15.0,85.1,15.5,84.9,-0.7071067811865477,0.7071067811865474
2021335N08096,2021,JAWAD,2021-12-02 21:00:00,TS,12.9,86.7,28.0,1003.0,18,320,12.2,87.3,11.8,87.9,13.6,86.2,14.0,85.9,14.7,85.3,15.2,85.0,15.7,84.9,-0.6427876096865396,0.7660444431189778
2021335N08096,2021,JAWAD,2021-12-03 00:00:00,TS,13.6,86.2,30.0,1002.0,14,325,12.9,86.7,12.2,87.3,14.0,85.9,14.4,85.6,15.0,85.1,15.5,84.9,16.0,84.8,-0.5735764363510465,0.8191520442889916
2021335N08096,2021,JAWAD,2021-12-03 03:00:00,TS,14.0,85.9,30.0,1002.0,10,320,13.6,86.2,12.9,86.7,14.4,85.6,14.7,85.3,15.2,85.0,15.7,84.9,16.2,84.8,-0.6427876096865396,0.7660444431189778
2021335N08096,2021,JAWAD,2021-12-03 06:00:00,TS,14.4,85.6,35.0,1001.0,8,320,14.0,85.9,13.6,86.2,14.7,85.3,15.0,85.1,15.5,84.9,16.0,84.8,16.3,84.9,-0.6427876096865396,0.7660444431189778
2021335N08096,2021,JAWAD,2021-12-03 09:00:00,TS,14.7,85.3,35.0,1001.0,8,325,14.4,85.6,14.0,85.9,15.0,85.1,15.2,85.0,15.7,84.9,16.2,84.8,16.5,84.9,-0.5735764363510465,0.8191520442889916
2021335N08096,2021,JAWAD,2021-12-03 12:00:00,TS,15.0,85.1,40.0,1000.0,6,330,14.7,85.3,14.4,85.6,15.2,85.0,15.5,84.9,16.0,84.8,16.3,84.9,16.8,85.1,-0.5000000000000004,0.8660254037844384
2021335N08096,2021,JAWAD,2021-12-03 15:00:00,TS,15.2,85.0,40.0,1000.0,5,335,15.0,85.1,14.7,85.3,15.5,84.9,15.7,84.9,16.2,84.8,16.5,84.9,17.1,85.1,-0.4226182617406992,0.90630778703665
2021335N08096,2021,JAWAD,2021-12-03 18:00:00,TS,15.5,84.9,40.0,1000.0,5,340,15.2,85.0,15.0,85.1,15.7,84.9,16.0,84.8,16.3,84.9,16.8,85.1,17.3,85.3,-0.3420201433256686,0.9396926207859084
2021335N08096,2021,JAWAD,2021-12-03 21:00:00,TS,15.7,84.9,40.0,1000.0,5,345,15.5,84.9,15.2,85.0,16.0,84.8,16.2,84.8,16.5,84.9,17.1,85.1,17.4,85.4,-0.2588190451025207,0.9659258262890683
2021335N08096,2021,JAWAD,2021-12-04 00:00:00,TS,16.0,84.8,40.0,1000.0,5,350,15.7,84.9,15.5,84.9,16.2,84.8,16.3,84.9,16.8,85.1,17.3,85.3,17.7,85.7,-0.1736481776669304,0.984807753012208
2021335N08096,2021,JAWAD,2021-12-04 03:00:00,TS,16.2,84.8,40.0,1000.0,4,15,16.0,84.8,15.7,84.9,16.3,84.9,16.5,84.9,17.1,85.1,17.4,85.4,18.3,85.8,0.25881904510252074,0.9659258262890683
2021335N08096,2021,JAWAD,2021-12-04 06:00:00,TS,16.3,84.9,35.0,1001.0,4,20,16.2,84.8,16.0,84.8,16.5,84.9,16.8,85.1,17.3,85.3,17.7,85.7,18.7,86.1,0.3420201433256687,0.9396926207859084
2021335N08096,2021,JAWAD,2021-12-04 09:00:00,TS,16.5,84.9,35.0,1001.0,5,20,16.3,84.9,16.2,84.8,16.8,85.1,17.1,85.1,17.4,85.4,18.3,85.8,19.0,86.3,0.3420201433256687,0.9396926207859084
2021335N08096,2021,JAWAD,2021-12-04 12:00:00,TS,16.8,85.1,30.0,1002.0,6,20,16.5,84.9,16.3,84.9,17.1,85.1,17.3,85.3,17.7,85.7,18.7,86.1,19.5,86.7,0.3420201433256687,0.9396926207859084
2021335N08096,2021,JAWAD,2021-12-04 15:00:00,TS,17.1,85.1,30.0,1002.0,5,25,16.8,85.1,16.5,84.9,17.3,85.3,17.4,85.4,18.3,85.8,19.0,86.3,20.0,87.0,0.42261826174069944,0.9063077870366499
2021335N08096,2021,JAWAD,2021-12-04 18:00:00,TS,17.3,85.3,30.0,1002.0,4,40,17.1,85.1,16.8,85.1,17.4,85.4,17.7,85.7,18.7,86.1,19.5,86.7,20.7,87.2,0.6427876096865393,0.766044443118978
2021335N08096,2021,JAWAD,2021-12-04 21:00:00,TS,17.4,85.4,30.0,1002.0,6,45,17.3,85.3,17.1,85.1,17.7,85.7,18.3,85.8,19.0,86.3,20.0,87.0,21.2,87.4,0.7071067811865475,0.7071067811865476
2021335N08096,2021,JAWAD,2021-12-05 00:00:00,TS,17.7,85.7,30.0,1002.0,10,25,17.4,85.4,17.3,85.3,18.3,85.8,18.7,86.1,19.5,86.7,20.7,87.2,21.5,87.7,0.42261826174069944,0.9063077870366499
2021335N08096,2021,JAWAD,2021-12-05 03:00:00,TS,18.3,85.8,30.0,1003.0,11,20,17.7,85.7,17.4,85.4,18.7,86.1,19.0,86.3,20.0,87.0,21.2,87.4,21.9,88.1,0.3420201433256687,0.9396926207859084
2021335N08096,2021,JAWAD,2021-12-05 06:00:00,TS,18.7,86.1,30.0,1003.0,9,30,18.3,85.8,17.7,85.7,19.0,86.3,19.5,86.7,20.7,87.2,21.5,87.7,22.3,88.5,0.49999999999999994,0.8660254037844387
