SID,SEASON,NAME,ISO_TIME,NATURE,LAT,LON,NEWDELHI_WIND,NEWDELHI_PRES,STORM_SPEED,STORM_DIR
2010136N09057,2010,BANDU,2010-05-15 12:00:00,DS,9.3,56.5,,,6,85
2010136N09057,2010,BANDU,2010-05-15 15:00:00,DS,9.3,56.8,,,5,80
2010136N09057,2010,BANDU,2010-05-15 18:00:00,DS,9.4,57.0,,,4,40
2010136N09057,2010,BANDU,2010-05-15 21:00:00,DS,9.6,57.1,,,4,0
2010136N09057,2010,BANDU,2010-05-16 00:00:00,DS,9.8,57.0,,,3,345
2010136N09057,2010,BANDU,2010-05-16 03:00:00,DS,9.9,57.0,,,3,315
2010136N09057,2010,BANDU,2010-05-16 06:00:00,DS,10.0,56.8,,,5,285
2010136N09057,2010,BANDU,2010-05-16 09:00:00,DS,10.1,56.4,,,7,280
2010136N09057,2010,BANDU,2010-05-16 12:00:00,DS,10.1,56.1,,,5,265
2010136N09057,2010,BANDU,2010-05-16 15:00:00,DS,10.0,56.0,,,2,205
2010136N09057,2010,BANDU,2010-05-16 18:00:00,DS,9.9,56.0,,,4,135
2010136N09057,2010,BANDU,2010-05-16 21:00:00,DS,9.7,56.2,,,7,115
2010136N09057,2010,BANDU,2010-05-17 00:00:00,DS,9.6,56.6,,,7,95
2010136N09057,2010,BANDU,2010-05-17 03:00:00,DS,9.7,57.0,,,7,80
2010136N09057,2010,BANDU,2010-05-17 06:00:00,DS,9.7,57.3,,,6,100
2010136N09057,2010,BANDU,2010-05-17 09:00:00,DS,9.5,57.5,,,5,145
2010136N09057,2010,BANDU,2010-05-17 12:00:00,DS,9.3,57.6,,,5,0
2010136N09057,2010,BANDU,2010-05-17 15:00:00,DS,9.0,57.5,,,5,215
2010136N09057,2010,BANDU,2010-05-17 18:00:00,DS,8.9,57.3,,,5,265
2010136N09057,2010,BANDU,2010-05-17 21:00:00,DS,9.0,57.0,,,7,295
2010136N09057,2010,BANDU,2010-05-18 00:00:00,DS,9.2,56.7,,,6,315
2010136N09057,2010,BANDU,2010-05-18 03:00:00,DS,9.4,56.6,,,4,335
2010136N09057,2010,BANDU,2010-05-18 06:00:00,DS,9.6,56.5,,,6,335
2010136N09057,2010,BANDU,2010-05-18 09:00:00,DS,9.9,56.3,,,7,325
2010136N09057,2010,BANDU,2010-05-18 12:00:00,DS,10.2,56.1,,,8,315
2010136N09057,2010,BANDU,2010-05-18 15:00:00,DS,10.4,55.8,,,8,300
2010136N09057,2010,BANDU,2010-05-18 18:00:00,DS,10.6,55.4,,,9,290
2010136N09057,2010,BANDU,2010-05-18 21:00:00,DS,10.8,54.9,,,9,290
2010136N09057,2010,BANDU,2010-05-19 00:00:00,TS,10.9,54.5,,,7,290
2010136N09057,2010,BANDU,2010-05-19 03:00:00,TS,11.0,54.2,,,5,290
2010136N09057,2010,BANDU,2010-05-19 06:00:00,TS,11.1,54.0,,,4,280
2010136N09057,2010,BANDU,2010-05-19 09:00:00,TS,11.1,53.8,25.0,1002.0,3,285
2010136N09057,2010,BANDU,2010-05-19 12:00:00,TS,11.2,53.7,25.0,1002.0,5,310
2010136N09057,2010,BANDU,2010-05-19 15:00:00,TS,11.4,53.4,25.0,1002.0,4,305
2010136N09057,2010,BANDU,2010-05-19 18:00:00,TS,11.5,53.3,30.0,1000.0,4,285
2010136N09057,2010,BANDU,2010-05-19 21:00:00,TS,11.5,53.0,30.0,1000.0,4,295
2010136N09057,2010,BANDU,2010-05-20 00:00:00,TS,11.6,53.0,30.0,1000.0,2,330
2010136N09057,2010,BANDU,2010-05-20 03:00:00,TS,11.7,52.9,30.0,999.0,2,330
2010136N09057,2010,BANDU,2010-05-20 06:00:00,TS,11.8,52.9,30.0,999.0,4,345
2010136N09057,2010,BANDU,2010-05-20 09:00:00,TS,12.1,52.8,30.0,999.0,7,330
2010136N09057,2010,BANDU,2010-05-20 12:00:00,TS,12.4,52.5,30.0,999.0,7,305
2010136N09057,2010,BANDU,2010-05-20 15:00:00,TS,12.5,52.2,30.0,999.0,6,280
2010136N09057,2010,BANDU,2010-05-20 18:00:00,TS,12.5,51.9,30.0,999.0,3,280
2010136N09057,2010,BANDU,2010-05-20 21:00:00,TS,12.5,51.8,30.0,999.0,1,315
2010136N09057,2010,BANDU,2010-05-21 00:00:00,TS,12.5,51.8,30.0,998.0,1,305
2010136N09057,2010,BANDU,2010-05-21 03:00:00,TS,12.6,51.7,30.0,998.0,2,290
2010136N09057,2010,BANDU,2010-05-21 06:00:00,TS,12.6,51.7,30.0,998.0,1,325
2010136N09057,2010,BANDU,2010-05-21 09:00:00,TS,12.6,51.7,30.0,996.0,1,50
2010136N09057,2010,BANDU,2010-05-21 12:00:00,TS,12.7,51.7,40.0,994.0,0,145
2010136N09057,2010,BANDU,2010-05-21 15:00:00,TS,12.6,51.7,40.0,994.0,1,205
2010136N09057,2010,BANDU,2010-05-21 18:00:00,TS,12.6,51.7,40.0,994.0,4,260
2010136N09057,2010,BANDU,2010-05-21 21:00:00,TS,12.5,51.3,40.0,994.0,6,270
2010136N09057,2010,BANDU,2010-05-22 00:00:00,TS,12.6,51.0,40.0,994.0,4,270
2010136N09057,2010,BANDU,2010-05-22 03:00:00,TS,12.5,50.9,40.0,994.0,1,270
2010136N09057,2010,BANDU,2010-05-22 06:00:00,TS,12.6,50.9,40.0,994.0,3,270
2010136N09057,2010,BANDU,2010-05-22 09:00:00,TS,12.5,50.6,35.0,996.0,3,270
2010136N09057,2010,BANDU,2010-05-22 12:00:00,TS,12.6,50.6,30.0,998.0,1,270
2010136N09057,2010,BANDU,2010-05-22 15:00:00,TS,12.6,50.5,28.0,999.0,2,270
2010136N09057,2010,BANDU,2010-05-22 18:00:00,TS,12.6,50.4,25.0,1000.0,2,270
2010137N10090,2010,LAILA,2010-05-16 18:00:00,DS,9.8,90.4,,,10,320
2010137N10090,2010,LAILA,2010-05-16 21:00:00,DS,10.2,90.1,,,10,315
2010137N10090,2010,LAILA,2010-05-17 00:00:00,DS,10.5,89.7,,,10,305
2010137N10090,2010,LAILA,2010-05-17 03:00:00,DS,10.7,89.3,,,10,290
2010137N10090,2010,LAILA,2010-05-17 06:00:00,TS,10.8,88.7,25.0,1004.0,10,290
2010137N10090,2010,LAILA,2010-05-17 09:00:00,TS,11.0,88.3,28.0,1002.0,9,300
2010137N10090,2010,LAILA,2010-05-17 12:00:00,TS,11.2,87.9,30.0,1000.0,8,300
2010137N10090,2010,LAILA,2010-05-17 15:00:00,TS,11.4,87.6,30.0,999.0,8,295
2010137N10090,2010,LAILA,2010-05-17 18:00:00,TS,11.6,87.2,30.0,998.0,8,285
2010137N10090,2010,LAILA,2010-05-17 21:00:00,TS,11.7,86.8,33.0,998.0,10,280
2010137N10090,2010,LAILA,2010-05-18 00:00:00,TS,11.8,86.3,35.0,998.0,14,290
2010137N10090,2010,LAILA,2010-05-18 03:00:00,TS,12.1,85.4,40.0,996.0,18,295
2010137N10090,2010,LAILA,2010-05-18 06:00:00,TS,12.5,84.6,45.0,992.0,16,300
2010137N10090,2010,LAILA,2010-05-18 09:00:00,TS,12.9,84.0,45.0,992.0,13,295
2010137N10090,2010,LAILA,2010-05-18 12:00:00,TS,13.1,83.5,45.0,990.0,10,280
2010137N10090,2010,LAILA,2010-05-18 15:00:00,TS,13.1,83.0,45.0,990.0,9,275
2010137N10090,2010,LAILA,2010-05-18 18:00:00,TS,13.1,82.6,45.0,990.0,8,275
2010137N10090,2010,LAILA,2010-05-18 21:00:00,TS,13.1,82.1,45.0,990.0,7,300
2010137N10090,2010,LAILA,2010-05-19 00:00:00,TS,13.5,82.0,45.0,990.0,5,325
2010137N10090,2010,LAILA,2010-05-19 03:00:00,TS,13.5,81.8,45.0,990.0,5,290
2010137N10090,2010,LAILA,2010-05-19 06:00:00,TS,13.6,81.5,55.0,986.0,5,320
2010137N10090,2010,LAILA,2010-05-19 09:00:00,TS,13.9,81.5,55.0,986.0,4,350
2010137N10090,2010,LAILA,2010-05-19 12:00:00,TS,14.0,81.5,55.0,986.0,2,350
2010137N10090,2010,LAILA,2010-05-19 15:00:00,TS,14.1,81.4,55.0,986.0,6,330
2010137N10090,2010,LAILA,2010-05-19 18:00:00,TS,14.6,81.1,55.0,986.0,7,325
2010137N10090,2010,LAILA,2010-05-19 21:00:00,TS,14.7,81.0,55.0,986.0,5,345
2010137N10090,2010,LAILA,2010-05-20 00:00:00,TS,15.1,81.0,55.0,986.0,8,330
2010137N10090,2010,LAILA,2010-05-20 03:00:00,TS,15.4,80.6,55.0,986.0,6,320
2010137N10090,2010,LAILA,2010-05-20 06:00:00,TS,15.6,80.6,55.0,986.0,3,340
2010137N10090,2010,LAILA,2010-05-20 09:00:00,TS,15.7,80.5,55.0,986.0,3,355
2010137N10090,2010,LAILA,2010-05-20 12:00:00,TS,15.9,80.5,45.0,990.0,2,5
2010137N10090,2010,LAILA,2010-05-20 15:00:00,TS,15.9,80.5,45.0,990.0,2,10
2010137N10090,2010,LAILA,2010-05-20 18:00:00,TS,16.0,80.6,45.0,990.0,2,45
2010137N10090,2010,LAILA,2010-05-20 21:00:00,TS,16.1,80.7,40.0,990.0,4,35
2010137N10090,2010,LAILA,2010-05-21 00:00:00,TS,16.3,80.8,35.0,990.0,5,30
2010137N10090,2010,LAILA,2010-05-21 03:00:00,TS,16.5,81.0,30.0,995.0,6,40
2010137N10090,2010,LAILA,2010-05-21 06:00:00,TS,16.8,81.2,20.0,999.0,4,50
2010137N10090,2010,LAILA,2010-05-21 09:00:00,TS,16.8,81.3,,,3,65
2010137N10090,2010,LAILA,2010-05-21 12:00:00,TS,16.9,81.5,,,4,65
2010137N10090,2010,LAILA,2010-05-21 15:00:00,TS,17.0,81.7,,,4,60
2010137N10090,2010,LAILA,2010-05-21 18:00:00,TS,17.1,81.9,,,4,60
2010151N14065,2010,PHET,2010-05-30 12:00:00,DS,14.4,65.0,,,3,295
2010151N14065,2010,PHET,2010-05-30 15:00:00,DS,14.5,64.9,,,3,290
2010151N14065,2010,PHET,2010-05-30 18:00:00,DS,14.5,64.7,,,3,275
2010151N14065,2010,PHET,2010-05-30 21:00:00,DS,14.5,64.5,,,3,270
2010151N14065,2010,PHET,2010-05-31 00:00:00,TS,14.5,64.4,,,3,290
2010151N14065,2010,PHET,2010-05-31 03:00:00,TS,14.6,64.3,,,4,320
2010151N14065,2010,PHET,2010-05-31 06:00:00,TS,14.8,64.2,25.0,1001.0,5,325
2010151N14065,2010,PHET,2010-05-31 09:00:00,TS,15.0,64.0,25.0,1001.0,6,320
2010151N14065,2010,PHET,2010-05-31 12:00:00,TS,15.2,63.8,25.0,1001.0,5,320
2010151N14065,2010,PHET,2010-05-31 15:00:00,TS,15.4,63.7,25.0,1000.0,3,325
2010151N14065,2010,PHET,2010-05-31 18:00:00,TS,15.5,63.6,25.0,999.0,3,315
2010151N14065,2010,PHET,2010-05-31 21:00:00,TS,15.5,63.5,28.0,999.0,3,310
2010151N14065,2010,PHET,2010-06-01 00:00:00,TS,15.7,63.4,30.0,998.0,3,310
2010151N14065,2010,PHET,2010-06-01 03:00:00,TS,15.8,63.2,30.0,998.0,7,315
2010151N14065,2010,PHET,2010-06-01 06:00:00,TS,16.2,62.9,30.0,996.0,7,320
2010151N14065,2010,PHET,2010-06-01 09:00:00,TS,16.3,62.8,35.0,995.0,7,320
2010151N14065,2010,PHET,2010-06-01 12:00:00,TS,16.7,62.4,35.0,994.0,7,310
2010151N14065,2010,PHET,2010-06-01 15:00:00,TS,16.7,62.2,40.0,992.0,7,305
2010151N14065,2010,PHET,2010-06-01 18:00:00,TS,17.1,61.8,45.0,990.0,7,305
2010151N14065,2010,PHET,2010-06-01 21:00:00,TS,17.1,61.6,45.0,990.0,7,305
2010151N14065,2010,PHET,2010-06-02 00:00:00,TS,17.5,61.3,55.0,986.0,9,300
2010151N14065,2010,PHET,2010-06-02 03:00:00,TS,17.5,60.9,60.0,984.0,5,295
2010151N14065,2010,PHET,2010-06-02 06:00:00,TS,17.7,60.8,70.0,978.0,7,315
2010151N14065,2010,PHET,2010-06-02 09:00:00,TS,18.0,60.4,80.0,968.0,7,315
2010151N14065,2010,PHET,2010-06-02 12:00:00,TS,18.1,60.3,85.0,964.0,6,315
2010151N14065,2010,PHET,2010-06-02 15:00:00,TS,18.4,59.9,85.0,964.0,5,315
2010151N14065,2010,PHET,2010-06-02 18:00:00,TS,18.5,59.9,85.0,966.0,1,300
2010151N14065,2010,PHET,2010-06-02 21:00:00,TS,18.5,59.8,80.0,970.0,3,280
2010151N14065,2010,PHET,2010-06-03 00:00:00,TS,18.5,59.6,75.0,974.0,3,305
2010151N14065,2010,PHET,2010-06-03 03:00:00,TS,18.6,59.5,75.0,974.0,6,0
2010151N14065,2010,PHET,2010-06-03 06:00:00,TS,19.1,59.6,70.0,978.0,9,360
2010151N14065,2010,PHET,2010-06-03 09:00:00,TS,19.5,59.5,70.0,978.0,10,355
2010151N14065,2010,PHET,2010-06-03 12:00:00,TS,20.0,59.5,70.0,978.0,7,350
2010151N14065,2010,PHET,2010-06-03 15:00:00,TS,20.2,59.4,70.0,978.0,7,350
2010151N14065,2010,PHET,2010-06-03 18:00:00,TS,20.7,59.4,65.0,980.0,9,355
2010151N14065,2010,PHET,2010-06-03 21:00:00,TS,21.1,59.3,65.0,980.0,9,355
2010151N14065,2010,PHET,2010-06-04 00:00:00,TS,21.5,59.3,65.0,980.0,9,0
2010151N14065,2010,PHET,2010-06-04 03:00:00,TS,21.9,59.3,60.0,982.0,7,5
2010151N14065,2010,PHET,2010-06-04 06:00:00,TS,22.2,59.4,60.0,984.0,6,5
2010151N14065,2010,PHET,2010-06-04 09:00:00,TS,22.6,59.4,60.0,984.0,9,5
2010151N14065,2010,PHET,2010-06-04 12:00:00,TS,23.0,59.5,60.0,984.0,6,10
2010151N14065,2010,PHET,2010-06-04 15:00:00,TS,23.2,59.5,55.0,986.0,3,25
2010151N14065,2010,PHET,2010-06-04 18:00:00,TS,23.3,59.6,55.0,988.0,7,40
2010151N14065,2010,PHET,2010-06-04 21:00:00,TS,23.7,60.0,50.0,990.0,10,50
2010151N14065,2010,PHET,2010-06-05 00:00:00,TS,24.0,60.4,45.0,990.0,9,55
2010151N14065,2010,PHET,2010-06-05 03:00:00,TS,24.2,60.8,40.0,992.0,6,70
2010151N14065,2010,PHET,2010-06-05 06:00:00,TS,24.2,61.0,40.0,992.0,3,110
2010151N14065,2010,PHET,2010-06-05 09:00:00,TS,24.1,61.1,40.0,992.0,5,105
2010151N14065,2010,PHET,2010-06-05 12:00:00,TS,24.0,61.6,40.0,992.0,8,100
2010151N14065,2010,PHET,2010-06-05 15:00:00,TS,23.9,62.0,35.0,994.0,8,100
2010151N14065,2010,PHET,2010-06-05 18:00:00,TS,23.9,62.5,30.0,994.0,11,100
2010151N14065,2010,PHET,2010-06-05 21:00:00,TS,23.7,63.1,30.0,994.0,15,95
2010151N14065,2010,PHET,2010-06-06 00:00:00,TS,23.7,64.1,30.0,994.0,17,90
2010151N14065,2010,PHET,2010-06-06 03:00:00,TS,23.8,65.0,25.0,994.0,17,80
2010151N14065,2010,PHET,2010-06-06 06:00:00,TS,24.0,65.9,25.0,994.0,15,70
2010151N14065,2010,PHET,2010-06-06 09:00:00,TS,24.2,66.6,25.0,994.0,13,60
2010151N14065,2010,PHET,2010-06-06 12:00:00,TS,24.6,67.2,25.0,994.0,14,60
2010151N14065,2010,PHET,2010-06-06 15:00:00,TS,25.0,67.9,25.0,993.0,15,70
2010151N14065,2010,PHET,2010-06-06 18:00:00,TS,25.1,68.7,25.0,991.0,17,65
2010151N14065,2010,PHET,2010-06-06 21:00:00,TS,25.7,69.6,25.0,992.0,21,55
2010151N14065,2010,PHET,2010-06-07 00:00:00,TS,26.4,70.5,25.0,993.0,20,60
2010151N14065,2010,PHET,2010-06-07 03:00:00,TS,26.7,71.5,25.0,993.0,22,70
2010151N14065,2010,PHET,2010-06-07 06:00:00,MX,27.1,72.9,20.0,995.0,25,75
2010280N17085,2010,UNNAMED,2010-10-07 03:00:00,TS,16.5,84.5,25.0,998.0,20,0
2010280N17085,2010,UNNAMED,2010-10-07 06:00:00,TS,17.5,84.5,25.0,998.0,17,5
2010280N17085,2010,UNNAMED,2010-10-07 09:00:00,TS,18.1,84.7,25.0,997.0,11,25
2010280N17085,2010,UNNAMED,2010-10-07 12:00:00,TS,18.5,85.0,25.0,996.0,8,40
2010280N17085,2010,UNNAMED,2010-10-07 15:00:00,TS,18.7,85.2,25.0,996.0,7,45
2010280N17085,2010,UNNAMED,2010-10-07 18:00:00,TS,19.0,85.5,25.0,996.0,9,45
2010280N17085,2010,UNNAMED,2010-10-07 21:00:00,TS,19.4,85.9,25.0,997.0,14,45
2010280N17085,2010,UNNAMED,2010-10-08 00:00:00,TS,20.0,86.5,25.0,998.0,23,45
2010280N17085,2010,UNNAMED,2010-10-08 03:00:00,TS,21.0,87.5,25.0,998.0,31,50
2010280N17085,2010,UNNAMED,2010-10-08 06:00:00,TS,22.0,89.0,25.0,998.0,29,50
2010280N17085,2010,UNNAMED,2010-10-08 09:00:00,TS,22.8,90.0,25.0,999.0,20,45
2010280N17085,2010,UNNAMED,2010-10-08 12:00:00,TS,23.5,90.5,25.0,1000.0,14,30
2010280N17085,2010,UNNAMED,2010-10-08 15:00:00,TS,24.0,90.8,25.0,1001.0,11,25
2010280N17085,2010,UNNAMED,2010-10-08 18:00:00,TS,24.5,91.0,25.0,1002.0,10,20
2010286N18090,2010,UNNAMED,2010-10-13 06:00:00,TS,17.5,90.0,25.0,1002.0,10,265
2010286N18090,2010,UNNAMED,2010-10-13 09:00:00,TS,17.4,89.5,25.0,1000.0,10,270
2010286N18090,2010,UNNAMED,2010-10-13 12:00:00,TS,17.5,89.0,25.0,998.0,8,295
2010286N18090,2010,UNNAMED,2010-10-13 15:00:00,TS,17.7,88.7,25.0,998.0,7,315
2010286N18090,2010,UNNAMED,2010-10-13 18:00:00,TS,18.0,88.5,25.0,998.0,3,325
2010286N18090,2010,UNNAMED,2010-10-13 21:00:00,TS,18.0,88.5,25.0,998.0,0,0
2010286N18090,2010,UNNAMED,2010-10-14 00:00:00,TS,18.0,88.5,25.0,998.0,0,125
2010286N18090,2010,UNNAMED,2010-10-14 03:00:00,TS,18.0,88.5,25.0,998.0,0,0
2010286N18090,2010,UNNAMED,2010-10-14 06:00:00,TS,18.0,88.5,25.0,998.0,2,270
2010286N18090,2010,UNNAMED,2010-10-14 09:00:00,TS,18.0,88.3,25.0,997.0,5,270
2010286N18090,2010,UNNAMED,2010-10-14 12:00:00,TS,18.0,88.0,25.0,996.0,3,260
2010286N18090,2010,UNNAMED,2010-10-14 15:00:00,TS,18.0,88.0,25.0,996.0,0,0
2010286N18090,2010,UNNAMED,2010-10-14 18:00:00,TS,18.0,88.0,25.0,996.0,3,320
2010286N18090,2010,UNNAMED,2010-10-14 21:00:00,TS,18.2,87.8,25.0,996.0,7,315
2010286N18090,2010,UNNAMED,2010-10-15 00:00:00,TS,18.5,87.5,25.0,996.0,12,315
2010286N18090,2010,UNNAMED,2010-10-15 03:00:00,TS,19.0,87.0,30.0,996.0,17,305
2010286N18090,2010,UNNAMED,2010-10-15 06:00:00,TS,19.5,86.0,30.0,996.0,14,295
2010286N18090,2010,UNNAMED,2010-10-15 09:00:00,TS,19.6,85.6,30.0,996.0,5,270
2010286N18090,2010,UNNAMED,2010-10-15 12:00:00,TS,19.5,85.5,30.0,995.0,7,235
2010286N18090,2010,UNNAMED,2010-10-15 15:00:00,TS,19.3,85.0,30.0,996.0,11,240
2010286N18090,2010,UNNAMED,2010-10-15 18:00:00,TS,19.0,84.5,30.0,996.0,8,250
2010286N18090,2010,UNNAMED,2010-10-15 21:00:00,TS,18.9,84.2,28.0,997.0,5,270
2010286N18090,2010,UNNAMED,2010-10-16 00:00:00,TS,19.0,84.0,25.0,998.0,4,290
2010293N17093,2010,GIRI,2010-10-19 12:00:00,DS,16.7,92.6,,,4,305
2010293N17093,2010,GIRI,2010-10-19 15:00:00,DS,16.8,92.4,,,4,305
2010293N17093,2010,GIRI,2010-10-19 18:00:00,DS,16.9,92.3,,,3,305
2010293N17093,2010,GIRI,2010-10-19 21:00:00,DS,17.0,92.2,,,2,300
2010293N17093,2010,GIRI,2010-10-20 00:00:00,TS,17.0,92.1,,,2,285
2010293N17093,2010,GIRI,2010-10-20 03:00:00,TS,17.0,92.0,,,3,270
2010293N17093,2010,GIRI,2010-10-20 06:00:00,TS,17.0,91.8,,,4,245
2010293N17093,2010,GIRI,2010-10-20 09:00:00,TS,16.9,91.6,,,3,260
2010293N17093,2010,GIRI,2010-10-20 12:00:00,TS,16.9,91.5,25.0,1002.0,3,340
2010293N17093,2010,GIRI,2010-10-20 15:00:00,TS,17.1,91.5,25.0,1002.0,3,10
2010293N17093,2010,GIRI,2010-10-20 18:00:00,TS,17.3,91.6,25.0,1002.0,2,355
2010293N17093,2010,GIRI,2010-10-20 21:00:00,TS,17.4,91.5,25.0,1002.0,1,335
2010293N17093,2010,GIRI,2010-10-21 00:00:00,TS,17.4,91.5,25.0,1002.0,1,15
2010293N17093,2010,GIRI,2010-10-21 03:00:00,TS,17.4,91.6,30.0,1000.0,2,55
2010293N17093,2010,GIRI,2010-10-21 06:00:00,TS,17.5,91.7,35.0,998.0,2,55
2010293N17093,2010,GIRI,2010-10-21 09:00:00,TS,17.6,91.8,40.0,996.0,6,45
2010293N17093,2010,GIRI,2010-10-21 12:00:00,TS,17.9,92.1,45.0,990.0,6,45
2010293N17093,2010,GIRI,2010-10-21 15:00:00,TS,18.0,92.2,45.0,990.0,2,30
2010293N17093,2010,GIRI,2010-10-21 18:00:00,TS,18.1,92.2,50.0,988.0,5,35
2010293N17093,2010,GIRI,2010-10-21 21:00:00,TS,18.4,92.5,55.0,984.0,6,35
2010293N17093,2010,GIRI,2010-10-22 00:00:00,TS,18.5,92.6,60.0,980.0,6,40
2010293N17093,2010,GIRI,2010-10-22 03:00:00,TS,18.9,92.9,80.0,974.0,7,40
2010293N17093,2010,GIRI,2010-10-22 06:00:00,TS,19.0,93.0,90.0,964.0,7,35
2010293N17093,2010,GIRI,2010-10-22 09:00:00,TS,19.4,93.3,105.0,950.0,9,25
2010293N17093,2010,GIRI,2010-10-22 12:00:00,TS,19.8,93.4,105.0,950.0,7,15
2010293N17093,2010,GIRI,2010-10-22 15:00:00,TS,20.1,93.5,80.0,966.0,8,35
2010293N17093,2010,GIRI,2010-10-22 18:00:00,TS,20.5,93.9,70.0,976.0,9,45
2010293N17093,2010,GIRI,2010-10-22 21:00:00,TS,20.7,94.2,55.0,986.0,11,50
2010293N17093,2010,GIRI,2010-10-23 00:00:00,TS,21.2,94.8,45.0,992.0,13,45
2010293N17093,2010,GIRI,2010-10-23 03:00:00,TS,21.6,95.2,35.0,996.0,11,35
2010293N17093,2010,GIRI,2010-10-23 06:00:00,TS,22.1,95.5,25.0,998.0,10,35
2010293N17093,2010,GIRI,2010-10-23 09:00:00,TS,22.4,95.8,,,9,45
2010293N17093,2010,GIRI,2010-10-23 12:00:00,TS,22.7,96.2,,,9,65
2010293N17093,2010,GIRI,2010-10-23 15:00:00,TS,22.8,96.7,,,11,75
2010293N17093,2010,GIRI,2010-10-23 18:00:00,TS,23.0,97.4,,,17,75
2010293N17093,2010,GIRI,2010-10-23 21:00:00,TS,23.3,98.5,,,23,70
2010293N17093,2010,GIRI,2010-10-24 00:00:00,TS,23.7,99.8,,,25,70
2010305N06105,2010,JAL,2010-10-31 18:00:00,DS,6.3,104.5,,,11,245
2010305N06105,2010,JAL,2010-10-31 21:00:00,DS,6.1,104.0,,,10,255
2010305N06105,2010,JAL,2010-11-01 00:00:00,DS,6.0,103.5,,,9,275
2010305N06105,2010,JAL,2010-11-01 03:00:00,DS,6.2,103.0,,,10,300
2010305N06105,2010,JAL,2010-11-01 06:00:00,DS,6.5,102.6,,,11,305
2010305N06105,2010,JAL,2010-11-01 09:00:00,DS,6.8,102.2,,,11,305
2010305N06105,2010,JAL,2010-11-01 12:00:00,DS,7.1,101.7,,,11,305
2010305N06105,2010,JAL,2010-11-01 15:00:00,DS,7.4,101.3,,,11,295
2010305N06105,2010,JAL,2010-11-01 18:00:00,DS,7.6,100.7,,,15,280
2010305N06105,2010,JAL,2010-11-01 21:00:00,DS,7.6,99.8,,,18,275
2010305N06105,2010,JAL,2010-11-02 00:00:00,DS,7.7,98.9,,,15,285
2010305N06105,2010,JAL,2010-11-02 03:00:00,DS,8.1,98.3,,,12,305
2010305N06105,2010,JAL,2010-11-02 06:00:00,DS,8.4,97.9,,,10,290
2010305N06105,2010,JAL,2010-11-02 09:00:00,DS,8.4,97.4,,,10,265
2010305N06105,2010,JAL,2010-11-02 12:00:00,DS,8.3,96.9,,,10,265
2010305N06105,2010,JAL,2010-11-02 15:00:00,DS,8.3,96.4,,,10,270
2010305N06105,2010,JAL,2010-11-02 18:00:00,TS,8.3,95.9,,,10,270
2010305N06105,2010,JAL,2010-11-02 21:00:00,TS,8.3,95.4,,,10,270
2010305N06105,2010,JAL,2010-11-03 00:00:00,TS,8.3,94.9,,,9,270
2010305N06105,2010,JAL,2010-11-03 03:00:00,TS,8.3,94.4,,,9,270
2010305N06105,2010,JAL,2010-11-03 06:00:00,TS,8.3,94.0,,,8,270
2010305N06105,2010,JAL,2010-11-03 09:00:00,TS,8.3,93.6,,,8,270
2010305N06105,2010,JAL,2010-11-03 12:00:00,TS,8.3,93.2,,,8,275
2010305N06105,2010,JAL,2010-11-03 15:00:00,TS,8.3,92.8,,,9,275
2010305N06105,2010,JAL,2010-11-03 18:00:00,TS,8.4,92.3,,,9,275
2010305N06105,2010,JAL,2010-11-03 21:00:00,TS,8.4,91.9,,,7,270
2010305N06105,2010,JAL,2010-11-04 00:00:00,TS,8.4,91.6,25.0,1002.0,8,280
2010305N06105,2010,JAL,2010-11-04 03:00:00,TS,8.6,91.1,25.0,1002.0,9,285
2010305N06105,2010,JAL,2010-11-04 06:00:00,TS,8.6,90.7,25.0,1002.0,8,275
2010305N06105,2010,JAL,2010-11-04 09:00:00,TS,8.6,90.3,25.0,1002.0,7,275
2010305N06105,2010,JAL,2010-11-04 12:00:00,TS,8.7,90.0,25.0,1002.0,6,275
2010305N06105,2010,JAL,2010-11-04 15:00:00,TS,8.7,89.7,25.0,1002.0,6,280
2010305N06105,2010,JAL,2010-11-04 18:00:00,TS,8.8,89.4,25.0,1002.0,8,290
2010305N06105,2010,JAL,2010-11-04 21:00:00,TS,8.9,89.0,28.0,1001.0,9,295
2010305N06105,2010,JAL,2010-11-05 00:00:00,TS,9.1,88.6,30.0,1000.0,9,285
2010305N06105,2010,JAL,2010-11-05 03:00:00,TS,9.1,88.1,30.0,1000.0,8,275
2010305N06105,2010,JAL,2010-11-05 06:00:00,TS,9.2,87.7,35.0,998.0,6,280
2010305N06105,2010,JAL,2010-11-05 09:00:00,TS,9.3,87.5,40.0,996.0,8,300
2010305N06105,2010,JAL,2010-11-05 12:00:00,TS,9.6,87.1,45.0,994.0,7,305
2010305N06105,2010,JAL,2010-11-05 15:00:00,TS,9.7,86.9,45.0,994.0,7,310
2010305N06105,2010,JAL,2010-11-05 18:00:00,TS,10.1,86.5,50.0,992.0,9,300
2010305N06105,2010,JAL,2010-11-05 21:00:00,TS,10.1,86.1,55.0,990.0,8,280
2010305N06105,2010,JAL,2010-11-06 00:00:00,TS,10.2,85.8,55.0,990.0,5,285
2010305N06105,2010,JAL,2010-11-06 03:00:00,TS,10.3,85.6,55.0,990.0,5,285
2010305N06105,2010,JAL,2010-11-06 06:00:00,TS,10.4,85.3,55.0,990.0,6,290
2010305N06105,2010,JAL,2010-11-06 09:00:00,TS,10.5,85.1,55.0,990.0,10,320
2010305N06105,2010,JAL,2010-11-06 12:00:00,TS,11.1,84.6,60.0,988.0,10,320
2010305N06105,2010,JAL,2010-11-06 15:00:00,TS,11.2,84.4,60.0,988.0,7,285
2010305N06105,2010,JAL,2010-11-06 18:00:00,TS,11.3,84.0,60.0,988.0,7,290
2010305N06105,2010,JAL,2010-11-06 21:00:00,TS,11.4,83.7,60.0,988.0,8,290
2010305N06105,2010,JAL,2010-11-07 00:00:00,TS,11.6,83.2,60.0,988.0,13,305
2010305N06105,2010,JAL,2010-11-07 03:00:00,TS,12.2,82.7,55.0,990.0,12,305
2010305N06105,2010,JAL,2010-11-07 06:00:00,TS,12.3,82.2,45.0,992.0,11,280
2010305N06105,2010,JAL,2010-11-07 09:00:00,TS,12.3,81.5,40.0,994.0,12,305
2010305N06105,2010,JAL,2010-11-07 12:00:00,TS,13.0,81.1,30.0,996.0,11,305
2010305N06105,2010,JAL,2010-11-07 15:00:00,TS,13.0,80.6,30.0,998.0,11,280
2010305N06105,2010,JAL,2010-11-07 18:00:00,TS,13.1,80.0,30.0,1000.0,12,295
2010305N06105,2010,JAL,2010-11-07 21:00:00,TS,13.5,79.5,28.0,1001.0,16,315
2010305N06105,2010,JAL,2010-11-08 00:00:00,TS,14.2,78.9,25.0,1002.0,20,315
2010305N06105,2010,JAL,2010-11-08 03:00:00,TS,15.0,78.0,25.0,1004.0,23,310
2010341N14082,2010,UNNAMED,2010-12-07 03:00:00,TS,14.0,82.0,25.0,1000.0,10,0
2010341N14082,2010,UNNAMED,2010-12-07 06:00:00,TS,14.5,82.0,25.0,1000.0,8,345
2010341N14082,2010,UNNAMED,2010-12-07 09:00:00,TS,14.8,81.8,25.0,1000.0,7,315
2010341N14082,2010,UNNAMED,2010-12-07 12:00:00,TS,15.0,81.5,25.0,1000.0,7,310
2010341N14082,2010,UNNAMED,2010-12-07 15:00:00,TS,15.2,81.3,25.0,1000.0,7,315
2010341N14082,2010,UNNAMED,2010-12-07 18:00:00,TS,15.5,81.0,25.0,1000.0,9,305
2010341N14082,2010,UNNAMED,2010-12-07 21:00:00,TS,15.8,80.6,23.0,1000.0,11,295
2010341N14082,2010,UNNAMED,2010-12-08 00:00:00,TS,16.0,80.0,20.0,1000.0,12,295
2011033N06083,2011,UNNAMED,2011-02-02 09:00:00,TS,6.5,82.5,25.0,1002.0,0,0
2011033N06083,2011,UNNAMED,2011-02-02 12:00:00,TS,6.5,82.5,25.0,1002.0,0,0
2011033N06083,2011,UNNAMED,2011-02-02 15:00:00,TS,6.5,82.5,25.0,1002.0,0,0
2011033N06083,2011,UNNAMED,2011-02-02 18:00:00,TS,6.5,82.5,25.0,1002.0,0,0
2011160N18070,2011,UNNAMED,2011-06-09 06:00:00,DS,18.1,69.9,,,4,65
2011160N18070,2011,UNNAMED,2011-06-09 09:00:00,DS,18.2,70.1,,,4,60
2011160N18070,2011,UNNAMED,2011-06-09 12:00:00,TS,18.3,70.3,,,4,55
2011160N18070,2011,UNNAMED,2011-06-09 15:00:00,TS,18.4,70.5,,,4,45
2011160N18070,2011,UNNAMED,2011-06-09 18:00:00,TS,18.6,70.6,,,4,25
2011160N18070,2011,UNNAMED,2011-06-09 21:00:00,TS,18.8,70.6,,,4,15
2011160N18070,2011,UNNAMED,2011-06-10 00:00:00,TS,19.0,70.7,,,3,35
2011160N18070,2011,UNNAMED,2011-06-10 03:00:00,TS,19.1,70.9,,,4,75
2011160N18070,2011,UNNAMED,2011-06-10 06:00:00,TS,19.1,71.1,,,5,95
2011160N18070,2011,UNNAMED,2011-06-10 09:00:00,TS,19.1,71.4,,,6,100
2011160N18070,2011,UNNAMED,2011-06-10 12:00:00,TS,19.0,71.7,,,4,90
2011160N18070,2011,UNNAMED,2011-06-10 15:00:00,TS,19.0,71.8,,,2,60
2011160N18070,2011,UNNAMED,2011-06-10 18:00:00,TS,19.1,71.9,,,2,60
2011160N18070,2011,UNNAMED,2011-06-10 21:00:00,TS,19.1,72.0,,,2,60
2011160N18070,2011,UNNAMED,2011-06-11 00:00:00,TS,19.2,72.1,,,2,15
2011160N18070,2011,UNNAMED,2011-06-11 03:00:00,TS,19.3,72.1,,,3,345
2011160N18070,2011,UNNAMED,2011-06-11 06:00:00,TS,19.5,72.0,,,5,335
2011160N18070,2011,UNNAMED,2011-06-11 09:00:00,TS,19.7,71.9,,,6,325
2011160N18070,2011,UNNAMED,2011-06-11 12:00:00,TS,20.0,71.7,25.0,996.0,4,315
2011160N18070,2011,UNNAMED,2011-06-11 15:00:00,TS,20.1,71.6,25.0,996.0,3,305
2011160N18070,2011,UNNAMED,2011-06-11 18:00:00,TS,20.2,71.4,25.0,996.0,6,310
2011160N18070,2011,UNNAMED,2011-06-11 21:00:00,TS,20.5,71.0,25.0,996.0,8,310
2011160N18070,2011,UNNAMED,2011-06-12 00:00:00,TS,20.7,70.7,25.0,996.0,5,285
2011160N18070,2011,UNNAMED,2011-06-12 03:00:00,TS,20.6,70.6,20.0,998.0,4,245
2011160N18070,2011,UNNAMED,2011-06-12 06:00:00,MX,20.6,70.4,20.0,999.0,4,265
2011160N18070,2011,UNNAMED,2011-06-12 09:00:00,DS,20.6,70.2,,,4,325
2011160N18070,2011,UNNAMED,2011-06-12 12:00:00,TS,20.9,70.1,,,6,350
2011167N22089,2011,UNNAMED,2011-06-16 03:00:00,TS,21.5,89.0,25.0,986.0,0,0
2011167N22089,2011,UNNAMED,2011-06-16 06:00:00,TS,21.5,89.0,25.0,986.0,2,0
2011167N22089,2011,UNNAMED,2011-06-16 09:00:00,TS,21.7,89.0,28.0,985.0,5,0
2011167N22089,2011,UNNAMED,2011-06-16 12:00:00,TS,22.0,89.0,30.0,984.0,6,0
2011167N22089,2011,UNNAMED,2011-06-16 15:00:00,TS,22.3,89.0,30.0,984.0,5,0
2011167N22089,2011,UNNAMED,2011-06-16 18:00:00,TS,22.5,89.0,30.0,984.0,2,5
2011167N22089,2011,UNNAMED,2011-06-16 21:00:00,TS,22.5,89.0,30.0,984.0,0,0
2011167N22089,2011,UNNAMED,2011-06-17 00:00:00,TS,22.5,89.0,30.0,984.0,0,150
2011167N22089,2011,UNNAMED,2011-06-17 03:00:00,TS,22.5,89.0,30.0,984.0,6,305
2011167N22089,2011,UNNAMED,2011-06-17 06:00:00,TS,22.8,88.5,35.0,978.0,9,300
2011167N22089,2011,UNNAMED,2011-06-17 09:00:00,TS,23.0,88.2,30.0,980.0,5,295
2011167N22089,2011,UNNAMED,2011-06-17 12:00:00,TS,23.0,88.0,25.0,982.0,2,290
2011167N22089,2011,UNNAMED,2011-06-17 15:00:00,TS,23.0,88.0,25.0,983.0,0,0
2011167N22089,2011,UNNAMED,2011-06-17 18:00:00,TS,23.0,88.0,25.0,984.0,2,265
2011167N22089,2011,UNNAMED,2011-06-17 21:00:00,TS,23.0,87.8,25.0,984.0,5,270
2011167N22089,2011,UNNAMED,2011-06-18 00:00:00,TS,23.0,87.5,25.0,984.0,8,270
2011167N22089,2011,UNNAMED,2011-06-18 03:00:00,TS,23.0,87.0,25.0,984.0,5,270
2011167N22089,2011,UNNAMED,2011-06-18 06:00:00,TS,23.0,87.0,25.0,984.0,0,90
2011167N22089,2011,UNNAMED,2011-06-18 09:00:00,TS,23.0,87.0,25.0,984.0,0,0
2011167N22089,2011,UNNAMED,2011-06-18 12:00:00,TS,23.0,87.0,25.0,984.0,2,270
2011167N22089,2011,UNNAMED,2011-06-18 15:00:00,TS,23.0,86.8,25.0,985.0,5,270
2011167N22089,2011,UNNAMED,2011-06-18 18:00:00,TS,23.0,86.5,25.0,986.0,5,255
2011167N22089,2011,UNNAMED,2011-06-18 21:00:00,TS,22.9,86.3,25.0,986.0,5,270
2011167N22089,2011,UNNAMED,2011-06-19 00:00:00,TS,23.0,86.0,25.0,986.0,10,310
2011167N22089,2011,UNNAMED,2011-06-19 03:00:00,TS,23.5,85.5,25.0,987.0,7,315
2011167N22089,2011,UNNAMED,2011-06-19 06:00:00,TS,23.5,85.5,25.0,987.0,2,270
2011167N22089,2011,UNNAMED,2011-06-19 09:00:00,TS,23.5,85.3,25.0,987.0,5,270
2011167N22089,2011,UNNAMED,2011-06-19 12:00:00,TS,23.5,85.0,25.0,987.0,5,270
2011167N22089,2011,UNNAMED,2011-06-19 15:00:00,TS,23.5,84.8,25.0,987.0,5,270
2011167N22089,2011,UNNAMED,2011-06-19 18:00:00,TS,23.5,84.5,25.0,987.0,4,265
2011167N22089,2011,UNNAMED,2011-06-19 21:00:00,TS,23.5,84.3,25.0,987.0,5,270
2011167N22089,2011,UNNAMED,2011-06-20 00:00:00,TS,23.5,84.0,25.0,987.0,8,290
2011167N22089,2011,UNNAMED,2011-06-20 03:00:00,TS,23.7,83.5,25.0,987.0,5,295
2011167N22089,2011,UNNAMED,2011-06-20 06:00:00,TS,23.7,83.5,20.0,990.0,3,305
2011167N22089,2011,UNNAMED,2011-06-20 09:00:00,TS,23.8,83.3,20.0,990.0,5,305
2011167N22089,2011,UNNAMED,2011-06-20 12:00:00,TS,24.0,83.0,20.0,990.0,3,300
2011167N22089,2011,UNNAMED,2011-06-20 15:00:00,TS,24.0,83.0,20.0,990.0,0,0
2011167N22089,2011,UNNAMED,2011-06-20 18:00:00,TS,24.0,83.0,20.0,990.0,3,330
2011167N22089,2011,UNNAMED,2011-06-20 21:00:00,TS,24.3,82.8,20.0,990.0,7,320
2011167N22089,2011,UNNAMED,2011-06-21 00:00:00,TS,24.5,82.5,20.0,990.0,8,285
2011167N22089,2011,UNNAMED,2011-06-21 03:00:00,TS,24.5,82.0,20.0,990.0,9,270
2011167N22089,2011,UNNAMED,2011-06-21 06:00:00,TS,24.5,81.5,20.0,990.0,8,270
2011167N22089,2011,UNNAMED,2011-06-21 09:00:00,TS,24.5,81.2,20.0,990.0,5,270
2011167N22089,2011,UNNAMED,2011-06-21 12:00:00,TS,24.5,81.0,20.0,990.0,1,270
2011167N22089,2011,UNNAMED,2011-06-21 15:00:00,TS,24.5,81.0,20.0,990.0,0,0
2011167N22089,2011,UNNAMED,2011-06-21 18:00:00,TS,24.5,81.0,20.0,990.0,1,270
2011167N22089,2011,UNNAMED,2011-06-21 21:00:00,TS,24.5,80.8,20.0,991.0,5,270
2011167N22089,2011,UNNAMED,2011-06-22 00:00:00,TS,24.5,80.5,20.0,991.0,8,270
2011167N22089,2011,UNNAMED,2011-06-22 03:00:00,TS,24.5,80.0,20.0,992.0,5,270
2011167N22089,2011,UNNAMED,2011-06-22 06:00:00,TS,24.5,80.0,20.0,992.0,3,270
2011167N22089,2011,UNNAMED,2011-06-22 09:00:00,TS,24.5,79.6,20.0,993.0,8,270
2011167N22089,2011,UNNAMED,2011-06-22 12:00:00,TS,24.5,79.1,20.0,994.0,8,270
2011167N22089,2011,UNNAMED,2011-06-22 15:00:00,TS,24.5,78.7,20.0,993.0,5,270
2011167N22089,2011,UNNAMED,2011-06-22 18:00:00,TS,24.5,78.5,20.0,992.0,4,270
2011203N24085,2011,UNNAMED,2011-07-22 03:00:00,TS,23.5,84.5,20.0,990.0,14,315
2011203N24085,2011,UNNAMED,2011-07-22 06:00:00,TS,24.0,84.0,20.0,990.0,7,320
2011203N24085,2011,UNNAMED,2011-07-22 09:00:00,TS,24.0,84.0,20.0,990.0,9,270
2011203N24085,2011,UNNAMED,2011-07-22 12:00:00,TS,24.0,83.0,20.0,990.0,17,270
2011203N24085,2011,UNNAMED,2011-07-22 15:00:00,TS,24.0,82.2,20.0,991.0,14,270
2011203N24085,2011,UNNAMED,2011-07-22 18:00:00,TS,24.0,81.5,20.0,992.0,11,280
2011203N24085,2011,UNNAMED,2011-07-22 21:00:00,TS,24.2,81.0,20.0,992.0,10,300
2011203N24085,2011,UNNAMED,2011-07-23 00:00:00,TS,24.5,80.5,20.0,992.0,10,305
2011265N21088,2011,UNNAMED,2011-09-22 03:00:00,TS,21.5,87.5,4.0,998.0,4,300
2011265N21088,2011,UNNAMED,2011-09-22 06:00:00,TS,21.6,87.3,4.0,998.0,3,300
2011265N21088,2011,UNNAMED,2011-09-22 09:00:00,TS,21.7,87.2,4.0,997.0,1,315
2011265N21088,2011,UNNAMED,2011-09-22 12:00:00,TS,21.7,87.2,4.0,995.0,1,300
2011265N21088,2011,UNNAMED,2011-09-22 15:00:00,TS,21.7,87.1,4.0,997.0,2,300
2011265N21088,2011,UNNAMED,2011-09-22 18:00:00,TS,21.8,87.0,4.0,998.0,6,320
2011265N21088,2011,UNNAMED,2011-09-22 21:00:00,TS,22.2,86.7,4.0,999.0,8,325
2011265N21088,2011,UNNAMED,2011-09-23 00:00:00,TS,22.5,86.5,4.0,1000.0,4,330
2011265N21088,2011,UNNAMED,2011-09-23 03:00:00,TS,22.5,86.5,4.0,1002.0,0,0
2011265N21088,2011,UNNAMED,2011-09-23 06:00:00,TS,22.5,86.5,4.0,1004.0,0,0
2011290N15090,2011,UNNAMED,2011-10-17 00:00:00,DS,15.2,89.5,,,4,320
2011290N15090,2011,UNNAMED,2011-10-17 03:00:00,DS,15.3,89.4,,,4,315
2011290N15090,2011,UNNAMED,2011-10-17 06:00:00,DS,15.5,89.2,,,5,310
2011290N15090,2011,UNNAMED,2011-10-17 09:00:00,DS,15.7,89.0,,,6,315
2011290N15090,2011,UNNAMED,2011-10-17 12:00:00,DS,15.9,88.8,,,6,330
2011290N15090,2011,UNNAMED,2011-10-17 15:00:00,DS,16.2,88.7,,,7,345
2011290N15090,2011,UNNAMED,2011-10-17 18:00:00,DS,16.6,88.6,,,8,355
2011290N15090,2011,UNNAMED,2011-10-17 21:00:00,DS,17.0,88.6,,,8,0
2011290N15090,2011,UNNAMED,2011-10-18 00:00:00,DS,17.4,88.6,,,9,350
2011290N15090,2011,UNNAMED,2011-10-18 03:00:00,DS,17.8,88.4,,,9,350
2011290N15090,2011,UNNAMED,2011-10-18 06:00:00,DS,18.3,88.4,,,10,15
2011290N15090,2011,UNNAMED,2011-10-18 09:00:00,DS,18.8,88.7,,,12,40
2011290N15090,2011,UNNAMED,2011-10-18 12:00:00,TS,19.2,89.2,,,11,50
2011290N15090,2011,UNNAMED,2011-10-18 15:00:00,TS,19.5,89.7,,,10,60
2011290N15090,2011,UNNAMED,2011-10-18 18:00:00,TS,19.7,90.1,,,10,60
2011290N15090,2011,UNNAMED,2011-10-18 21:00:00,TS,20.0,90.5,,,8,55
2011290N15090,2011,UNNAMED,2011-10-19 00:00:00,TS,20.2,90.8,3.0,1002.0,7,60
2011290N15090,2011,UNNAMED,2011-10-19 03:00:00,TS,20.3,91.1,3.0,1000.0,8,60
2011290N15090,2011,UNNAMED,2011-10-19 06:00:00,TS,20.6,91.5,5.0,1000.0,8,45
2011290N15090,2011,UNNAMED,2011-10-19 09:00:00,TS,20.9,91.8,5.0,1000.0,8,40
2011290N15090,2011,UNNAMED,2011-10-19 12:00:00,TS,21.2,92.0,5.0,1000.0,7,45
2011290N15090,2011,UNNAMED,2011-10-19 15:00:00,TS,21.4,92.3,5.0,1001.0,7,55
2011290N15090,2011,UNNAMED,2011-10-19 18:00:00,TS,21.5,92.7,5.0,1002.0,6,75
2011290N15090,2011,UNNAMED,2011-10-19 21:00:00,TS,21.6,93.0,4.0,1003.0,8,95
2011290N15090,2011,UNNAMED,2011-10-20 00:00:00,TS,21.5,93.5,3.0,1004.0,10,95
2011302N13062,2011,KEILA,2011-10-29 06:00:00,TS,13.0,62.0,25.0,1004.0,12,270
2011302N13062,2011,KEILA,2011-10-29 09:00:00,TS,13.0,61.4,25.0,1004.0,10,270
2011302N13062,2011,KEILA,2011-10-29 12:00:00,TS,13.0,61.0,25.0,1004.0,4,270
2011302N13062,2011,KEILA,2011-10-29 15:00:00,TS,13.0,61.0,25.0,1004.0,0,0
2011302N13062,2011,KEILA,2011-10-29 18:00:00,TS,13.0,61.0,25.0,1004.0,1,270
2011302N13062,2011,KEILA,2011-10-29 21:00:00,TS,13.0,60.8,25.0,1004.0,5,270
2011302N13062,2011,KEILA,2011-10-30 00:00:00,TS,13.0,60.5,25.0,1004.0,8,270
2011302N13062,2011,KEILA,2011-10-30 03:00:00,TS,13.0,60.0,25.0,1004.0,5,270
2011302N13062,2011,KEILA,2011-10-30 06:00:00,TS,13.0,60.0,25.0,1002.0,3,315
2011302N13062,2011,KEILA,2011-10-30 09:00:00,TS,13.2,59.8,25.0,1002.0,7,315
2011302N13062,2011,KEILA,2011-10-30 12:00:00,TS,13.5,59.5,25.0,1002.0,8,315
2011302N13062,2011,KEILA,2011-10-30 15:00:00,TS,13.8,59.2,25.0,1002.0,7,315
2011302N13062,2011,KEILA,2011-10-30 18:00:00,TS,14.0,59.0,25.0,1002.0,5,340
2011302N13062,2011,KEILA,2011-10-30 21:00:00,TS,14.2,59.1,25.0,1002.0,5,0
2011302N13062,2011,KEILA,2011-10-31 00:00:00,TS,14.5,59.0,25.0,1002.0,10,325
2011302N13062,2011,KEILA,2011-10-31 03:00:00,TS,15.0,58.5,25.0,1000.0,25,310
2011302N13062,2011,KEILA,2011-10-31 06:00:00,TS,16.0,57.0,25.0,1000.0,19,310
2011302N13062,2011,KEILA,2011-10-31 09:00:00,TS,16.2,57.0,25.0,1000.0,5,90
2011302N13062,2011,KEILA,2011-10-31 12:00:00,TS,16.0,57.5,25.0,1000.0,4,120
2011302N13062,2011,KEILA,2011-10-31 15:00:00,TS,16.0,57.3,25.0,1000.0,5,270
2011302N13062,2011,KEILA,2011-10-31 18:00:00,TS,16.0,57.0,25.0,1000.0,5,270
2011302N13062,2011,KEILA,2011-10-31 21:00:00,TS,16.0,56.8,25.0,1000.0,4,260
2011302N13062,2011,KEILA,2011-11-01 00:00:00,MX,15.9,56.6,25.0,1000.0,6,260
2011302N13062,2011,KEILA,2011-11-01 03:00:00,MX,15.9,56.2,30.0,1000.0,4,265
2011302N13062,2011,KEILA,2011-11-01 06:00:00,MX,15.9,56.1,30.0,1000.0,3,270
2011302N13062,2011,KEILA,2011-11-01 09:00:00,MX,15.9,55.9,30.0,1000.0,5,275
2011302N13062,2011,KEILA,2011-11-01 12:00:00,TS,16.0,55.7,30.0,1000.0,4,275
2011302N13062,2011,KEILA,2011-11-01 15:00:00,TS,16.0,55.5,30.0,1000.0,2,285
2011302N13062,2011,KEILA,2011-11-01 18:00:00,TS,16.0,55.5,30.0,1000.0,2,295
2011302N13062,2011,KEILA,2011-11-01 21:00:00,TS,16.0,55.4,30.0,1000.0,2,295
2011302N13062,2011,KEILA,2011-11-02 00:00:00,TS,16.1,55.3,30.0,1000.0,3,290
2011302N13062,2011,KEILA,2011-11-02 03:00:00,TS,16.2,55.0,35.0,998.0,5,285
2011302N13062,2011,KEILA,2011-11-02 06:00:00,TS,16.3,54.8,35.0,996.0,3,305
2011302N13062,2011,KEILA,2011-11-02 09:00:00,TS,16.4,54.7,35.0,996.0,5,0
2011302N13062,2011,KEILA,2011-11-02 12:00:00,TS,16.7,54.8,35.0,996.0,5,345
2011302N13062,2011,KEILA,2011-11-02 15:00:00,TS,16.9,54.6,35.0,996.0,4,320
2011302N13062,2011,KEILA,2011-11-02 18:00:00,TS,17.0,54.5,30.0,1000.0,2,325
2011302N13062,2011,KEILA,2011-11-02 21:00:00,TS,17.0,54.5,30.0,1000.0,1,135
2011302N13062,2011,KEILA,2011-11-03 00:00:00,TS,17.0,54.6,30.0,1000.0,1,65
2011302N13062,2011,KEILA,2011-11-03 03:00:00,TS,17.0,54.6,30.0,1000.0,2,10
2011302N13062,2011,KEILA,2011-11-03 06:00:00,TS,17.1,54.6,30.0,1000.0,2,60
2011302N13062,2011,KEILA,2011-11-03 09:00:00,TS,17.1,54.7,30.0,1000.0,3,90
2011302N13062,2011,KEILA,2011-11-03 12:00:00,TS,17.1,54.9,30.0,1000.0,3,95
2011302N13062,2011,KEILA,2011-11-03 15:00:00,TS,17.1,55.1,30.0,1001.0,2,100
2011302N13062,2011,KEILA,2011-11-03 18:00:00,TS,17.1,55.2,30.0,1001.0,1,160
2011302N13062,2011,KEILA,2011-11-03 21:00:00,TS,17.0,55.1,30.0,1001.0,4,215
2011302N13062,2011,KEILA,2011-11-04 00:00:00,TS,16.7,54.9,30.0,1001.0,7,220
2011302N13062,2011,KEILA,2011-11-04 03:00:00,TS,16.4,54.7,25.0,1002.0,7,235
2011302N13062,2011,KEILA,2011-11-04 06:00:00,TS,16.3,54.3,,,6,240
2011302N13062,2011,KEILA,2011-11-04 09:00:00,TS,16.1,54.1,,,5,230
2011302N13062,2011,KEILA,2011-11-04 12:00:00,TS,16.0,53.9,,,4,240
2011302N13062,2011,KEILA,2011-11-04 15:00:00,TS,15.9,53.7,,,4,255
2011302N13062,2011,KEILA,2011-11-04 18:00:00,TS,15.9,53.5,,,4,265
2011302N13062,2011,KEILA,2011-11-04 21:00:00,TS,15.9,53.2,,,5,280
2011302N13062,2011,KEILA,2011-11-05 00:00:00,TS,16.0,53.0,,,6,310
2011302N13062,2011,KEILA,2011-11-05 03:00:00,TS,16.3,52.8,,,7,325
2011302N13062,2011,KEILA,2011-11-05 06:00:00,TS,16.6,52.6,,,8,330
2011310N11066,2011,UNNAMED,2011-11-06 06:00:00,TS,10.5,65.5,25.0,1004.0,2,115
2011310N11066,2011,UNNAMED,2011-11-06 09:00:00,TS,10.4,65.6,25.0,1004.0,0,0
2011310N11066,2011,UNNAMED,2011-11-06 12:00:00,TS,10.5,65.5,25.0,1004.0,6,295
2011310N11066,2011,UNNAMED,2011-11-06 15:00:00,TS,10.7,65.0,25.0,1004.0,11,295
2011310N11066,2011,UNNAMED,2011-11-06 18:00:00,TS,11.0,64.5,25.0,1004.0,10,310
2011310N11066,2011,UNNAMED,2011-11-06 21:00:00,TS,11.3,64.3,25.0,1003.0,7,315
2011310N11066,2011,UNNAMED,2011-11-07 00:00:00,TS,11.5,64.0,25.0,1002.0,8,285
2011310N11066,2011,UNNAMED,2011-11-07 03:00:00,TS,11.5,63.5,25.0,1002.0,22,295
2011310N11066,2011,UNNAMED,2011-11-07 06:00:00,TS,12.5,62.0,25.0,1002.0,30,305
2011310N11066,2011,UNNAMED,2011-11-07 09:00:00,TS,13.2,61.0,25.0,1002.0,17,300
2011310N11066,2011,UNNAMED,2011-11-07 12:00:00,MX,13.4,60.5,25.0,1002.0,7,290
2011310N11066,2011,UNNAMED,2011-11-07 15:00:00,MX,13.4,60.3,25.0,1002.0,3,260
2011310N11066,2011,UNNAMED,2011-11-07 18:00:00,TS,13.4,60.2,25.0,1002.0,3,280
2011310N11066,2011,UNNAMED,2011-11-07 21:00:00,TS,13.5,60.0,25.0,1002.0,5,300
2011310N11066,2011,UNNAMED,2011-11-08 00:00:00,TS,13.6,59.8,25.0,1002.0,3,295
2011310N11066,2011,UNNAMED,2011-11-08 03:00:00,TS,13.6,59.7,30.0,1000.0,5,285
2011310N11066,2011,UNNAMED,2011-11-08 06:00:00,TS,13.8,59.3,30.0,1000.0,6,300
2011310N11066,2011,UNNAMED,2011-11-08 09:00:00,TS,13.9,59.1,30.0,1000.0,5,325
2011310N11066,2011,UNNAMED,2011-11-08 12:00:00,TS,14.2,59.0,30.0,1000.0,5,330
2011310N11066,2011,UNNAMED,2011-11-08 15:00:00,TS,14.4,58.8,30.0,1000.0,6,330
2011310N11066,2011,UNNAMED,2011-11-08 18:00:00,TS,14.7,58.7,30.0,1000.0,6,340
2011310N11066,2011,UNNAMED,2011-11-08 21:00:00,TS,14.9,58.6,30.0,1000.0,5,350
2011310N11066,2011,UNNAMED,2011-11-09 00:00:00,TS,15.1,58.6,30.0,1000.0,3,340
2011310N11066,2011,UNNAMED,2011-11-09 03:00:00,TS,15.2,58.5,30.0,1000.0,2,330
2011310N11066,2011,UNNAMED,2011-11-09 06:00:00,TS,15.3,58.5,30.0,1000.0,3,350
2011310N11066,2011,UNNAMED,2011-11-09 09:00:00,TS,15.4,58.5,28.0,1001.0,4,0
2011310N11066,2011,UNNAMED,2011-11-09 12:00:00,TS,15.7,58.5,25.0,1002.0,3,5
2011310N11066,2011,UNNAMED,2011-11-09 15:00:00,TS,15.7,58.5,25.0,1002.0,1,15
2011310N11066,2011,UNNAMED,2011-11-09 18:00:00,TS,15.8,58.6,25.0,1002.0,3,0
2011310N11066,2011,UNNAMED,2011-11-09 21:00:00,TS,16.0,58.5,25.0,1002.0,5,355
2011310N11066,2011,UNNAMED,2011-11-10 00:00:00,TS,16.2,58.5,25.0,1002.0,2,315
2011310N11066,2011,UNNAMED,2011-11-10 03:00:00,TS,16.2,58.4,25.0,1002.0,4,215
2011310N11066,2011,UNNAMED,2011-11-10 06:00:00,TS,15.9,58.3,,,8,170
2011310N11066,2011,UNNAMED,2011-11-10 09:00:00,TS,15.4,58.6,,,11,155
2011310N11066,2011,UNNAMED,2011-11-10 12:00:00,TS,14.9,58.8,,,8,160
2011310N11066,2011,UNNAMED,2011-11-10 15:00:00,TS,14.7,58.8,,,4,205
2011310N11066,2011,UNNAMED,2011-11-10 18:00:00,TS,14.5,58.6,,,8,245
2011310N11066,2011,UNNAMED,2011-11-10 21:00:00,TS,14.3,58.1,,,11,250
2011310N11066,2011,UNNAMED,2011-11-11 00:00:00,TS,14.1,57.5,,,10,245
2011310N11066,2011,UNNAMED,2011-11-11 03:00:00,TS,13.9,57.1,,,8,240
2011310N11066,2011,UNNAMED,2011-11-11 06:00:00,DS,13.7,56.8,,,6,240
2011310N11066,2011,UNNAMED,2011-11-11 09:00:00,DS,13.6,56.5,,,5,250
2011310N11066,2011,UNNAMED,2011-11-11 12:00:00,DS,13.5,56.3,,,5,250
2011330N06078,2011,UNNAMED,2011-11-25 12:00:00,TS,6.0,78.1,,,12,310
2011330N06078,2011,UNNAMED,2011-11-25 15:00:00,TS,6.4,77.6,,,12,310
2011330N06078,2011,UNNAMED,2011-11-25 18:00:00,TS,6.8,77.2,,,12,315
2011330N06078,2011,UNNAMED,2011-11-25 21:00:00,TS,7.2,76.8,,,11,315
2011330N06078,2011,UNNAMED,2011-11-26 00:00:00,TS,7.6,76.4,,,9,315
2011330N06078,2011,UNNAMED,2011-11-26 03:00:00,TS,7.9,76.1,25.0,1002.0,10,310
2011330N06078,2011,UNNAMED,2011-11-26 06:00:00,TS,8.2,75.6,25.0,1002.0,11,305
2011330N06078,2011,UNNAMED,2011-11-26 09:00:00,TS,8.5,75.2,25.0,1001.0,9,305
2011330N06078,2011,UNNAMED,2011-11-26 12:00:00,TS,8.7,74.9,25.0,1000.0,6,310
2011330N06078,2011,UNNAMED,2011-11-26 15:00:00,TS,8.8,74.7,25.0,1000.0,5,310
2011330N06078,2011,UNNAMED,2011-11-26 18:00:00,TS,9.1,74.5,25.0,1000.0,8,315
2011330N06078,2011,UNNAMED,2011-11-26 21:00:00,TS,9.4,74.1,25.0,1000.0,13,315
2011330N06078,2011,UNNAMED,2011-11-27 00:00:00,TS,10.0,73.6,25.0,1000.0,18,315
2011330N06078,2011,UNNAMED,2011-11-27 03:00:00,TS,10.7,72.9,25.0,1000.0,17,315
2011330N06078,2011,UNNAMED,2011-11-27 06:00:00,TS,11.2,72.4,25.0,1000.0,14,315
2011330N06078,2011,UNNAMED,2011-11-27 09:00:00,TS,11.6,71.9,25.0,1000.0,13,315
2011330N06078,2011,UNNAMED,2011-11-27 12:00:00,TS,12.1,71.5,25.0,1000.0,11,315
2011330N06078,2011,UNNAMED,2011-11-27 15:00:00,TS,12.4,71.1,25.0,1000.0,10,310
2011330N06078,2011,UNNAMED,2011-11-27 18:00:00,TS,12.8,70.7,25.0,1000.0,11,315
2011330N06078,2011,UNNAMED,2011-11-27 21:00:00,TS,13.2,70.2,28.0,999.0,13,315
2011330N06078,2011,UNNAMED,2011-11-28 00:00:00,TS,13.7,69.8,30.0,998.0,13,315
2011330N06078,2011,UNNAMED,2011-11-28 03:00:00,TS,14.1,69.3,30.0,998.0,13,315
2011330N06078,2011,UNNAMED,2011-11-28 06:00:00,TS,14.6,68.9,30.0,998.0,11,310
2011330N06078,2011,UNNAMED,2011-11-28 09:00:00,TS,14.8,68.4,30.0,998.0,9,305
2011330N06078,2011,UNNAMED,2011-11-28 12:00:00,TS,15.1,68.1,30.0,998.0,8,305
2011330N06078,2011,UNNAMED,2011-11-28 15:00:00,TS,15.3,67.8,30.0,998.0,7,315
2011330N06078,2011,UNNAMED,2011-11-28 18:00:00,TS,15.5,67.6,30.0,998.0,5,295
2011330N06078,2011,UNNAMED,2011-11-28 21:00:00,TS,15.5,67.3,30.0,998.0,5,275
2011330N06078,2011,UNNAMED,2011-11-29 00:00:00,TS,15.6,67.1,30.0,998.0,5,285
2011330N06078,2011,UNNAMED,2011-11-29 03:00:00,TS,15.6,66.8,30.0,998.0,6,300
2011330N06078,2011,UNNAMED,2011-11-29 06:00:00,TS,15.9,66.6,30.0,998.0,6,320
2011330N06078,2011,UNNAMED,2011-11-29 09:00:00,TS,16.1,66.4,28.0,999.0,5,330
2011330N06078,2011,UNNAMED,2011-11-29 12:00:00,TS,16.3,66.3,25.0,1000.0,7,305
2011330N06078,2011,UNNAMED,2011-11-29 15:00:00,TS,16.5,65.9,25.0,1000.0,10,295
2011330N06078,2011,UNNAMED,2011-11-29 18:00:00,TS,16.7,65.4,25.0,1000.0,11,290
2011330N06078,2011,UNNAMED,2011-11-29 21:00:00,TS,16.9,64.9,25.0,1000.0,10,295
2011330N06078,2011,UNNAMED,2011-11-30 00:00:00,TS,17.1,64.5,25.0,1000.0,6,305
2011330N06078,2011,UNNAMED,2011-11-30 03:00:00,TS,17.2,64.3,25.0,1000.0,9,310
2011330N06078,2011,UNNAMED,2011-11-30 06:00:00,TS,17.7,63.7,25.0,1000.0,12,315
2011330N06078,2011,UNNAMED,2011-11-30 09:00:00,TS,18.1,63.5,25.0,1000.0,8,340
2011330N06078,2011,UNNAMED,2011-11-30 12:00:00,TS,18.4,63.4,25.0,1000.0,8,330
2011330N06078,2011,UNNAMED,2011-11-30 15:00:00,TS,18.7,63.0,25.0,1000.0,9,310
2011330N06078,2011,UNNAMED,2011-11-30 18:00:00,TS,19.0,62.7,25.0,1000.0,6,315
2011330N06078,2011,UNNAMED,2011-11-30 21:00:00,TS,19.2,62.6,25.0,1001.0,4,340
2011330N06078,2011,UNNAMED,2011-12-01 00:00:00,TS,19.3,62.6,25.0,1002.0,2,335
2011330N06078,2011,UNNAMED,2011-12-01 03:00:00,TS,19.4,62.5,25.0,1002.0,2,315
2011330N06078,2011,UNNAMED,2011-12-01 06:00:00,DS,19.5,62.4,,,2,320
2011360N09088,2011,THANE,2011-12-25 12:00:00,TS,8.9,88.4,25.0,1000.0,4,345
2011360N09088,2011,THANE,2011-12-25 15:00:00,TS,9.1,88.3,25.0,1000.0,5,340
2011360N09088,2011,THANE,2011-12-25 18:00:00,TS,9.3,88.3,25.0,1000.0,6,335
2011360N09088,2011,THANE,2011-12-25 21:00:00,TS,9.6,88.1,28.0,999.0,6,335
2011360N09088,2011,THANE,2011-12-26 00:00:00,TS,9.8,88.0,30.0,998.0,4,340
2011360N09088,2011,THANE,2011-12-26 03:00:00,TS,9.9,88.0,30.0,998.0,5,355
2011360N09088,2011,THANE,2011-12-26 06:00:00,TS,10.3,88.0,30.0,998.0,7,355
2011360N09088,2011,THANE,2011-12-26 09:00:00,TS,10.6,87.9,30.0,998.0,6,350
2011360N09088,2011,THANE,2011-12-26 12:00:00,TS,10.8,87.9,30.0,998.0,5,345
2011360N09088,2011,THANE,2011-12-26 15:00:00,TS,11.1,87.8,33.0,997.0,5,335
2011360N09088,2011,THANE,2011-12-26 18:00:00,TS,11.3,87.7,35.0,996.0,3,325
2011360N09088,2011,THANE,2011-12-26 21:00:00,TS,11.4,87.6,35.0,996.0,4,340
2011360N09088,2011,THANE,2011-12-27 00:00:00,TS,11.7,87.5,40.0,994.0,7,330
2011360N09088,2011,THANE,2011-12-27 03:00:00,TS,12.0,87.2,40.0,994.0,5,310
2011360N09088,2011,THANE,2011-12-27 06:00:00,TS,12.1,87.1,40.0,994.0,4,300
2011360N09088,2011,THANE,2011-12-27 09:00:00,TS,12.2,86.8,40.0,992.0,6,305
2011360N09088,2011,THANE,2011-12-27 12:00:00,TS,12.4,86.6,40.0,992.0,5,290
2011360N09088,2011,THANE,2011-12-27 15:00:00,TS,12.4,86.4,45.0,992.0,6,260
2011360N09088,2011,THANE,2011-12-27 18:00:00,TS,12.3,86.0,45.0,992.0,6,255
2011360N09088,2011,THANE,2011-12-27 21:00:00,TS,12.2,85.8,45.0,992.0,5,260
2011360N09088,2011,THANE,2011-12-28 00:00:00,TS,12.2,85.4,45.0,992.0,5,265
2011360N09088,2011,THANE,2011-12-28 03:00:00,TS,12.2,85.2,45.0,987.0,5,275
2011360N09088,2011,THANE,2011-12-28 06:00:00,TS,12.3,84.9,45.0,988.0,5,280
2011360N09088,2011,THANE,2011-12-28 09:00:00,TS,12.3,84.7,55.0,986.0,5,280
2011360N09088,2011,THANE,2011-12-28 12:00:00,TS,12.4,84.4,65.0,982.0,8,270
2011360N09088,2011,THANE,2011-12-28 15:00:00,TS,12.3,83.9,65.0,980.0,6,260
2011360N09088,2011,THANE,2011-12-28 18:00:00,TS,12.3,83.8,65.0,978.0,6,260
2011360N09088,2011,THANE,2011-12-28 21:00:00,TS,12.2,83.3,65.0,976.0,8,260
2011360N09088,2011,THANE,2011-12-29 00:00:00,TS,12.1,82.9,70.0,974.0,9,250
2011360N09088,2011,THANE,2011-12-29 03:00:00,TS,11.9,82.5,75.0,976.0,8,260
2011360N09088,2011,THANE,2011-12-29 06:00:00,TS,12.0,82.1,75.0,972.0,8,270
2011360N09088,2011,THANE,2011-12-29 09:00:00,TS,12.0,81.7,75.0,972.0,7,270
2011360N09088,2011,THANE,2011-12-29 12:00:00,TS,12.0,81.3,75.0,972.0,7,270
2011360N09088,2011,THANE,2011-12-29 15:00:00,TS,11.9,81.0,75.0,970.0,7,260
2011360N09088,2011,THANE,2011-12-29 18:00:00,TS,11.8,80.6,75.0,970.0,7,255
2011360N09088,2011,THANE,2011-12-29 21:00:00,TS,11.8,80.3,75.0,969.0,7,260
2011360N09088,2011,THANE,2011-12-30 00:00:00,TS,11.7,79.9,75.0,969.0,8,255
2011360N09088,2011,THANE,2011-12-30 03:00:00,TS,11.6,79.5,55.0,986.0,8,265
2011360N09088,2011,THANE,2011-12-30 06:00:00,TS,11.6,79.1,30.0,998.0,9,285
2011360N09088,2011,THANE,2011-12-30 09:00:00,TS,11.8,78.6,28.0,999.0,10,300
2011360N09088,2011,THANE,2011-12-30 12:00:00,TS,12.2,78.2,25.0,1000.0,11,305
2012285N21091,2012,UNNAMED,2012-10-10 12:00:00,TS,21.0,91.0,25.0,1003.0,10,0
2012285N21091,2012,UNNAMED,2012-10-10 15:00:00,TS,21.5,91.0,25.0,1003.0,10,0
2012285N21091,2012,UNNAMED,2012-10-10 18:00:00,TS,22.0,91.0,30.0,1002.0,8,10
2012285N21091,2012,UNNAMED,2012-10-10 21:00:00,TS,22.3,91.1,30.0,1002.0,6,30
2012285N21091,2012,UNNAMED,2012-10-11 00:00:00,TS,22.5,91.3,30.0,1002.0,8,25
2012285N21091,2012,UNNAMED,2012-10-11 03:00:00,TS,23.0,91.5,20.0,1006.0,11,20
2012297N11067,2012,MURJAN,2012-10-22 15:00:00,TS,11.0,66.5,25.0,1004.0,10,280
2012297N11067,2012,MURJAN,2012-10-22 18:00:00,MX,11.1,66.0,25.0,1004.0,9,280
2012297N11067,2012,MURJAN,2012-10-22 21:00:00,MX,11.2,65.6,25.0,1004.0,10,285
2012297N11067,2012,MURJAN,2012-10-23 00:00:00,MX,11.3,65.1,25.0,1004.0,12,285
2012297N11067,2012,MURJAN,2012-10-23 03:00:00,MX,11.4,64.4,25.0,1003.0,13,280
2012297N11067,2012,MURJAN,2012-10-23 06:00:00,MX,11.5,63.8,25.0,1003.0,12,270
2012297N11067,2012,MURJAN,2012-10-23 09:00:00,MX,11.5,63.2,30.0,1002.0,14,265
2012297N11067,2012,MURJAN,2012-10-23 12:00:00,MX,11.4,62.4,30.0,1002.0,17,260
2012297N11067,2012,MURJAN,2012-10-23 15:00:00,MX,11.2,61.4,30.0,1002.0,20,260
2012297N11067,2012,MURJAN,2012-10-23 18:00:00,MX,11.0,60.4,30.0,1002.0,20,260
2012297N11067,2012,MURJAN,2012-10-23 21:00:00,MX,10.9,59.4,30.0,1002.0,18,260
2012297N11067,2012,MURJAN,2012-10-24 00:00:00,MX,10.7,58.6,32.0,1001.0,17,260
2012297N11067,2012,MURJAN,2012-10-24 03:00:00,MX,10.6,57.8,33.0,1001.0,15,260
2012297N11067,2012,MURJAN,2012-10-24 06:00:00,MX,10.5,57.1,35.0,1000.0,13,265
2012297N11067,2012,MURJAN,2012-10-24 09:00:00,MX,10.5,56.5,38.0,999.0,11,270
2012297N11067,2012,MURJAN,2012-10-24 12:00:00,TS,10.5,55.9,40.0,998.0,13,270
2012297N11067,2012,MURJAN,2012-10-24 15:00:00,TS,10.5,55.2,38.0,999.0,14,270
2012297N11067,2012,MURJAN,2012-10-24 18:00:00,TS,10.5,54.5,35.0,1000.0,13,265
2012297N11067,2012,MURJAN,2012-10-24 21:00:00,TS,10.4,53.9,35.0,1000.0,12,255
2012297N11067,2012,MURJAN,2012-10-25 00:00:00,TS,10.1,53.4,35.0,1000.0,13,245
2012297N11067,2012,MURJAN,2012-10-25 03:00:00,TS,9.9,52.7,35.0,1000.0,14,255
2012297N11067,2012,MURJAN,2012-10-25 06:00:00,TS,9.7,52.0,35.0,1000.0,13,260
2012297N11067,2012,MURJAN,2012-10-25 09:00:00,TS,9.6,51.4,33.0,1001.0,11,260
2012297N11067,2012,MURJAN,2012-10-25 12:00:00,TS,9.6,50.9,30.0,1001.0,9,265
2012297N11067,2012,MURJAN,2012-10-25 15:00:00,TS,9.5,50.5,28.0,1002.0,10,265
2012297N11067,2012,MURJAN,2012-10-25 18:00:00,TS,9.5,49.9,25.0,1002.0,16,265
2012297N11067,2012,MURJAN,2012-10-25 21:00:00,TS,9.4,48.8,25.0,1002.0,22,260
2012297N11067,2012,MURJAN,2012-10-26 00:00:00,TS,9.2,47.7,,,23,260
2012301N11087,2012,NILAM,2012-10-27 06:00:00,DS,11.1,87.1,,,5,215
2012301N11087,2012,NILAM,2012-10-27 09:00:00,DS,10.9,87.0,,,5,215
2012301N11087,2012,NILAM,2012-10-27 12:00:00,DS,10.7,86.8,,,6,215
2012301N11087,2012,NILAM,2012-10-27 15:00:00,DS,10.4,86.6,,,6,220
2012301N11087,2012,NILAM,2012-10-27 18:00:00,DS,10.2,86.4,,,6,230
2012301N11087,2012,NILAM,2012-10-27 21:00:00,DS,10.1,86.2,,,5,250
2012301N11087,2012,NILAM,2012-10-28 00:00:00,TS,10.0,85.9,,,5,250
2012301N11087,2012,NILAM,2012-10-28 03:00:00,TS,9.9,85.7,,,5,235
2012301N11087,2012,NILAM,2012-10-28 06:00:00,TS,9.7,85.5,25.0,1004.0,5,235
2012301N11087,2012,NILAM,2012-10-28 09:00:00,TS,9.6,85.3,25.0,1004.0,6,250
2012301N11087,2012,NILAM,2012-10-28 12:00:00,TS,9.6,84.9,25.0,1003.0,6,260
2012301N11087,2012,NILAM,2012-10-28 15:00:00,TS,9.5,84.6,25.0,1003.0,6,265
2012301N11087,2012,NILAM,2012-10-28 18:00:00,TS,9.5,84.4,25.0,1002.0,6,275
2012301N11087,2012,NILAM,2012-10-28 21:00:00,TS,9.6,84.0,28.0,1001.0,6,280
2012301N11087,2012,NILAM,2012-10-29 00:00:00,TS,9.6,83.7,30.0,1000.0,8,265
2012301N11087,2012,NILAM,2012-10-29 03:00:00,TS,9.5,83.3,30.0,1000.0,10,235
2012301N11087,2012,NILAM,2012-10-29 06:00:00,TS,9.1,82.9,30.0,1000.0,9,225
2012301N11087,2012,NILAM,2012-10-29 09:00:00,TS,8.9,82.6,30.0,1000.0,5,240
2012301N11087,2012,NILAM,2012-10-29 12:00:00,TS,8.8,82.5,30.0,1000.0,2,235
2012301N11087,2012,NILAM,2012-10-29 15:00:00,TS,8.7,82.4,30.0,1000.0,1,155
2012301N11087,2012,NILAM,2012-10-29 18:00:00,TS,8.7,82.5,30.0,1000.0,2,90
2012301N11087,2012,NILAM,2012-10-29 21:00:00,TS,8.7,82.6,30.0,1000.0,3,70
2012301N11087,2012,NILAM,2012-10-30 00:00:00,TS,8.8,82.8,30.0,999.0,2,25
2012301N11087,2012,NILAM,2012-10-30 03:00:00,TS,8.9,82.7,35.0,998.0,3,340
2012301N11087,2012,NILAM,2012-10-30 06:00:00,TS,9.1,82.7,35.0,996.0,6,350
2012301N11087,2012,NILAM,2012-10-30 09:00:00,TS,9.5,82.6,35.0,996.0,7,355
2012301N11087,2012,NILAM,2012-10-30 12:00:00,TS,9.7,82.6,40.0,994.0,5,355
2012301N11087,2012,NILAM,2012-10-30 15:00:00,TS,9.9,82.6,40.0,994.0,7,350
2012301N11087,2012,NILAM,2012-10-30 18:00:00,TS,10.4,82.5,40.0,992.0,7,335
2012301N11087,2012,NILAM,2012-10-30 21:00:00,TS,10.5,82.3,40.0,990.0,9,305
2012301N11087,2012,NILAM,2012-10-31 00:00:00,TS,10.9,81.8,45.0,988.0,13,305
2012301N11087,2012,NILAM,2012-10-31 03:00:00,TS,11.3,81.3,45.0,987.0,11,315
2012301N11087,2012,NILAM,2012-10-31 06:00:00,TS,11.7,81.0,45.0,987.0,13,325
2012301N11087,2012,NILAM,2012-10-31 09:00:00,TS,12.3,80.5,45.0,987.0,15,310
2012301N11087,2012,NILAM,2012-10-31 12:00:00,TS,12.7,79.8,35.0,991.0,14,300
2012301N11087,2012,NILAM,2012-10-31 15:00:00,TS,13.0,79.2,35.0,996.0,16,290
2012301N11087,2012,NILAM,2012-10-31 18:00:00,TS,13.2,78.3,30.0,998.0,15,280
2012301N11087,2012,NILAM,2012-10-31 21:00:00,TS,13.3,77.7,25.0,999.0,10,280
2012301N11087,2012,NILAM,2012-11-01 00:00:00,TS,13.3,77.3,20.0,999.0,7,290
2012301N11087,2012,NILAM,2012-11-01 03:00:00,TS,13.5,77.0,20.0,1002.0,3,300
2012301N11087,2012,NILAM,2012-11-01 06:00:00,TS,13.5,77.0,20.0,1002.0,2,0
2012301N11087,2012,NILAM,2012-11-01 09:00:00,TS,13.7,77.0,20.0,1002.0,5,0
2012301N11087,2012,NILAM,2012-11-01 12:00:00,TS,14.0,77.0,20.0,1002.0,6,0
2012301N11087,2012,NILAM,2012-11-01 15:00:00,TS,14.3,77.0,20.0,1003.0,5,0
2012301N11087,2012,NILAM,2012-11-01 18:00:00,TS,14.5,77.0,20.0,1004.0,5,5
2012321N14090,2012,UNNAMED,2012-11-16 00:00:00,DS,14.2,90.2,,,5,325
2012321N14090,2012,UNNAMED,2012-11-16 03:00:00,DS,14.4,90.1,,,5,325
2012321N14090,2012,UNNAMED,2012-11-16 06:00:00,DS,14.6,89.9,,,5,320
2012321N14090,2012,UNNAMED,2012-11-16 09:00:00,DS,14.8,89.7,,,4,315
2012321N14090,2012,UNNAMED,2012-11-16 12:00:00,DS,14.9,89.6,,,4,310
2012321N14090,2012,UNNAMED,2012-11-16 15:00:00,DS,15.0,89.4,,,4,305
2012321N14090,2012,UNNAMED,2012-11-16 18:00:00,TS,15.1,89.3,,,3,315
2012321N14090,2012,UNNAMED,2012-11-16 21:00:00,TS,15.2,89.2,,,4,325
2012321N14090,2012,UNNAMED,2012-11-17 00:00:00,TS,15.4,89.1,,,4,345
2012321N14090,2012,UNNAMED,2012-11-17 03:00:00,TS,15.6,89.1,,,4,25
2012321N14090,2012,UNNAMED,2012-11-17 06:00:00,MX,15.7,89.3,25.0,1004.0,3,25
2012321N14090,2012,UNNAMED,2012-11-17 09:00:00,MX,15.8,89.2,30.0,1003.0,5,325
2012321N14090,2012,UNNAMED,2012-11-17 12:00:00,MX,16.1,89.0,30.0,1002.0,5,320
2012321N14090,2012,UNNAMED,2012-11-17 15:00:00,MX,16.2,88.9,30.0,1002.0,1,285
2012321N14090,2012,UNNAMED,2012-11-17 18:00:00,TS,16.2,88.9,30.0,1002.0,3,250
2012321N14090,2012,UNNAMED,2012-11-17 21:00:00,TS,16.1,88.6,30.0,1002.0,4,255
2012321N14090,2012,UNNAMED,2012-11-18 00:00:00,TS,16.1,88.5,30.0,1002.0,3,255
2012321N14090,2012,UNNAMED,2012-11-18 03:00:00,TS,16.0,88.4,30.0,1002.0,4,265
2012321N14090,2012,UNNAMED,2012-11-18 06:00:00,TS,16.0,88.0,30.0,1002.0,6,260
2012321N14090,2012,UNNAMED,2012-11-18 09:00:00,TS,15.9,87.7,30.0,1002.0,5,250
2012321N14090,2012,UNNAMED,2012-11-18 12:00:00,TS,15.9,87.6,30.0,1002.0,3,240
2012321N14090,2012,UNNAMED,2012-11-18 15:00:00,TS,15.8,87.5,30.0,1002.0,2,230
2012321N14090,2012,UNNAMED,2012-11-18 18:00:00,TS,15.7,87.4,30.0,1002.0,4,230
2012321N14090,2012,UNNAMED,2012-11-18 21:00:00,TS,15.6,87.2,28.0,1003.0,6,230
2012321N14090,2012,UNNAMED,2012-11-19 00:00:00,TS,15.4,86.9,25.0,1004.0,8,230
2012321N14090,2012,UNNAMED,2012-11-19 03:00:00,TS,15.1,86.6,25.0,1004.0,5,235
2012321N14090,2012,UNNAMED,2012-11-19 06:00:00,TS,15.1,86.4,25.0,1004.0,3,270
2012321N14090,2012,UNNAMED,2012-11-19 09:00:00,TS,15.1,86.3,23.0,1005.0,4,275
2012321N14090,2012,UNNAMED,2012-11-19 12:00:00,TS,15.1,86.0,20.0,1005.0,5,270
2012321N14090,2012,UNNAMED,2012-11-19 15:00:00,TS,15.1,85.8,,,5,270
2012321N14090,2012,UNNAMED,2012-11-19 18:00:00,TS,15.1,85.5,,,5,275
2012321N14090,2012,UNNAMED,2012-11-19 21:00:00,TS,15.1,85.3,,,5,280
2012321N14090,2012,UNNAMED,2012-11-20 00:00:00,TS,15.2,85.0,,,5,280
2012321N14090,2012,UNNAMED,2012-11-20 03:00:00,TS,15.2,84.8,,,5,270
2012321N14090,2012,UNNAMED,2012-11-20 06:00:00,TS,15.2,84.5,,,5,245
2012321N14090,2012,UNNAMED,2012-11-20 09:00:00,TS,15.0,84.2,,,6,230
2012321N14090,2012,UNNAMED,2012-11-20 12:00:00,TS,14.8,84.0,,,6,230
2012321N14090,2012,UNNAMED,2012-11-20 15:00:00,TS,14.7,83.8,,,5,230
2012321N14090,2012,UNNAMED,2012-11-20 18:00:00,TS,14.5,83.6,,,5,220
2012321N14090,2012,UNNAMED,2012-11-20 21:00:00,TS,14.3,83.5,,,6,210
2012321N14090,2012,UNNAMED,2012-11-21 00:00:00,TS,14.0,83.3,,,6,210
2012321N14090,2012,UNNAMED,2012-11-21 03:00:00,TS,13.7,83.1,,,6,220
2012321N14090,2012,UNNAMED,2012-11-21 06:00:00,TS,13.5,82.9,,,6,220
2012321N14090,2012,UNNAMED,2012-11-21 09:00:00,TS,13.3,82.7,,,6,225
2012321N14090,2012,UNNAMED,2012-11-21 12:00:00,TS,13.1,82.5,,,4,245
2012321N14090,2012,UNNAMED,2012-11-21 15:00:00,TS,13.1,82.3,,,4,270
2012321N14090,2012,UNNAMED,2012-11-21 18:00:00,TS,13.1,82.1,,,5,260
2012321N14090,2012,UNNAMED,2012-11-21 21:00:00,TS,13.0,81.8,,,5,250
2012321N14090,2012,UNNAMED,2012-11-22 00:00:00,TS,12.9,81.6,,,5,255
2012321N14090,2012,UNNAMED,2012-11-22 03:00:00,TS,12.9,81.4,,,4,270
2012321N14090,2012,UNNAMED,2012-11-22 06:00:00,TS,12.9,81.2,,,4,275
2012321N14090,2012,UNNAMED,2012-11-22 09:00:00,TS,12.9,81.0,,,5,270
2012321N14090,2012,UNNAMED,2012-11-22 12:00:00,TS,12.9,80.7,,,5,265
2012321N14090,2012,UNNAMED,2012-11-22 15:00:00,TS,12.9,80.5,,,5,260
2012321N14090,2012,UNNAMED,2012-11-22 18:00:00,TS,12.8,80.2,,,6,260
2012321N14090,2012,UNNAMED,2012-11-22 21:00:00,TS,12.8,79.9,,,7,260
2012321N14090,2012,UNNAMED,2012-11-23 00:00:00,TS,12.7,79.5,,,7,260
2012321N14090,2012,UNNAMED,2012-11-23 03:00:00,TS,12.7,79.2,,,6,260
2012321N14090,2012,UNNAMED,2012-11-23 06:00:00,DS,12.6,78.9,,,6,260
2012357N09064,2012,UNNAMED,2012-12-22 06:00:00,MX,9.1,63.8,25.0,1004.0,15,265
2012357N09064,2012,UNNAMED,2012-12-22 09:00:00,MX,9.0,63.1,25.0,1004.0,12,265
2012357N09064,2012,UNNAMED,2012-12-22 12:00:00,MX,8.9,62.6,25.0,1003.0,11,260
2012357N09064,2012,UNNAMED,2012-12-22 15:00:00,MX,8.8,62.0,26.0,1003.0,11,260
2012357N09064,2012,UNNAMED,2012-12-22 18:00:00,TS,8.7,61.4,28.0,1003.0,12,265
2012357N09064,2012,UNNAMED,2012-12-22 21:00:00,TS,8.7,60.8,29.0,1002.0,12,270
2012357N09064,2012,UNNAMED,2012-12-23 00:00:00,TS,8.7,60.2,30.0,1002.0,12,265
2012357N09064,2012,UNNAMED,2012-12-23 03:00:00,TS,8.7,59.5,30.0,1002.0,14,265
2012357N09064,2012,UNNAMED,2012-12-23 06:00:00,TS,8.6,58.8,30.0,1002.0,16,265
2012357N09064,2012,UNNAMED,2012-12-23 09:00:00,TS,8.6,57.9,30.0,1002.0,17,265
2012357N09064,2012,UNNAMED,2012-12-23 12:00:00,TS,8.5,57.1,30.0,1002.0,15,265
2012357N09064,2012,UNNAMED,2012-12-23 15:00:00,TS,8.4,56.4,,,13,265
2012357N09064,2012,UNNAMED,2012-12-23 18:00:00,TS,8.4,55.8,,,13,265
2012357N09064,2012,UNNAMED,2012-12-23 21:00:00,TS,8.3,55.1,,,12,265
2012357N09064,2012,UNNAMED,2012-12-24 00:00:00,TS,8.2,54.5,,,13,255
2012357N09064,2012,UNNAMED,2012-12-24 03:00:00,TS,8.0,53.9,30.0,1002.0,14,250
2012357N09064,2012,UNNAMED,2012-12-24 06:00:00,TS,7.7,53.2,28.0,1003.0,15,245
2012357N09064,2012,UNNAMED,2012-12-24 09:00:00,TS,7.4,52.6,27.0,1003.0,14,245
2012357N09064,2012,UNNAMED,2012-12-24 12:00:00,TS,7.2,51.9,25.0,1004.0,13,250
2012357N09064,2012,UNNAMED,2012-12-24 15:00:00,TS,6.9,51.3,,,13,250
2012357N09064,2012,UNNAMED,2012-12-24 18:00:00,TS,6.7,50.7,,,13,245
2012357N09064,2012,UNNAMED,2012-12-24 21:00:00,TS,6.5,50.1,,,12,245
2012357N09064,2012,UNNAMED,2012-12-25 00:00:00,TS,6.2,49.6,,,12,245
2013130N04093,2013,MAHASEN:VIYARU,2013-05-09 18:00:00,DS,4.4,93.0,,,7,85
2013130N04093,2013,MAHASEN:VIYARU,2013-05-09 21:00:00,DS,4.4,93.3,,,5,80
2013130N04093,2013,MAHASEN:VIYARU,2013-05-10 00:00:00,TS,4.5,93.5,,,3,0
2013130N04093,2013,MAHASEN:VIYARU,2013-05-10 03:00:00,TS,4.7,93.3,,,6,310
2013130N04093,2013,MAHASEN:VIYARU,2013-05-10 06:00:00,TS,4.9,93.0,,,8,300
2013130N04093,2013,MAHASEN:VIYARU,2013-05-10 09:00:00,TS,5.1,92.6,25.0,1004.0,9,310
2013130N04093,2013,MAHASEN:VIYARU,2013-05-10 12:00:00,TS,5.4,92.3,30.0,1002.0,9,320
2013130N04093,2013,MAHASEN:VIYARU,2013-05-10 15:00:00,TS,5.8,92.0,30.0,1001.0,10,315
2013130N04093,2013,MAHASEN:VIYARU,2013-05-10 18:00:00,TS,6.1,91.7,30.0,1000.0,9,315
2013130N04093,2013,MAHASEN:VIYARU,2013-05-10 21:00:00,TS,6.4,91.3,30.0,999.0,10,315
2013130N04093,2013,MAHASEN:VIYARU,2013-05-11 00:00:00,TS,6.8,91.0,30.0,998.0,13,315
2013130N04093,2013,MAHASEN:VIYARU,2013-05-11 03:00:00,TS,7.3,90.4,35.0,996.0,12,320
2013130N04093,2013,MAHASEN:VIYARU,2013-05-11 06:00:00,TS,7.8,90.2,35.0,996.0,10,310
2013130N04093,2013,MAHASEN:VIYARU,2013-05-11 09:00:00,TS,7.9,89.7,35.0,996.0,11,300
2013130N04093,2013,MAHASEN:VIYARU,2013-05-11 12:00:00,TS,8.3,89.2,40.0,994.0,12,310
2013130N04093,2013,MAHASEN:VIYARU,2013-05-11 15:00:00,TS,8.7,88.8,40.0,994.0,9,325
2013130N04093,2013,MAHASEN:VIYARU,2013-05-11 18:00:00,TS,9.1,88.7,40.0,994.0,9,325
2013130N04093,2013,MAHASEN:VIYARU,2013-05-11 21:00:00,TS,9.4,88.3,40.0,994.0,10,315
2013130N04093,2013,MAHASEN:VIYARU,2013-05-12 00:00:00,TS,9.8,87.9,40.0,994.0,8,300
2013130N04093,2013,MAHASEN:VIYARU,2013-05-12 03:00:00,TS,9.8,87.5,40.0,994.0,5,295
2013130N04093,2013,MAHASEN:VIYARU,2013-05-12 06:00:00,TS,10.0,87.5,40.0,994.0,6,315
2013130N04093,2013,MAHASEN:VIYARU,2013-05-12 09:00:00,TS,10.3,87.1,40.0,994.0,6,315
2013130N04093,2013,MAHASEN:VIYARU,2013-05-12 12:00:00,TS,10.4,87.0,40.0,994.0,5,300
2013130N04093,2013,MAHASEN:VIYARU,2013-05-12 15:00:00,TS,10.5,86.7,40.0,994.0,6,320
2013130N04093,2013,MAHASEN:VIYARU,2013-05-12 18:00:00,TS,10.9,86.6,40.0,994.0,5,350
2013130N04093,2013,MAHASEN:VIYARU,2013-05-12 21:00:00,TS,11.0,86.5,40.0,994.0,6,350
2013130N04093,2013,MAHASEN:VIYARU,2013-05-13 00:00:00,TS,11.5,86.5,40.0,994.0,8,350
2013130N04093,2013,MAHASEN:VIYARU,2013-05-13 03:00:00,TS,11.8,86.4,40.0,994.0,5,345
2013130N04093,2013,MAHASEN:VIYARU,2013-05-13 06:00:00,TS,12.0,86.4,40.0,994.0,5,295
2013130N04093,2013,MAHASEN:VIYARU,2013-05-13 09:00:00,TS,12.0,85.9,40.0,994.0,6,290
2013130N04093,2013,MAHASEN:VIYARU,2013-05-13 12:00:00,TS,12.2,85.8,40.0,994.0,6,340
2013130N04093,2013,MAHASEN:VIYARU,2013-05-13 15:00:00,TS,12.6,85.7,40.0,994.0,7,330
2013130N04093,2013,MAHASEN:VIYARU,2013-05-13 18:00:00,TS,12.8,85.5,40.0,994.0,7,335
2013130N04093,2013,MAHASEN:VIYARU,2013-05-13 21:00:00,TS,13.2,85.4,40.0,994.0,8,0
2013130N04093,2013,MAHASEN:VIYARU,2013-05-14 00:00:00,TS,13.6,85.5,40.0,994.0,5,10
2013130N04093,2013,MAHASEN:VIYARU,2013-05-14 03:00:00,TS,13.7,85.5,40.0,994.0,5,20
2013130N04093,2013,MAHASEN:VIYARU,2013-05-14 06:00:00,TS,14.1,85.7,40.0,994.0,5,25
2013130N04093,2013,MAHASEN:VIYARU,2013-05-14 09:00:00,TS,14.2,85.7,40.0,994.0,7,40
2013130N04093,2013,MAHASEN:VIYARU,2013-05-14 12:00:00,TS,14.6,86.1,40.0,994.0,8,35
2013130N04093,2013,MAHASEN:VIYARU,2013-05-14 15:00:00,TS,14.8,86.2,40.0,994.0,9,35
2013130N04093,2013,MAHASEN:VIYARU,2013-05-14 18:00:00,TS,15.3,86.6,40.0,994.0,11,25
2013130N04093,2013,MAHASEN:VIYARU,2013-05-14 21:00:00,TS,15.8,86.7,40.0,994.0,11,25
2013130N04093,2013,MAHASEN:VIYARU,2013-05-15 00:00:00,TS,16.3,87.1,40.0,994.0,11,25
2013130N04093,2013,MAHASEN:VIYARU,2013-05-15 03:00:00,TS,16.7,87.2,40.0,992.0,11,25
2013130N04093,2013,MAHASEN:VIYARU,2013-05-15 06:00:00,TS,17.3,87.6,45.0,990.0,11,30
2013130N04093,2013,MAHASEN:VIYARU,2013-05-15 09:00:00,TS,17.7,87.7,45.0,990.0,12,30
2013130N04093,2013,MAHASEN:VIYARU,2013-05-15 12:00:00,TS,18.3,88.2,45.0,990.0,13,35
2013130N04093,2013,MAHASEN:VIYARU,2013-05-15 15:00:00,TS,18.8,88.6,45.0,990.0,12,25
2013130N04093,2013,MAHASEN:VIYARU,2013-05-15 18:00:00,TS,19.3,88.8,45.0,990.0,12,30
2013130N04093,2013,MAHASEN:VIYARU,2013-05-15 21:00:00,TS,19.8,89.2,45.0,990.0,13,40
2013130N04093,2013,MAHASEN:VIYARU,2013-05-16 00:00:00,TS,20.4,89.7,45.0,990.0,17,35
2013130N04093,2013,MAHASEN:VIYARU,2013-05-16 03:00:00,TS,21.2,90.2,45.0,990.0,25,30
2013130N04093,2013,MAHASEN:VIYARU,2013-05-16 06:00:00,TS,22.5,91.0,45.0,990.0,27,35
2013130N04093,2013,MAHASEN:VIYARU,2013-05-16 09:00:00,TS,23.4,91.9,40.0,994.0,21,40
2013130N04093,2013,MAHASEN:VIYARU,2013-05-16 12:00:00,TS,24.1,92.5,30.0,996.0,14,45
2013130N04093,2013,MAHASEN:VIYARU,2013-05-16 15:00:00,TS,24.5,93.0,28.0,997.0,13,45
2013130N04093,2013,MAHASEN:VIYARU,2013-05-16 18:00:00,TS,25.0,93.5,25.0,998.0,14,40
2013149N21090,2013,UNNAMED,2013-05-29 03:00:00,TS,21.0,89.5,25.0,996.0,7,330
2013149N21090,2013,UNNAMED,2013-05-29 06:00:00,TS,21.3,89.3,25.0,996.0,7,315
2013149N21090,2013,UNNAMED,2013-05-29 09:00:00,TS,21.5,89.0,25.0,996.0,6,310
2013149N21090,2013,UNNAMED,2013-05-29 12:00:00,TS,21.7,88.8,25.0,994.0,6,330
2013149N21090,2013,UNNAMED,2013-05-29 15:00:00,TS,22.0,88.7,20.0,994.0,5,315
2013149N21090,2013,UNNAMED,2013-05-29 18:00:00,TS,22.1,88.4,20.0,994.0,6,285
2013149N21090,2013,UNNAMED,2013-05-29 21:00:00,TS,22.1,88.1,20.0,994.0,6,280
2013149N21090,2013,UNNAMED,2013-05-30 00:00:00,TS,22.2,87.8,20.0,994.0,6,285
2013149N21090,2013,UNNAMED,2013-05-30 03:00:00,TS,22.3,87.5,20.0,990.0,3,290
2013149N21090,2013,UNNAMED,2013-05-30 06:00:00,TS,22.3,87.5,20.0,990.0,2,335
2013149N21090,2013,UNNAMED,2013-05-30 09:00:00,TS,22.5,87.4,20.0,990.0,4,335
2013149N21090,2013,UNNAMED,2013-05-30 12:00:00,TS,22.7,87.3,20.0,990.0,3,330
2013149N21090,2013,UNNAMED,2013-05-30 15:00:00,TS,22.7,87.2,20.0,990.0,1,320
2013149N21090,2013,UNNAMED,2013-05-30 18:00:00,NR,22.8,87.2,20.0,990.0,4,345
2013149N21090,2013,UNNAMED,2013-05-30 21:00:00,NR,23.1,87.2,20.0,990.0,7,355
2013149N21090,2013,UNNAMED,2013-05-31 00:00:00,TS,23.5,87.1,20.0,990.0,9,350
2013149N21090,2013,UNNAMED,2013-05-31 03:00:00,TS,24.0,87.0,20.0,990.0,10,355
2013149N21090,2013,UNNAMED,2013-05-31 06:00:00,TS,24.5,87.0,20.0,994.0,10,0
2013149N21090,2013,UNNAMED,2013-05-31 09:00:00,TS,25.0,87.0,20.0,996.0,10,0
2013211N21088,2013,UNNAMED,2013-07-30 03:00:00,TS,21.0,88.0,25.0,990.0,14,315
2013211N21088,2013,UNNAMED,2013-07-30 06:00:00,TS,21.5,87.5,25.0,990.0,10,315
2013211N21088,2013,UNNAMED,2013-07-30 09:00:00,TS,21.7,87.3,25.0,990.0,5,295
2013211N21088,2013,UNNAMED,2013-07-30 12:00:00,TS,21.7,87.0,25.0,990.0,9,270
2013211N21088,2013,UNNAMED,2013-07-30 15:00:00,TS,21.7,86.3,23.0,991.0,14,270
2013211N21088,2013,UNNAMED,2013-07-30 18:00:00,TS,21.7,85.5,20.0,992.0,14,270
2013211N21088,2013,UNNAMED,2013-07-30 21:00:00,TS,21.8,84.8,20.0,992.0,14,275
2013211N21088,2013,UNNAMED,2013-07-31 00:00:00,TS,21.8,84.0,20.0,992.0,17,270
2013211N21088,2013,UNNAMED,2013-07-31 03:00:00,TS,21.8,83.0,20.0,992.0,14,270
2013211N21088,2013,UNNAMED,2013-07-31 06:00:00,TS,21.8,82.5,20.0,992.0,14,275
2013211N21088,2013,UNNAMED,2013-07-31 09:00:00,TS,21.9,81.5,20.0,992.0,19,275
2013211N21088,2013,UNNAMED,2013-07-31 12:00:00,TS,22.0,80.5,20.0,992.0,15,280
2013211N21088,2013,UNNAMED,2013-07-31 15:00:00,TS,22.1,79.9,20.0,992.0,8,290
2013211N21088,2013,UNNAMED,2013-07-31 18:00:00,TS,22.2,79.7,20.0,992.0,3,335
2013211N21088,2013,UNNAMED,2013-07-31 21:00:00,TS,22.4,79.8,20.0,992.0,4,50
2013211N21088,2013,UNNAMED,2013-08-01 00:00:00,TS,22.5,80.0,20.0,992.0,5,60
2013232N22088,2013,UNNAMED,2013-08-20 00:00:00,TS,22.0,87.5,25.0,990.0,0,0
2013232N22088,2013,UNNAMED,2013-08-20 03:00:00,TS,22.0,87.5,25.0,990.0,0,0
2013232N22088,2013,UNNAMED,2013-08-20 06:00:00,TS,22.0,87.5,25.0,990.0,1,0
2013232N22088,2013,UNNAMED,2013-08-20 09:00:00,TS,22.1,87.5,25.0,990.0,3,0
2013232N22088,2013,UNNAMED,2013-08-20 12:00:00,TS,22.3,87.5,25.0,990.0,2,10
2013232N22088,2013,UNNAMED,2013-08-20 15:00:00,TS,22.4,87.5,25.0,990.0,2,10
2013232N22088,2013,UNNAMED,2013-08-20 18:00:00,TS,22.5,87.5,25.0,990.0,6,350
2013232N22088,2013,UNNAMED,2013-08-20 21:00:00,TS,22.9,87.4,23.0,990.0,9,330
2013232N22088,2013,UNNAMED,2013-08-21 00:00:00,TS,23.3,87.0,20.0,990.0,14,285
2013232N22088,2013,UNNAMED,2013-08-21 03:00:00,TS,23.3,86.0,20.0,992.0,12,265
2013232N22088,2013,UNNAMED,2013-08-21 06:00:00,TS,23.2,85.7,20.0,992.0,10,265
2013232N22088,2013,UNNAMED,2013-08-21 09:00:00,TS,23.2,85.0,20.0,992.0,16,270
2013232N22088,2013,UNNAMED,2013-08-21 12:00:00,TS,23.2,84.0,20.0,991.0,18,270
2013232N22088,2013,UNNAMED,2013-08-21 15:00:00,TS,23.2,83.0,20.0,993.0,17,270
2013232N22088,2013,UNNAMED,2013-08-21 18:00:00,TS,23.2,82.2,20.0,994.0,7,270
2013232N22088,2013,UNNAMED,2013-08-21 21:00:00,TS,23.2,82.2,20.0,994.0,2,270
2013232N22088,2013,UNNAMED,2013-08-22 00:00:00,TS,23.2,82.0,20.0,994.0,14,270
2013232N22088,2013,UNNAMED,2013-08-22 03:00:00,TS,23.2,80.7,20.0,994.0,16,270
2013232N22088,2013,UNNAMED,2013-08-22 06:00:00,TS,23.2,80.3,20.0,996.0,5,260
2013232N22088,2013,UNNAMED,2013-08-22 09:00:00,TS,23.1,80.1,20.0,997.0,3,225
2013232N22088,2013,UNNAMED,2013-08-22 12:00:00,TS,23.0,80.1,20.0,998.0,2,200
2013232N22088,2013,UNNAMED,2013-08-22 15:00:00,TS,22.9,80.1,20.0,998.0,2,215
2013232N22088,2013,UNNAMED,2013-08-22 18:00:00,TS,22.9,80.0,20.0,998.0,2,240
2013232N22088,2013,UNNAMED,2013-08-22 21:00:00,TS,22.8,79.9,20.0,998.0,2,250
2013232N22088,2013,UNNAMED,2013-08-23 00:00:00,TS,22.8,79.8,20.0,998.0,2,255
2013281N12098,2013,PHAILIN,2013-10-07 12:00:00,DS,11.8,97.6,,,13,285
2013281N12098,2013,PHAILIN,2013-10-07 15:00:00,DS,12.0,97.0,,,12,285
2013281N12098,2013,PHAILIN,2013-10-07 18:00:00,TS,12.1,96.4,,,10,285
2013281N12098,2013,PHAILIN,2013-10-07 21:00:00,TS,12.2,95.9,,,8,285
2013281N12098,2013,PHAILIN,2013-10-08 00:00:00,TS,12.3,95.6,,,5,290
2013281N12098,2013,PHAILIN,2013-10-08 03:00:00,TS,12.4,95.5,25.0,1004.0,4,285
2013281N12098,2013,PHAILIN,2013-10-08 06:00:00,TS,12.4,95.2,25.0,1004.0,6,270
2013281N12098,2013,PHAILIN,2013-10-08 09:00:00,TS,12.4,94.9,25.0,1004.0,7,265
2013281N12098,2013,PHAILIN,2013-10-08 12:00:00,TS,12.4,94.5,25.0,1003.0,7,280
2013281N12098,2013,PHAILIN,2013-10-08 15:00:00,TS,12.5,94.2,25.0,1003.0,6,305
2013281N12098,2013,PHAILIN,2013-10-08 18:00:00,TS,12.7,94.0,25.0,1003.0,7,310
2013281N12098,2013,PHAILIN,2013-10-08 21:00:00,TS,12.9,93.7,28.0,1003.0,6,310
2013281N12098,2013,PHAILIN,2013-10-09 00:00:00,TS,13.1,93.5,30.0,1002.0,4,300
2013281N12098,2013,PHAILIN,2013-10-09 03:00:00,TS,13.2,93.3,30.0,1001.0,5,280
2013281N12098,2013,PHAILIN,2013-10-09 06:00:00,TS,13.2,92.9,30.0,1000.0,8,295
2013281N12098,2013,PHAILIN,2013-10-09 09:00:00,TS,13.5,92.5,30.0,1000.0,6,310
2013281N12098,2013,PHAILIN,2013-10-09 12:00:00,TS,13.6,92.4,35.0,999.0,3,310
2013281N12098,2013,PHAILIN,2013-10-09 15:00:00,TS,13.7,92.3,35.0,999.0,6,310
2013281N12098,2013,PHAILIN,2013-10-09 18:00:00,TS,14.0,91.9,40.0,998.0,6,310
2013281N12098,2013,PHAILIN,2013-10-09 21:00:00,TS,14.1,91.8,45.0,996.0,7,315
2013281N12098,2013,PHAILIN,2013-10-10 00:00:00,TS,14.5,91.4,45.0,996.0,9,305
2013281N12098,2013,PHAILIN,2013-10-10 03:00:00,TS,14.6,91.0,55.0,990.0,9,305
2013281N12098,2013,PHAILIN,2013-10-10 06:00:00,TS,15.0,90.7,65.0,984.0,7,315
2013281N12098,2013,PHAILIN,2013-10-10 09:00:00,TS,15.1,90.5,70.0,982.0,7,310
2013281N12098,2013,PHAILIN,2013-10-10 12:00:00,TS,15.4,90.1,75.0,976.0,7,305
2013281N12098,2013,PHAILIN,2013-10-10 15:00:00,TS,15.5,89.9,90.0,966.0,6,280
2013281N12098,2013,PHAILIN,2013-10-10 18:00:00,TS,15.6,89.5,95.0,960.0,9,275
2013281N12098,2013,PHAILIN,2013-10-10 21:00:00,TS,15.6,89.0,100.0,954.0,9,290
2013281N12098,2013,PHAILIN,2013-10-11 00:00:00,TS,15.9,88.6,110.0,946.0,6,305
2013281N12098,2013,PHAILIN,2013-10-11 03:00:00,TS,15.9,88.5,115.0,940.0,4,315
2013281N12098,2013,PHAILIN,2013-10-11 06:00:00,TS,16.2,88.3,115.0,940.0,7,320
2013281N12098,2013,PHAILIN,2013-10-11 09:00:00,TS,16.5,88.0,115.0,940.0,8,315
2013281N12098,2013,PHAILIN,2013-10-11 12:00:00,TS,16.8,87.7,115.0,940.0,8,295
2013281N12098,2013,PHAILIN,2013-10-11 15:00:00,TS,16.8,87.3,115.0,940.0,7,285
2013281N12098,2013,PHAILIN,2013-10-11 18:00:00,TS,16.9,87.0,115.0,940.0,6,295
2013281N12098,2013,PHAILIN,2013-10-11 21:00:00,TS,17.1,86.7,115.0,940.0,8,315
2013281N12098,2013,PHAILIN,2013-10-12 00:00:00,TS,17.5,86.5,115.0,940.0,9,315
2013281N12098,2013,PHAILIN,2013-10-12 03:00:00,TS,17.7,86.0,115.0,940.0,9,310
2013281N12098,2013,PHAILIN,2013-10-12 06:00:00,TS,18.1,85.8,115.0,940.0,9,320
2013281N12098,2013,PHAILIN,2013-10-12 09:00:00,TS,18.5,85.4,115.0,940.0,8,320
2013281N12098,2013,PHAILIN,2013-10-12 12:00:00,TS,18.7,85.2,115.0,940.0,7,335
2013281N12098,2013,PHAILIN,2013-10-12 15:00:00,TS,19.1,85.1,115.0,940.0,9,335
2013281N12098,2013,PHAILIN,2013-10-12 18:00:00,TS,19.5,84.9,100.0,956.0,10,330
2013281N12098,2013,PHAILIN,2013-10-12 21:00:00,TS,19.9,84.6,90.0,966.0,10,340
2013281N12098,2013,PHAILIN,2013-10-13 00:00:00,TS,20.4,84.5,75.0,976.0,11,335
2013281N12098,2013,PHAILIN,2013-10-13 03:00:00,TS,20.9,84.1,55.0,990.0,12,340
2013281N12098,2013,PHAILIN,2013-10-13 06:00:00,TS,21.5,84.0,40.0,992.0,11,350
2013281N12098,2013,PHAILIN,2013-10-13 09:00:00,TS,22.0,83.9,35.0,993.0,11,350
2013281N12098,2013,PHAILIN,2013-10-13 12:00:00,TS,22.6,83.9,35.0,994.0,9,345
2013281N12098,2013,PHAILIN,2013-10-13 15:00:00,TS,22.8,83.6,33.0,995.0,5,320
2013281N12098,2013,PHAILIN,2013-10-13 18:00:00,TS,23.0,83.5,30.0,996.0,4,10
2013281N12098,2013,PHAILIN,2013-10-13 21:00:00,TS,23.2,83.7,30.0,998.0,7,45
2013281N12098,2013,PHAILIN,2013-10-14 00:00:00,TS,23.5,84.0,30.0,1000.0,8,30
2013281N12098,2013,PHAILIN,2013-10-14 03:00:00,TS,23.9,84.2,28.0,1002.0,10,10
2013281N12098,2013,PHAILIN,2013-10-14 06:00:00,TS,24.5,84.2,25.0,1004.0,11,5
2013305N07141,2013,UNNAMED,2013-11-01 06:00:00,DS,7.0,141.0,,,14,275
2013305N07141,2013,UNNAMED,2013-11-01 09:00:00,DS,7.1,140.3,,,14,275
2013305N07141,2013,UNNAMED,2013-11-01 12:00:00,DS,7.1,139.6,,,13,270
2013305N07141,2013,UNNAMED,2013-11-01 15:00:00,DS,7.0,138.9,,,13,265
2013305N07141,2013,UNNAMED,2013-11-01 18:00:00,DS,7.0,138.3,,,13,270
2013305N07141,2013,UNNAMED,2013-11-01 21:00:00,DS,7.0,137.6,,,13,275
2013305N07141,2013,UNNAMED,2013-11-02 00:00:00,DS,7.1,137.0,,,12,270
2013305N07141,2013,UNNAMED,2013-11-02 03:00:00,DS,7.1,136.4,,,11,270
2013305N07141,2013,UNNAMED,2013-11-02 06:00:00,DS,7.1,135.9,,,9,275
2013305N07141,2013,UNNAMED,2013-11-02 09:00:00,DS,7.2,135.5,,,8,285
2013305N07141,2013,UNNAMED,2013-11-02 12:00:00,TS,7.3,135.1,,,8,280
2013305N07141,2013,UNNAMED,2013-11-02 15:00:00,TS,7.4,134.7,,,9,285
2013305N07141,2013,UNNAMED,2013-11-02 18:00:00,TS,7.5,134.2,,,11,295
2013305N07141,2013,UNNAMED,2013-11-02 21:00:00,TS,7.8,133.7,,,14,300
2013305N07141,2013,UNNAMED,2013-11-03 00:00:00,TS,8.2,133.0,,,18,290
2013305N07141,2013,UNNAMED,2013-11-03 03:00:00,TS,8.4,132.0,,,19,280
2013305N07141,2013,UNNAMED,2013-11-03 06:00:00,TS,8.6,131.1,,,19,280
2013305N07141,2013,UNNAMED,2013-11-03 09:00:00,TS,8.7,130.2,,,17,280
2013305N07141,2013,UNNAMED,2013-11-03 12:00:00,TS,8.9,129.4,,,17,280
2013305N07141,2013,UNNAMED,2013-11-03 15:00:00,TS,9.0,128.5,,,17,280
2013305N07141,2013,UNNAMED,2013-11-03 18:00:00,TS,9.2,127.7,,,15,280
2013305N07141,2013,UNNAMED,2013-11-03 21:00:00,TS,9.3,127.0,,,13,280
2013305N07141,2013,UNNAMED,2013-11-04 00:00:00,TS,9.4,126.4,,,13,285
2013305N07141,2013,UNNAMED,2013-11-04 03:00:00,TS,9.6,125.7,,,14,285
2013305N07141,2013,UNNAMED,2013-11-04 06:00:00,TS,9.8,125.0,,,16,280
2013305N07141,2013,UNNAMED,2013-11-04 09:00:00,TS,9.8,124.1,,,18,275
2013305N07141,2013,UNNAMED,2013-11-04 12:00:00,TS,9.9,123.2,,,18,280
2013305N07141,2013,UNNAMED,2013-11-04 15:00:00,TS,10.1,122.3,,,18,285
2013305N07141,2013,UNNAMED,2013-11-04 18:00:00,TS,10.4,121.5,,,19,285
2013305N07141,2013,UNNAMED,2013-11-04 21:00:00,TS,10.6,120.5,,,21,280
2013305N07141,2013,UNNAMED,2013-11-05 00:00:00,TS,10.8,119.4,,,23,275
2013305N07141,2013,UNNAMED,2013-11-05 03:00:00,TS,10.8,118.2,,,24,270
2013305N07141,2013,UNNAMED,2013-11-05 06:00:00,TS,10.8,116.9,,,22,275
2013305N07141,2013,UNNAMED,2013-11-05 09:00:00,TS,10.9,116.0,,,19,280
2013305N07141,2013,UNNAMED,2013-11-05 12:00:00,TS,11.1,115.1,,,17,285
2013305N07141,2013,UNNAMED,2013-11-05 15:00:00,TS,11.4,114.3,,,17,285
2013305N07141,2013,UNNAMED,2013-11-05 18:00:00,TS,11.6,113.4,,,18,285
2013305N07141,2013,UNNAMED,2013-11-05 21:00:00,TS,11.8,112.4,,,19,275
2013305N07141,2013,UNNAMED,2013-11-06 00:00:00,TS,11.8,111.5,,,16,270
2013305N07141,2013,UNNAMED,2013-11-06 03:00:00,TS,11.7,110.8,,,14,260
2013305N07141,2013,UNNAMED,2013-11-06 06:00:00,TS,11.6,110.1,,,12,260
2013305N07141,2013,UNNAMED,2013-11-06 09:00:00,TS,11.5,109.5,,,12,265
2013305N07141,2013,UNNAMED,2013-11-06 12:00:00,TS,11.5,108.9,,,11,285
2013305N07141,2013,UNNAMED,2013-11-06 15:00:00,TS,11.7,108.4,,,12,290
2013305N07141,2013,UNNAMED,2013-11-06 18:00:00,TS,12.0,107.8,,,15,285
2013305N07141,2013,UNNAMED,2013-11-06 21:00:00,TS,12.1,107.0,,,18,275
2013305N07141,2013,UNNAMED,2013-11-07 00:00:00,MX,12.2,106.0,,,22,270
2013305N07141,2013,UNNAMED,2013-11-07 03:00:00,MX,12.2,104.7,,,24,270
2013305N07141,2013,UNNAMED,2013-11-07 06:00:00,MX,12.1,103.5,,,19,265
2013305N07141,2013,UNNAMED,2013-11-07 09:00:00,MX,11.9,102.7,,,14,260
2013305N07141,2013,UNNAMED,2013-11-07 12:00:00,TS,11.8,102.1,,,12,265
2013305N07141,2013,UNNAMED,2013-11-07 15:00:00,TS,11.9,101.5,,,11,280
2013305N07141,2013,UNNAMED,2013-11-07 18:00:00,TS,12.0,101.0,,,9,285
2013305N07141,2013,UNNAMED,2013-11-07 21:00:00,TS,12.1,100.6,,,8,285
2013305N07141,2013,UNNAMED,2013-11-08 00:00:00,TS,12.2,100.2,,,11,295
2013305N07141,2013,UNNAMED,2013-11-08 03:00:00,TS,12.5,99.6,,,14,300
2013305N07141,2013,UNNAMED,2013-11-08 06:00:00,TS,12.9,99.0,,,13,300
2013305N07141,2013,UNNAMED,2013-11-08 09:00:00,TS,13.2,98.5,,,11,295
2013305N07141,2013,UNNAMED,2013-11-08 12:00:00,DS,13.4,98.0,,,13,290
2013305N07141,2013,UNNAMED,2013-11-08 15:00:00,DS,13.7,97.3,,,15,285
2013305N07141,2013,UNNAMED,2013-11-08 18:00:00,DS,13.8,96.5,,,15,270
2013305N07141,2013,UNNAMED,2013-11-08 21:00:00,DS,13.7,95.8,,,14,260
2013305N07141,2013,UNNAMED,2013-11-09 00:00:00,DS,13.5,95.1,,,13,255
2013305N07141,2013,UNNAMED,2013-11-09 03:00:00,DS,13.4,94.5,,,11,260
2013305N07141,2013,UNNAMED,2013-11-09 06:00:00,TS,13.3,94.0,,,9,260
2013305N07141,2013,UNNAMED,2013-11-09 09:00:00,TS,13.2,93.6,,,7,260
2013305N07141,2013,UNNAMED,2013-11-09 12:00:00,TS,13.2,93.3,,,7,260
2013305N07141,2013,UNNAMED,2013-11-09 15:00:00,TS,13.1,93.0,,,7,255
2013305N07141,2013,UNNAMED,2013-11-09 18:00:00,TS,13.0,92.6,,,8,250
2013305N07141,2013,UNNAMED,2013-11-09 21:00:00,TS,12.9,92.2,,,8,250
2013305N07141,2013,UNNAMED,2013-11-10 00:00:00,TS,12.7,91.8,,,9,250
2013305N07141,2013,UNNAMED,2013-11-10 03:00:00,TS,12.5,91.4,,,8,250
2013305N07141,2013,UNNAMED,2013-11-10 06:00:00,TS,12.4,91.0,,,8,245
2013305N07141,2013,UNNAMED,2013-11-10 09:00:00,TS,12.2,90.6,,,7,245
2013305N07141,2013,UNNAMED,2013-11-10 12:00:00,TS,12.1,90.3,,,6,250
2013305N07141,2013,UNNAMED,2013-11-10 15:00:00,TS,12.0,90.0,,,5,260
2013305N07141,2013,UNNAMED,2013-11-10 18:00:00,TS,12.0,89.8,,,4,255
2013305N07141,2013,UNNAMED,2013-11-10 21:00:00,TS,11.9,89.6,,,3,250
2013305N07141,2013,UNNAMED,2013-11-11 00:00:00,TS,11.9,89.5,,,3,255
2013305N07141,2013,UNNAMED,2013-11-11 03:00:00,TS,11.9,89.3,,,4,255
2013305N07141,2013,UNNAMED,2013-11-11 06:00:00,TS,11.8,89.1,,,6,245
2013305N07141,2013,UNNAMED,2013-11-11 09:00:00,TS,11.6,88.8,,,7,235
2013305N07141,2013,UNNAMED,2013-11-11 12:00:00,TS,11.4,88.5,,,7,235
2013305N07141,2013,UNNAMED,2013-11-11 15:00:00,TS,11.2,88.2,,,7,235
2013305N07141,2013,UNNAMED,2013-11-11 18:00:00,DS,11.0,87.9,,,7,235
2013305N07141,2013,UNNAMED,2013-11-11 21:00:00,DS,10.8,87.6,,,7,235
2013305N07141,2013,UNNAMED,2013-11-12 00:00:00,DS,10.6,87.3,,,5,245
2013305N07141,2013,UNNAMED,2013-11-12 03:00:00,DS,10.6,87.1,,,3,270
2013305N07141,2013,UNNAMED,2013-11-12 06:00:00,TS,10.6,87.0,,,2,275
2013305N07141,2013,UNNAMED,2013-11-12 09:00:00,TS,10.6,86.9,,,2,270
2013305N07141,2013,UNNAMED,2013-11-12 12:00:00,TS,10.6,86.8,,,1,290
2013305N07141,2013,UNNAMED,2013-11-12 15:00:00,TS,10.6,86.8,,,1,315
2013305N07141,2013,UNNAMED,2013-11-12 18:00:00,TS,10.7,86.7,,,2,310
2013305N07141,2013,UNNAMED,2013-11-12 21:00:00,TS,10.7,86.6,,,3,320
2013305N07141,2013,UNNAMED,2013-11-13 00:00:00,TS,10.9,86.5,25.0,1004.0,5,310
2013305N07141,2013,UNNAMED,2013-11-13 03:00:00,TS,11.1,86.2,25.0,1004.0,4,300
2013305N07141,2013,UNNAMED,2013-11-13 06:00:00,TS,11.2,86.1,25.0,1004.0,2,305
2013305N07141,2013,UNNAMED,2013-11-13 09:00:00,TS,11.2,86.0,25.0,1004.0,2,285
2013305N07141,2013,UNNAMED,2013-11-13 12:00:00,TS,11.2,86.0,25.0,1003.0,2,265
2013305N07141,2013,UNNAMED,2013-11-13 15:00:00,TS,11.2,85.8,25.0,1003.0,3,260
2013305N07141,2013,UNNAMED,2013-11-13 18:00:00,TS,11.2,85.6,25.0,1003.0,4,265
2013305N07141,2013,UNNAMED,2013-11-13 21:00:00,TS,11.1,85.4,25.0,1003.0,3,260
2013305N07141,2013,UNNAMED,2013-11-14 00:00:00,TS,11.1,85.3,25.0,1003.0,2,245
2013305N07141,2013,UNNAMED,2013-11-14 03:00:00,TS,11.1,85.2,25.0,1003.0,1,205
2013305N07141,2013,UNNAMED,2013-11-14 06:00:00,TS,11.0,85.2,25.0,1003.0,4,205
2013305N07141,2013,UNNAMED,2013-11-14 09:00:00,TS,10.7,85.0,25.0,1003.0,7,210
2013305N07141,2013,UNNAMED,2013-11-14 12:00:00,TS,10.4,84.9,25.0,1003.0,6,210
2013305N07141,2013,UNNAMED,2013-11-14 15:00:00,TS,10.2,84.7,25.0,1003.0,4,225
2013305N07141,2013,UNNAMED,2013-11-14 18:00:00,TS,10.1,84.6,25.0,1003.0,5,230
2013305N07141,2013,UNNAMED,2013-11-14 21:00:00,TS,9.9,84.4,25.0,1003.0,7,230
2013305N07141,2013,UNNAMED,2013-11-15 00:00:00,TS,9.7,84.1,25.0,1003.0,9,235
2013305N07141,2013,UNNAMED,2013-11-15 03:00:00,TS,9.4,83.7,25.0,1003.0,6,250
2013305N07141,2013,UNNAMED,2013-11-15 06:00:00,TS,9.4,83.5,25.0,1003.0,4,280
2013305N07141,2013,UNNAMED,2013-11-15 09:00:00,TS,9.5,83.2,25.0,1003.0,7,285
2013305N07141,2013,UNNAMED,2013-11-15 12:00:00,TS,9.6,82.9,25.0,1003.0,9,295
2013305N07141,2013,UNNAMED,2013-11-15 15:00:00,TS,9.9,82.4,25.0,1003.0,10,305
2013305N07141,2013,UNNAMED,2013-11-15 18:00:00,TS,10.2,82.0,25.0,1003.0,9,305
2013305N07141,2013,UNNAMED,2013-11-15 21:00:00,TS,10.4,81.7,25.0,1003.0,8,305
2013305N07141,2013,UNNAMED,2013-11-16 00:00:00,TS,10.6,81.3,25.0,1003.0,13,295
2013305N07141,2013,UNNAMED,2013-11-16 03:00:00,TS,10.9,80.5,25.0,1003.0,13,285
2013305N07141,2013,UNNAMED,2013-11-16 06:00:00,TS,11.0,80.0,25.0,1003.0,10,275
2013305N07141,2013,UNNAMED,2013-11-16 09:00:00,TS,11.1,79.5,25.0,1004.0,10,275
2013305N07141,2013,UNNAMED,2013-11-16 12:00:00,TS,11.1,78.9,25.0,,12,280
2013305N07141,2013,UNNAMED,2013-11-16 15:00:00,TS,11.2,78.3,25.0,,13,280
2013305N07141,2013,UNNAMED,2013-11-16 18:00:00,MX,11.3,77.6,25.0,,14,275
2013305N07141,2013,UNNAMED,2013-11-16 21:00:00,DS,11.3,76.9,,,13,265
2013305N07141,2013,UNNAMED,2013-11-17 00:00:00,DS,11.2,76.3,,,12,260
2013305N07141,2013,UNNAMED,2013-11-17 03:00:00,DS,11.1,75.7,,,12,260
2013305N07141,2013,UNNAMED,2013-11-17 06:00:00,DS,11.0,75.1,,,13,260
2013305N07141,2013,UNNAMED,2013-11-17 09:00:00,DS,10.9,74.4,,,14,265
2013305N07141,2013,UNNAMED,2013-11-17 12:00:00,DS,10.9,73.7,,,12,275
2013305N07141,2013,UNNAMED,2013-11-17 15:00:00,DS,11.0,73.2,,,11,285
2013305N07141,2013,UNNAMED,2013-11-17 18:00:00,DS,11.2,72.6,,,13,285
2013305N07141,2013,UNNAMED,2013-11-17 21:00:00,DS,11.4,71.9,,,14,285
2013305N07141,2013,UNNAMED,2013-11-18 00:00:00,DS,11.6,71.2,,,13,290
2013305N07141,2013,UNNAMED,2013-11-18 03:00:00,DS,11.8,70.7,,,12,295
2013305N07141,2013,UNNAMED,2013-11-18 06:00:00,DS,12.1,70.1,,,14,290
2013305N07141,2013,UNNAMED,2013-11-18 09:00:00,DS,12.3,69.4,,,15,285
2013305N07141,2013,UNNAMED,2013-11-18 12:00:00,DS,12.5,68.6,,,14,280
2013305N07141,2013,UNNAMED,2013-11-18 15:00:00,DS,12.5,68.0,,,12,270
2013305N07141,2013,UNNAMED,2013-11-18 18:00:00,DS,12.5,67.4,,,12,270
2013305N07141,2013,UNNAMED,2013-11-18 21:00:00,DS,12.5,66.8,,,13,270
2013305N07141,2013,UNNAMED,2013-11-19 00:00:00,DS,12.5,66.1,,,14,265
2013305N07141,2013,UNNAMED,2013-11-19 03:00:00,DS,12.3,65.3,,,16,260
2013305N07141,2013,UNNAMED,2013-11-19 06:00:00,DS,12.2,64.5,,,17,265
2013305N07141,2013,UNNAMED,2013-11-19 09:00:00,DS,12.2,63.6,,,17,275
2013305N07141,2013,UNNAMED,2013-11-19 12:00:00,TS,12.3,62.8,,,15,280
2013305N07141,2013,UNNAMED,2013-11-19 15:00:00,TS,12.5,62.1,,,14,285
2013305N07141,2013,UNNAMED,2013-11-19 18:00:00,DS,12.7,61.4,,,15,280
2013305N07141,2013,UNNAMED,2013-11-19 21:00:00,DS,12.8,60.6,,,15,275
2013305N07141,2013,UNNAMED,2013-11-20 00:00:00,DS,12.8,59.9,,,9,270
2013305N07141,2013,UNNAMED,2013-11-20 03:00:00,DS,12.8,59.6,,,5,270
2013305N07141,2013,UNNAMED,2013-11-20 06:00:00,DS,12.8,59.4,,,7,280
2013305N07141,2013,UNNAMED,2013-11-20 09:00:00,DS,12.9,58.9,,,11,280
2013305N07141,2013,UNNAMED,2013-11-20 12:00:00,DS,13.0,58.3,,,12,270
2013305N07141,2013,UNNAMED,2013-11-20 15:00:00,DS,12.9,57.7,,,12,260
2013305N07141,2013,UNNAMED,2013-11-20 18:00:00,DS,12.8,57.1,,,12,255
2013305N07141,2013,UNNAMED,2013-11-20 21:00:00,DS,12.7,56.5,,,11,255
2013305N07141,2013,UNNAMED,2013-11-21 00:00:00,DS,12.5,56.0,,,11,255
2013310N06066,2013,UNNAMED,2013-11-06 00:00:00,DS,5.6,66.4,,,8,325
2013310N06066,2013,UNNAMED,2013-11-06 03:00:00,DS,5.9,66.2,,,8,320
2013310N06066,2013,UNNAMED,2013-11-06 06:00:00,DS,6.2,65.9,,,9,305
2013310N06066,2013,UNNAMED,2013-11-06 09:00:00,DS,6.4,65.5,,,11,295
2013310N06066,2013,UNNAMED,2013-11-06 12:00:00,TS,6.7,64.9,,,14,300
2013310N06066,2013,UNNAMED,2013-11-06 15:00:00,TS,7.1,64.3,,,15,300
2013310N06066,2013,UNNAMED,2013-11-06 18:00:00,DS,7.5,63.6,,,15,290
2013310N06066,2013,UNNAMED,2013-11-06 21:00:00,DS,7.6,62.9,,,15,280
2013310N06066,2013,UNNAMED,2013-11-07 00:00:00,DS,7.7,62.1,,,16,275
2013310N06066,2013,UNNAMED,2013-11-07 03:00:00,DS,7.8,61.2,,,17,280
2013310N06066,2013,UNNAMED,2013-11-07 06:00:00,DS,8.0,60.4,,,16,280
2013310N06066,2013,UNNAMED,2013-11-07 09:00:00,DS,8.2,59.7,,,14,280
2013310N06066,2013,UNNAMED,2013-11-07 12:00:00,DS,8.3,59.0,,,12,275
2013310N06066,2013,UNNAMED,2013-11-07 15:00:00,DS,8.3,58.4,,,11,265
2013310N06066,2013,UNNAMED,2013-11-07 18:00:00,TS,8.2,57.9,,,10,265
2013310N06066,2013,UNNAMED,2013-11-07 21:00:00,TS,8.2,57.4,,,9,265
2013310N06066,2013,UNNAMED,2013-11-08 00:00:00,DS,8.1,57.0,,,9,260
2013310N06066,2013,UNNAMED,2013-11-08 03:00:00,DS,8.0,56.6,,,8,260
2013310N06066,2013,UNNAMED,2013-11-08 06:00:00,TS,7.9,56.2,25.0,1006.0,10,270
2013310N06066,2013,UNNAMED,2013-11-08 09:00:00,TS,8.0,55.6,25.0,1005.0,12,275
2013310N06066,2013,UNNAMED,2013-11-08 12:00:00,TS,8.1,55.0,25.0,1004.0,11,270
2013310N06066,2013,UNNAMED,2013-11-08 15:00:00,TS,8.0,54.5,25.0,1004.0,10,265
2013310N06066,2013,UNNAMED,2013-11-08 18:00:00,TS,8.0,54.0,25.0,1004.0,9,270
2013310N06066,2013,UNNAMED,2013-11-08 21:00:00,TS,8.0,53.5,28.0,1003.0,9,270
2013310N06066,2013,UNNAMED,2013-11-09 00:00:00,TS,8.0,53.1,30.0,1002.0,8,270
2013310N06066,2013,UNNAMED,2013-11-09 03:00:00,TS,8.0,52.8,30.0,1002.0,4,270
2013310N06066,2013,UNNAMED,2013-11-09 06:00:00,TS,8.0,52.7,30.0,1002.0,4,270
2013310N06066,2013,UNNAMED,2013-11-09 09:00:00,TS,8.0,52.4,30.0,1002.0,6,270
2013310N06066,2013,UNNAMED,2013-11-09 12:00:00,TS,8.0,52.1,30.0,1002.0,5,270
2013310N06066,2013,UNNAMED,2013-11-09 15:00:00,TS,8.0,51.9,30.0,1002.0,1,270
2013310N06066,2013,UNNAMED,2013-11-09 18:00:00,TS,8.0,51.9,30.0,1002.0,1,270
2013310N06066,2013,UNNAMED,2013-11-09 21:00:00,TS,8.0,51.8,30.0,1002.0,1,270
2013310N06066,2013,UNNAMED,2013-11-10 00:00:00,TS,8.0,51.8,30.0,1002.0,2,270
2013310N06066,2013,UNNAMED,2013-11-10 03:00:00,TS,8.0,51.6,30.0,1002.0,4,270
2013310N06066,2013,UNNAMED,2013-11-10 06:00:00,TS,8.0,51.3,30.0,1002.0,5,275
2013310N06066,2013,UNNAMED,2013-11-10 09:00:00,TS,8.0,51.2,30.0,1002.0,2,305
2013310N06066,2013,UNNAMED,2013-11-10 12:00:00,TS,8.1,51.2,30.0,1002.0,3,290
2013310N06066,2013,UNNAMED,2013-11-10 15:00:00,TS,8.1,50.9,30.0,1002.0,6,280
2013310N06066,2013,UNNAMED,2013-11-10 18:00:00,TS,8.2,50.6,30.0,1002.0,6,285
2013310N06066,2013,UNNAMED,2013-11-10 21:00:00,TS,8.3,50.4,30.0,1002.0,6,295
2013310N06066,2013,UNNAMED,2013-11-11 00:00:00,TS,8.4,50.1,30.0,1002.0,8,300
2013310N06066,2013,UNNAMED,2013-11-11 03:00:00,TS,8.7,49.7,30.0,1002.0,10,300
2013310N06066,2013,UNNAMED,2013-11-11 06:00:00,TS,8.9,49.2,25.0,1004.0,12,300
2013310N06066,2013,UNNAMED,2013-11-11 09:00:00,TS,9.2,48.6,,,13,290
2013310N06066,2013,UNNAMED,2013-11-11 12:00:00,TS,9.4,48.0,,,12,280
2013310N06066,2013,UNNAMED,2013-11-11 15:00:00,TS,9.5,47.4,,,11,275
2013310N06066,2013,UNNAMED,2013-11-11 18:00:00,TS,9.5,46.9,,,10,280
2013310N06066,2013,UNNAMED,2013-11-11 21:00:00,TS,9.6,46.4,,,9,290
2013310N06066,2013,UNNAMED,2013-11-12 00:00:00,TS,9.8,46.0,,,9,295
2013322N13090,2013,HELEN,2013-11-18 00:00:00,DS,13.3,90.0,,,13,300
2013322N13090,2013,HELEN,2013-11-18 03:00:00,DS,13.6,89.5,,,13,305
2013322N13090,2013,HELEN,2013-11-18 06:00:00,TS,14.0,88.9,,,13,305
2013322N13090,2013,HELEN,2013-11-18 09:00:00,TS,14.4,88.3,,,13,305
2013322N13090,2013,HELEN,2013-11-18 12:00:00,TS,14.7,87.8,,,11,295
2013322N13090,2013,HELEN,2013-11-18 15:00:00,TS,14.8,87.3,,,9,275
2013322N13090,2013,HELEN,2013-11-18 18:00:00,TS,14.8,86.9,,,8,270
2013322N13090,2013,HELEN,2013-11-18 21:00:00,TS,14.8,86.5,,,7,265
2013322N13090,2013,HELEN,2013-11-19 00:00:00,TS,14.7,86.2,25.0,1004.0,6,265
2013322N13090,2013,HELEN,2013-11-19 03:00:00,TS,14.8,85.9,25.0,1004.0,6,275
2013322N13090,2013,HELEN,2013-11-19 06:00:00,TS,14.8,85.6,25.0,1004.0,6,280
2013322N13090,2013,HELEN,2013-11-19 09:00:00,TS,14.9,85.3,25.0,1004.0,5,295
2013322N13090,2013,HELEN,2013-11-19 12:00:00,TS,15.0,85.1,25.0,1004.0,4,285
2013322N13090,2013,HELEN,2013-11-19 15:00:00,TS,15.0,84.9,30.0,1002.0,5,265
2013322N13090,2013,HELEN,2013-11-19 18:00:00,TS,15.0,84.5,30.0,1002.0,6,270
2013322N13090,2013,HELEN,2013-11-19 21:00:00,TS,15.0,84.2,30.0,1002.0,4,285
2013322N13090,2013,HELEN,2013-11-20 00:00:00,TS,15.1,84.1,30.0,1002.0,2,305
2013322N13090,2013,HELEN,2013-11-20 03:00:00,TS,15.1,84.1,35.0,1000.0,2,345
2013322N13090,2013,HELEN,2013-11-20 06:00:00,TS,15.3,84.1,40.0,1000.0,2,345
2013322N13090,2013,HELEN,2013-11-20 09:00:00,TS,15.3,84.0,40.0,1000.0,2,330
2013322N13090,2013,HELEN,2013-11-20 12:00:00,TS,15.4,84.0,45.0,998.0,2,315
2013322N13090,2013,HELEN,2013-11-20 15:00:00,TS,15.4,83.9,45.0,998.0,2,295
2013322N13090,2013,HELEN,2013-11-20 18:00:00,TS,15.5,83.8,45.0,996.0,3,300
2013322N13090,2013,HELEN,2013-11-20 21:00:00,TS,15.6,83.7,45.0,996.0,2,310
2013322N13090,2013,HELEN,2013-11-21 00:00:00,TS,15.7,83.6,50.0,994.0,3,315
2013322N13090,2013,HELEN,2013-11-21 03:00:00,TS,15.8,83.4,50.0,992.0,3,315
2013322N13090,2013,HELEN,2013-11-21 06:00:00,TS,15.9,83.3,55.0,990.0,4,305
2013322N13090,2013,HELEN,2013-11-21 09:00:00,TS,16.0,83.1,55.0,990.0,4,300
2013322N13090,2013,HELEN,2013-11-21 12:00:00,TS,16.1,83.0,55.0,990.0,4,285
2013322N13090,2013,HELEN,2013-11-21 15:00:00,TS,16.1,82.7,55.0,990.0,3,280
2013322N13090,2013,HELEN,2013-11-21 18:00:00,TS,16.2,82.6,55.0,990.0,4,275
2013322N13090,2013,HELEN,2013-11-21 21:00:00,TS,16.1,82.3,55.0,990.0,6,270
2013322N13090,2013,HELEN,2013-11-22 00:00:00,TS,16.2,82.0,55.0,990.0,5,275
2013322N13090,2013,HELEN,2013-11-22 03:00:00,TS,16.2,81.7,55.0,990.0,5,275
2013322N13090,2013,HELEN,2013-11-22 06:00:00,TS,16.2,81.4,55.0,990.0,5,255
2013322N13090,2013,HELEN,2013-11-22 09:00:00,TS,16.0,81.2,40.0,1000.0,7,240
2013322N13090,2013,HELEN,2013-11-22 12:00:00,TS,15.8,80.8,30.0,1002.0,7,255
2013322N13090,2013,HELEN,2013-11-22 15:00:00,TS,15.9,80.5,28.0,1003.0,7,290
2013322N13090,2013,HELEN,2013-11-22 18:00:00,TS,16.1,80.2,25.0,1004.0,8,300
2013322N13090,2013,HELEN,2013-11-22 21:00:00,TS,16.3,79.7,,,9,300
2013322N13090,2013,HELEN,2013-11-23 00:00:00,DS,16.5,79.4,,,8,310
2013322N13090,2013,HELEN,2013-11-23 03:00:00,DS,16.8,79.1,,,9,320
2013322N13090,2013,HELEN,2013-11-23 06:00:00,DS,17.2,78.8,,,9,325
2013324N07103,2013,LEHAR,2013-11-19 18:00:00,DS,7.3,103.3,,,7,190
2013324N07103,2013,LEHAR,2013-11-19 21:00:00,DS,7.0,103.2,,,5,200
2013324N07103,2013,LEHAR,2013-11-20 00:00:00,DS,6.8,103.1,,,4,250
2013324N07103,2013,LEHAR,2013-11-20 03:00:00,DS,6.8,102.9,,,5,280
2013324N07103,2013,LEHAR,2013-11-20 06:00:00,DS,6.9,102.6,,,4,255
2013324N07103,2013,LEHAR,2013-11-20 09:00:00,DS,6.7,102.4,,,5,215
2013324N07103,2013,LEHAR,2013-11-20 12:00:00,DS,6.5,102.3,,,5,220
2013324N07103,2013,LEHAR,2013-11-20 15:00:00,DS,6.4,102.2,,,4,235
2013324N07103,2013,LEHAR,2013-11-20 18:00:00,DS,6.3,102.0,,,3,250
2013324N07103,2013,LEHAR,2013-11-20 21:00:00,DS,6.3,101.9,,,3,270
2013324N07103,2013,LEHAR,2013-11-21 00:00:00,DS,6.3,101.7,,,4,275
2013324N07103,2013,LEHAR,2013-11-21 03:00:00,DS,6.3,101.5,,,5,280
2013324N07103,2013,LEHAR,2013-11-21 06:00:00,DS,6.4,101.2,,,6,295
2013324N07103,2013,LEHAR,2013-11-21 09:00:00,DS,6.6,100.9,,,7,295
2013324N07103,2013,LEHAR,2013-11-21 12:00:00,DS,6.7,100.6,,,7,285
2013324N07103,2013,LEHAR,2013-11-21 15:00:00,DS,6.7,100.2,,,7,270
2013324N07103,2013,LEHAR,2013-11-21 18:00:00,DS,6.7,99.9,,,6,265
2013324N07103,2013,LEHAR,2013-11-21 21:00:00,DS,6.7,99.6,,,5,260
2013324N07103,2013,LEHAR,2013-11-22 00:00:00,DS,6.6,99.4,,,5,240
2013324N07103,2013,LEHAR,2013-11-22 03:00:00,DS,6.4,99.2,,,5,235
2013324N07103,2013,LEHAR,2013-11-22 06:00:00,DS,6.3,99.0,,,5,245
2013324N07103,2013,LEHAR,2013-11-22 09:00:00,DS,6.2,98.7,,,5,270
2013324N07103,2013,LEHAR,2013-11-22 12:00:00,DS,6.3,98.5,,,4,310
2013324N07103,2013,LEHAR,2013-11-22 15:00:00,DS,6.5,98.4,,,5,340
2013324N07103,2013,LEHAR,2013-11-22 18:00:00,TS,6.8,98.3,,,6,330
2013324N07103,2013,LEHAR,2013-11-22 21:00:00,TS,7.0,98.1,,,7,315
2013324N07103,2013,LEHAR,2013-11-23 00:00:00,TS,7.3,97.8,,,8,315
2013324N07103,2013,LEHAR,2013-11-23 03:00:00,TS,7.6,97.5,,,9,320
2013324N07103,2013,LEHAR,2013-11-23 06:00:00,TS,8.0,97.2,,,9,320
2013324N07103,2013,LEHAR,2013-11-23 09:00:00,TS,8.3,96.9,,,9,315
2013324N07103,2013,LEHAR,2013-11-23 12:00:00,TS,8.7,96.6,25.0,1004.0,8,315
2013324N07103,2013,LEHAR,2013-11-23 15:00:00,TS,8.9,96.3,28.0,1003.0,8,320
2013324N07103,2013,LEHAR,2013-11-23 18:00:00,TS,9.2,96.1,30.0,1002.0,10,315
2013324N07103,2013,LEHAR,2013-11-23 21:00:00,TS,9.6,95.6,33.0,1001.0,11,310
2013324N07103,2013,LEHAR,2013-11-24 00:00:00,TS,10.0,95.2,35.0,999.0,8,310
2013324N07103,2013,LEHAR,2013-11-24 03:00:00,TS,10.2,95.0,40.0,998.0,8,310
2013324N07103,2013,LEHAR,2013-11-24 06:00:00,TS,10.6,94.6,40.0,998.0,11,305
2013324N07103,2013,LEHAR,2013-11-24 09:00:00,TS,10.8,94.1,45.0,996.0,10,300
2013324N07103,2013,LEHAR,2013-11-24 12:00:00,TS,11.0,93.7,45.0,996.0,7,300
2013324N07103,2013,LEHAR,2013-11-24 15:00:00,TS,11.1,93.5,45.0,996.0,7,310
2013324N07103,2013,LEHAR,2013-11-24 18:00:00,TS,11.5,93.2,45.0,996.0,9,300
2013324N07103,2013,LEHAR,2013-11-24 21:00:00,TS,11.5,92.7,45.0,996.0,7,305
2013324N07103,2013,LEHAR,2013-11-25 00:00:00,TS,11.8,92.6,55.0,992.0,6,305
2013324N07103,2013,LEHAR,2013-11-25 03:00:00,TS,11.9,92.2,55.0,990.0,7,280
2013324N07103,2013,LEHAR,2013-11-25 06:00:00,TS,12.0,91.9,55.0,988.0,5,280
2013324N07103,2013,LEHAR,2013-11-25 09:00:00,TS,12.0,91.7,60.0,988.0,4,325
2013324N07103,2013,LEHAR,2013-11-25 12:00:00,TS,12.3,91.6,60.0,988.0,6,305
2013324N07103,2013,LEHAR,2013-11-25 15:00:00,TS,12.3,91.2,60.0,988.0,5,280
2013324N07103,2013,LEHAR,2013-11-25 18:00:00,TS,12.4,91.1,55.0,988.0,3,290
2013324N07103,2013,LEHAR,2013-11-25 21:00:00,TS,12.4,90.9,65.0,984.0,6,280
2013324N07103,2013,LEHAR,2013-11-26 00:00:00,TS,12.5,90.5,70.0,982.0,9,275
2013324N07103,2013,LEHAR,2013-11-26 03:00:00,TS,12.5,90.1,70.0,982.0,9,275
2013324N07103,2013,LEHAR,2013-11-26 06:00:00,TS,12.6,89.6,70.0,982.0,9,290
2013324N07103,2013,LEHAR,2013-11-26 09:00:00,TS,12.9,89.1,70.0,982.0,9,290
2013324N07103,2013,LEHAR,2013-11-26 12:00:00,TS,13.0,88.7,70.0,982.0,6,280
2013324N07103,2013,LEHAR,2013-11-26 15:00:00,TS,13.0,88.5,70.0,982.0,7,290
2013324N07103,2013,LEHAR,2013-11-26 18:00:00,TS,13.2,88.1,75.0,980.0,10,285
2013324N07103,2013,LEHAR,2013-11-26 21:00:00,TS,13.3,87.5,75.0,980.0,11,290
2013324N07103,2013,LEHAR,2013-11-27 00:00:00,TS,13.6,87.0,75.0,980.0,11,290
2013324N07103,2013,LEHAR,2013-11-27 03:00:00,TS,13.6,86.5,75.0,980.0,11,290
2013324N07103,2013,LEHAR,2013-11-27 06:00:00,TS,13.9,86.0,70.0,982.0,10,290
2013324N07103,2013,LEHAR,2013-11-27 09:00:00,TS,14.0,85.5,65.0,984.0,9,285
2013324N07103,2013,LEHAR,2013-11-27 12:00:00,TS,14.2,85.1,55.0,988.0,9,290
2013324N07103,2013,LEHAR,2013-11-27 15:00:00,TS,14.2,84.6,55.0,988.0,10,290
2013324N07103,2013,LEHAR,2013-11-27 18:00:00,TS,14.6,84.1,45.0,996.0,11,295
2013324N07103,2013,LEHAR,2013-11-27 21:00:00,TS,14.7,83.6,40.0,998.0,16,290
2013324N07103,2013,LEHAR,2013-11-28 00:00:00,TS,15.1,82.5,30.0,1000.0,15,295
2013324N07103,2013,LEHAR,2013-11-28 03:00:00,TS,15.3,82.1,30.0,1000.0,8,290
2013324N07103,2013,LEHAR,2013-11-28 06:00:00,TS,15.3,81.7,30.0,1000.0,7,285
2013324N07103,2013,LEHAR,2013-11-28 09:00:00,TS,15.5,81.4,25.0,1002.0,7,290
2013324N07103,2013,LEHAR,2013-11-28 12:00:00,TS,15.5,81.0,20.0,1004.0,8,265
2013324N07103,2013,LEHAR,2013-11-28 15:00:00,TS,15.4,80.6,,,10,265
2013324N07103,2013,LEHAR,2013-11-28 18:00:00,TS,15.4,80.0,,,12,285
2013324N07103,2013,LEHAR,2013-11-28 21:00:00,TS,15.7,79.4,,,14,300
2013324N07103,2013,LEHAR,2013-11-29 00:00:00,DS,16.1,78.8,,,15,305
2013339N09084,2013,MADI,2013-12-05 00:00:00,DS,9.0,84.3,,,2,300
2013339N09084,2013,MADI,2013-12-05 03:00:00,DS,9.1,84.2,,,2,295
2013339N09084,2013,MADI,2013-12-05 06:00:00,DS,9.1,84.1,,,2,295
2013339N09084,2013,MADI,2013-12-05 09:00:00,DS,9.1,84.0,,,2,295
2013339N09084,2013,MADI,2013-12-05 12:00:00,TS,9.2,83.9,,,2,315
2013339N09084,2013,MADI,2013-12-05 15:00:00,TS,9.3,83.8,,,2,335
2013339N09084,2013,MADI,2013-12-05 18:00:00,TS,9.4,83.8,,,2,335
2013339N09084,2013,MADI,2013-12-05 21:00:00,TS,9.5,83.7,,,2,335
2013339N09084,2013,MADI,2013-12-06 00:00:00,TS,9.6,83.7,,,2,0
2013339N09084,2013,MADI,2013-12-06 03:00:00,TS,9.7,83.7,25.0,1004.0,2,25
2013339N09084,2013,MADI,2013-12-06 06:00:00,TS,9.8,83.8,25.0,1004.0,2,35
2013339N09084,2013,MADI,2013-12-06 09:00:00,TS,9.9,83.9,25.0,1004.0,2,25
2013339N09084,2013,MADI,2013-12-06 12:00:00,TS,10.0,83.9,25.0,1004.0,2,20
2013339N09084,2013,MADI,2013-12-06 15:00:00,TS,10.1,83.9,28.0,1003.0,2,15
2013339N09084,2013,MADI,2013-12-06 18:00:00,TS,10.2,84.0,30.0,1002.0,2,30
2013339N09084,2013,MADI,2013-12-06 21:00:00,TS,10.3,84.0,33.0,1000.0,2,45
2013339N09084,2013,MADI,2013-12-07 00:00:00,TS,10.4,84.1,35.0,998.0,2,50
2013339N09084,2013,MADI,2013-12-07 03:00:00,TS,10.4,84.2,35.0,998.0,2,35
2013339N09084,2013,MADI,2013-12-07 06:00:00,TS,10.5,84.3,45.0,996.0,3,30
2013339N09084,2013,MADI,2013-12-07 09:00:00,TS,10.7,84.3,55.0,992.0,4,25
2013339N09084,2013,MADI,2013-12-07 12:00:00,TS,10.9,84.4,55.0,992.0,4,25
2013339N09084,2013,MADI,2013-12-07 15:00:00,TS,11.0,84.5,55.0,992.0,4,15
2013339N09084,2013,MADI,2013-12-07 18:00:00,TS,11.3,84.5,55.0,990.0,5,5
2013339N09084,2013,MADI,2013-12-07 21:00:00,TS,11.5,84.5,55.0,990.0,6,5
2013339N09084,2013,MADI,2013-12-08 00:00:00,TS,11.9,84.6,60.0,988.0,5,5
2013339N09084,2013,MADI,2013-12-08 03:00:00,TS,12.1,84.6,60.0,988.0,5,15
2013339N09084,2013,MADI,2013-12-08 06:00:00,TS,12.4,84.7,65.0,986.0,6,10
2013339N09084,2013,MADI,2013-12-08 09:00:00,TS,12.6,84.7,65.0,986.0,6,0
2013339N09084,2013,MADI,2013-12-08 12:00:00,TS,13.0,84.7,65.0,986.0,6,355
2013339N09084,2013,MADI,2013-12-08 15:00:00,TS,13.2,84.7,65.0,986.0,5,355
2013339N09084,2013,MADI,2013-12-08 18:00:00,TS,13.4,84.6,65.0,986.0,5,355
2013339N09084,2013,MADI,2013-12-08 21:00:00,TS,13.6,84.6,65.0,986.0,5,0
2013339N09084,2013,MADI,2013-12-09 00:00:00,TS,13.9,84.6,65.0,986.0,4,0
2013339N09084,2013,MADI,2013-12-09 03:00:00,TS,14.1,84.7,65.0,986.0,5,5
2013339N09084,2013,MADI,2013-12-09 06:00:00,TS,14.3,84.7,65.0,986.0,4,10
2013339N09084,2013,MADI,2013-12-09 09:00:00,TS,14.4,84.7,65.0,986.0,3,15
2013339N09084,2013,MADI,2013-12-09 12:00:00,TS,14.6,84.8,60.0,988.0,3,15
2013339N09084,2013,MADI,2013-12-09 15:00:00,TS,14.7,84.8,60.0,988.0,2,25
2013339N09084,2013,MADI,2013-12-09 18:00:00,TS,14.8,84.9,60.0,988.0,2,30
2013339N09084,2013,MADI,2013-12-09 21:00:00,TS,14.8,84.9,60.0,988.0,2,35
2013339N09084,2013,MADI,2013-12-10 00:00:00,TS,15.0,85.1,60.0,988.0,5,40
2013339N09084,2013,MADI,2013-12-10 03:00:00,TS,15.3,85.3,65.0,988.0,5,30
2013339N09084,2013,MADI,2013-12-10 06:00:00,TS,15.4,85.3,65.0,988.0,3,350
2013339N09084,2013,MADI,2013-12-10 09:00:00,TS,15.5,85.2,65.0,988.0,4,255
2013339N09084,2013,MADI,2013-12-10 12:00:00,TS,15.3,85.0,55.0,990.0,7,225
2013339N09084,2013,MADI,2013-12-10 15:00:00,TS,15.1,84.7,55.0,990.0,6,225
2013339N09084,2013,MADI,2013-12-10 18:00:00,TS,14.9,84.6,50.0,992.0,5,215
2013339N09084,2013,MADI,2013-12-10 21:00:00,TS,14.7,84.4,45.0,994.0,7,220
2013339N09084,2013,MADI,2013-12-11 00:00:00,TS,14.4,84.1,40.0,996.0,8,225
2013339N09084,2013,MADI,2013-12-11 03:00:00,TS,14.1,83.8,30.0,998.0,8,220
2013339N09084,2013,MADI,2013-12-11 06:00:00,TS,13.8,83.6,30.0,998.0,7,215
2013339N09084,2013,MADI,2013-12-11 09:00:00,TS,13.6,83.4,30.0,1000.0,6,215
2013339N09084,2013,MADI,2013-12-11 12:00:00,TS,13.4,83.3,30.0,1000.0,6,220
2013339N09084,2013,MADI,2013-12-11 15:00:00,TS,13.1,83.0,28.0,1000.0,7,225
2013339N09084,2013,MADI,2013-12-11 18:00:00,TS,12.9,82.7,25.0,1000.0,8,230
2013339N09084,2013,MADI,2013-12-11 21:00:00,TS,12.6,82.4,25.0,1000.0,9,235
2013339N09084,2013,MADI,2013-12-12 00:00:00,TS,12.3,82.0,25.0,1000.0,11,225
2013339N09084,2013,MADI,2013-12-12 03:00:00,TS,11.9,81.5,25.0,1000.0,12,220
2013339N09084,2013,MADI,2013-12-12 06:00:00,TS,11.4,81.2,25.0,1000.0,12,215
2013339N09084,2013,MADI,2013-12-12 09:00:00,TS,10.9,80.8,25.0,1000.0,13,220
2013339N09084,2013,MADI,2013-12-12 12:00:00,TS,10.4,80.3,25.0,1000.0,14,240
2013339N09084,2013,MADI,2013-12-12 15:00:00,TS,10.2,79.6,23.0,1002.0,15,255
2013339N09084,2013,MADI,2013-12-12 18:00:00,TS,10.0,78.8,20.0,1004.0,16,265
2014003N08086,2014,UNNAMED,2014-01-02 18:00:00,DS,7.6,85.5,,,4,280
2014003N08086,2014,UNNAMED,2014-01-02 21:00:00,DS,7.6,85.3,,,4,285
2014003N08086,2014,UNNAMED,2014-01-03 00:00:00,DS,7.7,85.1,,,4,290
2014003N08086,2014,UNNAMED,2014-01-03 03:00:00,DS,7.8,84.9,,,4,305
2014003N08086,2014,UNNAMED,2014-01-03 06:00:00,TS,7.9,84.8,,,3,320
2014003N08086,2014,UNNAMED,2014-01-03 09:00:00,TS,8.0,84.7,,,4,325
2014003N08086,2014,UNNAMED,2014-01-03 12:00:00,TS,8.2,84.6,,,4,325
2014003N08086,2014,UNNAMED,2014-01-03 15:00:00,TS,8.3,84.5,,,4,315
2014003N08086,2014,UNNAMED,2014-01-03 18:00:00,TS,8.5,84.3,,,5,305
2014003N08086,2014,UNNAMED,2014-01-03 21:00:00,TS,8.7,84.1,,,6,300
2014003N08086,2014,UNNAMED,2014-01-04 00:00:00,TS,8.8,83.8,,,5,290
2014003N08086,2014,UNNAMED,2014-01-04 03:00:00,TS,8.8,83.5,25.0,1006.0,6,290
2014003N08086,2014,UNNAMED,2014-01-04 06:00:00,TS,9.0,83.2,25.0,1006.0,6,295
2014003N08086,2014,UNNAMED,2014-01-04 09:00:00,TS,9.1,83.0,25.0,1006.0,3,280
2014003N08086,2014,UNNAMED,2014-01-04 12:00:00,TS,9.1,82.9,25.0,1006.0,3,280
2014003N08086,2014,UNNAMED,2014-01-04 15:00:00,TS,9.1,82.7,25.0,1006.0,5,290
2014003N08086,2014,UNNAMED,2014-01-04 18:00:00,TS,9.2,82.5,25.0,1006.0,5,290
2014003N08086,2014,UNNAMED,2014-01-04 21:00:00,TS,9.3,82.2,25.0,1006.0,4,285
2014003N08086,2014,UNNAMED,2014-01-05 00:00:00,TS,9.3,82.1,25.0,1006.0,2,280
2014003N08086,2014,UNNAMED,2014-01-05 03:00:00,TS,9.3,82.0,25.0,1006.0,2,270
2014003N08086,2014,UNNAMED,2014-01-05 06:00:00,TS,9.3,81.9,25.0,1006.0,3,270
2014003N08086,2014,UNNAMED,2014-01-05 09:00:00,TS,9.3,81.7,25.0,1005.0,2,270
2014003N08086,2014,UNNAMED,2014-01-05 12:00:00,TS,9.3,81.6,25.0,1004.0,2,270
2014003N08086,2014,UNNAMED,2014-01-05 15:00:00,TS,9.3,81.5,25.0,1004.0,2,270
2014003N08086,2014,UNNAMED,2014-01-05 18:00:00,TS,9.3,81.4,25.0,1004.0,1,270
2014003N08086,2014,UNNAMED,2014-01-05 21:00:00,TS,9.3,81.4,25.0,1004.0,1,270
2014003N08086,2014,UNNAMED,2014-01-06 00:00:00,TS,9.3,81.3,25.0,1004.0,3,275
2014003N08086,2014,UNNAMED,2014-01-06 03:00:00,TS,9.3,81.1,25.0,1006.0,5,240
2014003N08086,2014,UNNAMED,2014-01-06 06:00:00,TS,9.1,80.9,25.0,1006.0,5,220
2014003N08086,2014,UNNAMED,2014-01-06 09:00:00,TS,8.9,80.7,25.0,1006.0,3,220
2014003N08086,2014,UNNAMED,2014-01-06 12:00:00,TS,8.8,80.6,25.0,1006.0,3,220
2014003N08086,2014,UNNAMED,2014-01-06 15:00:00,TS,8.7,80.5,25.0,1006.0,5,220
2014003N08086,2014,UNNAMED,2014-01-06 18:00:00,TS,8.4,80.3,25.0,1006.0,6,220
2014003N08086,2014,UNNAMED,2014-01-06 21:00:00,TS,8.2,80.1,25.0,1006.0,7,220
2014003N08086,2014,UNNAMED,2014-01-07 00:00:00,TS,7.9,79.9,25.0,1006.0,6,220
2014003N08086,2014,UNNAMED,2014-01-07 03:00:00,TS,7.7,79.8,,,5,225
2014003N08086,2014,UNNAMED,2014-01-07 06:00:00,TS,7.6,79.6,,,4,235
2014003N08086,2014,UNNAMED,2014-01-07 09:00:00,TS,7.5,79.4,,,4,245
2014003N08086,2014,UNNAMED,2014-01-07 12:00:00,TS,7.4,79.2,,,4,260
2014003N08086,2014,UNNAMED,2014-01-07 15:00:00,TS,7.4,79.1,,,3,290
2014003N08086,2014,UNNAMED,2014-01-07 18:00:00,TS,7.5,78.9,,,4,300
2014003N08086,2014,UNNAMED,2014-01-07 21:00:00,TS,7.6,78.7,,,4,295
2014003N08086,2014,UNNAMED,2014-01-08 00:00:00,TS,7.7,78.5,,,5,290
2014003N08086,2014,UNNAMED,2014-01-08 03:00:00,TS,7.7,78.3,,,5,280
2014003N08086,2014,UNNAMED,2014-01-08 06:00:00,TS,7.8,78.0,,,7,280
2014003N08086,2014,UNNAMED,2014-01-08 09:00:00,TS,7.9,77.6,,,9,285
2014003N08086,2014,UNNAMED,2014-01-08 12:00:00,DS,8.0,77.1,,,10,285
2014141N16091,2014,UNNAMED,2014-05-21 03:00:00,TS,15.5,90.5,25.0,1004.0,10,0
2014141N16091,2014,UNNAMED,2014-05-21 06:00:00,TS,16.0,90.5,25.0,1004.0,9,15
2014141N16091,2014,UNNAMED,2014-05-21 09:00:00,TS,16.3,90.7,25.0,1003.0,7,45
2014141N16091,2014,UNNAMED,2014-05-21 12:00:00,TS,16.5,91.0,25.0,1002.0,3,45
2014141N16091,2014,UNNAMED,2014-05-21 15:00:00,TS,16.5,91.0,25.0,1002.0,0,0
2014141N16091,2014,UNNAMED,2014-05-21 18:00:00,TS,16.5,91.0,25.0,1002.0,5,95
2014141N16091,2014,UNNAMED,2014-05-21 21:00:00,TS,16.5,91.5,25.0,1001.0,10,90
2014141N16091,2014,UNNAMED,2014-05-22 00:00:00,TS,16.5,92.0,25.0,1000.0,4,90
2014141N16091,2014,UNNAMED,2014-05-22 03:00:00,TS,16.5,92.0,25.0,1000.0,7,45
2014141N16091,2014,UNNAMED,2014-05-22 06:00:00,TS,17.0,92.5,25.0,1000.0,9,25
2014141N16091,2014,UNNAMED,2014-05-22 09:00:00,TS,17.3,92.4,25.0,1000.0,7,315
2014141N16091,2014,UNNAMED,2014-05-22 12:00:00,TS,17.5,92.0,25.0,1000.0,4,305
2014141N16091,2014,UNNAMED,2014-05-22 15:00:00,TS,17.6,92.0,25.0,1000.0,0,0
2014141N16091,2014,UNNAMED,2014-05-22 18:00:00,TS,17.5,92.0,25.0,1000.0,5,235
2014141N16091,2014,UNNAMED,2014-05-22 21:00:00,TS,17.3,91.6,25.0,1000.0,11,240
2014141N16091,2014,UNNAMED,2014-05-23 00:00:00,TS,17.0,91.0,25.0,1000.0,13,245
2014159N12068,2014,NANAUK,2014-06-08 06:00:00,DS,12.4,68.3,,,5,325
2014159N12068,2014,NANAUK,2014-06-08 09:00:00,DS,12.6,68.1,,,5,325
2014159N12068,2014,NANAUK,2014-06-08 12:00:00,DS,12.8,68.0,,,4,320
2014159N12068,2014,NANAUK,2014-06-08 15:00:00,DS,12.9,67.9,,,3,315
2014159N12068,2014,NANAUK,2014-06-08 18:00:00,TS,13.0,67.8,,,3,310
2014159N12068,2014,NANAUK,2014-06-08 21:00:00,TS,13.1,67.7,,,3,315
2014159N12068,2014,NANAUK,2014-06-09 00:00:00,TS,13.2,67.6,,,2,330
2014159N12068,2014,NANAUK,2014-06-09 03:00:00,TS,13.3,67.6,,,2,25
2014159N12068,2014,NANAUK,2014-06-09 06:00:00,TS,13.4,67.7,,,5,60
2014159N12068,2014,NANAUK,2014-06-09 09:00:00,TS,13.6,68.1,,,9,65
2014159N12068,2014,NANAUK,2014-06-09 12:00:00,TS,13.8,68.5,,,10,55
2014159N12068,2014,NANAUK,2014-06-09 15:00:00,TS,14.1,68.9,,,10,45
2014159N12068,2014,NANAUK,2014-06-09 18:00:00,TS,14.5,69.2,,,7,20
2014159N12068,2014,NANAUK,2014-06-09 21:00:00,TS,14.8,69.2,,,6,340
2014159N12068,2014,NANAUK,2014-06-10 00:00:00,TS,15.1,69.0,,,7,330
2014159N12068,2014,NANAUK,2014-06-10 03:00:00,TS,15.4,68.8,,,7,325
2014159N12068,2014,NANAUK,2014-06-10 06:00:00,TS,15.7,68.6,,,6,315
2014159N12068,2014,NANAUK,2014-06-10 09:00:00,TS,15.8,68.4,25.0,998.0,6,305
2014159N12068,2014,NANAUK,2014-06-10 12:00:00,TS,16.1,68.1,25.0,996.0,7,310
2014159N12068,2014,NANAUK,2014-06-10 15:00:00,TS,16.3,67.8,28.0,995.0,6,310
2014159N12068,2014,NANAUK,2014-06-10 18:00:00,TS,16.5,67.6,30.0,994.0,4,295
2014159N12068,2014,NANAUK,2014-06-10 21:00:00,TS,16.5,67.4,33.0,993.0,4,285
2014159N12068,2014,NANAUK,2014-06-11 00:00:00,TS,16.6,67.2,35.0,992.0,5,305
2014159N12068,2014,NANAUK,2014-06-11 03:00:00,TS,16.7,67.0,35.0,992.0,6,310
2014159N12068,2014,NANAUK,2014-06-11 06:00:00,TS,17.0,66.7,45.0,990.0,6,310
2014159N12068,2014,NANAUK,2014-06-11 09:00:00,TS,17.1,66.5,45.0,990.0,7,315
2014159N12068,2014,NANAUK,2014-06-11 12:00:00,TS,17.4,66.2,45.0,988.0,6,310
2014159N12068,2014,NANAUK,2014-06-11 15:00:00,TS,17.6,66.0,45.0,988.0,5,295
2014159N12068,2014,NANAUK,2014-06-11 18:00:00,TS,17.6,65.8,45.0,988.0,4,285
2014159N12068,2014,NANAUK,2014-06-11 21:00:00,TS,17.7,65.6,45.0,988.0,6,300
2014159N12068,2014,NANAUK,2014-06-12 00:00:00,TS,17.9,65.3,45.0,986.0,7,300
2014159N12068,2014,NANAUK,2014-06-12 03:00:00,TS,18.0,64.9,45.0,986.0,6,295
2014159N12068,2014,NANAUK,2014-06-12 06:00:00,TS,18.2,64.6,45.0,986.0,6,295
2014159N12068,2014,NANAUK,2014-06-12 09:00:00,TS,18.3,64.3,45.0,988.0,6,305
2014159N12068,2014,NANAUK,2014-06-12 12:00:00,TS,18.5,64.1,45.0,988.0,6,325
2014159N12068,2014,NANAUK,2014-06-12 15:00:00,TS,18.8,64.0,45.0,988.0,8,0
2014159N12068,2014,NANAUK,2014-06-12 18:00:00,TS,19.3,64.1,45.0,988.0,12,20
2014159N12068,2014,NANAUK,2014-06-12 21:00:00,TS,19.9,64.4,45.0,988.0,12,25
2014159N12068,2014,NANAUK,2014-06-13 00:00:00,TS,20.4,64.6,45.0,988.0,8,360
2014159N12068,2014,NANAUK,2014-06-13 03:00:00,TS,20.7,64.4,45.0,990.0,10,325
2014159N12068,2014,NANAUK,2014-06-13 06:00:00,MX,21.2,64.0,40.0,992.0,8,325
2014159N12068,2014,NANAUK,2014-06-13 09:00:00,MX,21.4,63.9,30.0,994.0,2,10
2014159N12068,2014,NANAUK,2014-06-13 12:00:00,MX,21.4,64.0,25.0,996.0,2,65
2014159N12068,2014,NANAUK,2014-06-13 15:00:00,MX,21.5,64.1,25.0,996.0,2,60
2014159N12068,2014,NANAUK,2014-06-13 18:00:00,MX,21.5,64.2,25.0,996.0,3,70
2014159N12068,2014,NANAUK,2014-06-13 21:00:00,MX,21.6,64.3,25.0,996.0,3,70
2014159N12068,2014,NANAUK,2014-06-14 00:00:00,MX,21.6,64.5,25.0,996.0,3,70
2014159N12068,2014,NANAUK,2014-06-14 03:00:00,DS,21.7,64.6,,,3,70
2014159N12068,2014,NANAUK,2014-06-14 06:00:00,DS,21.7,64.8,,,3,80
2014159N12068,2014,NANAUK,2014-06-14 09:00:00,DS,21.7,65.0,,,4,90
2014159N12068,2014,NANAUK,2014-06-14 12:00:00,DS,21.7,65.2,,,4,95
2014202N22087,2014,UNNAMED,2014-07-21 03:00:00,TS,22.0,87.0,25.0,988.0,12,290
2014202N22087,2014,UNNAMED,2014-07-21 06:00:00,TS,22.2,86.4,20.0,988.0,13,285
2014202N22087,2014,UNNAMED,2014-07-21 09:00:00,TS,22.4,85.7,20.0,988.0,13,285
2014202N22087,2014,UNNAMED,2014-07-21 12:00:00,TS,22.5,85.0,20.0,988.0,11,275
2014202N22087,2014,UNNAMED,2014-07-21 15:00:00,TS,22.5,84.5,20.0,989.0,9,270
2014202N22087,2014,UNNAMED,2014-07-21 18:00:00,TS,22.5,84.0,20.0,990.0,9,270
2014202N22087,2014,UNNAMED,2014-07-21 21:00:00,TS,22.5,83.5,20.0,990.0,9,270
2014202N22087,2014,UNNAMED,2014-07-22 00:00:00,TS,22.5,83.0,20.0,990.0,9,270
2014202N22087,2014,UNNAMED,2014-07-22 03:00:00,TS,22.5,82.5,20.0,990.0,9,270
2014202N22087,2014,UNNAMED,2014-07-22 06:00:00,TS,22.5,82.0,20.0,990.0,9,270
2014202N22087,2014,UNNAMED,2014-07-22 09:00:00,TS,22.5,81.5,20.0,990.0,9,270
2014202N22087,2014,UNNAMED,2014-07-22 12:00:00,TS,22.5,81.0,20.0,990.0,11,270
2014202N22087,2014,UNNAMED,2014-07-22 15:00:00,TS,22.5,80.3,20.0,991.0,13,270
2014202N22087,2014,UNNAMED,2014-07-22 18:00:00,TS,22.5,79.6,20.0,992.0,13,270
2014202N22087,2014,UNNAMED,2014-07-22 21:00:00,TS,22.5,78.9,20.0,992.0,13,270
2014202N22087,2014,UNNAMED,2014-07-23 00:00:00,TS,22.5,78.2,20.0,992.0,13,270
2014202N22087,2014,UNNAMED,2014-07-23 03:00:00,TS,22.5,77.5,20.0,992.0,11,270
2014202N22087,2014,UNNAMED,2014-07-23 06:00:00,TS,22.5,77.0,20.0,992.0,9,270
2014216N21089,2014,UNNAMED,2014-08-03 12:00:00,TS,21.5,88.5,25.0,990.0,4,345
2014216N21089,2014,UNNAMED,2014-08-03 15:00:00,TS,21.7,88.4,28.0,990.0,4,335
2014216N21089,2014,UNNAMED,2014-08-03 18:00:00,TS,21.9,88.3,30.0,990.0,6,315
2014216N21089,2014,UNNAMED,2014-08-03 21:00:00,TS,22.1,88.0,30.0,990.0,8,300
2014216N21089,2014,UNNAMED,2014-08-04 00:00:00,TS,22.3,87.6,30.0,990.0,8,300
2014216N21089,2014,UNNAMED,2014-08-04 03:00:00,TS,22.5,87.2,30.0,990.0,10,280
2014216N21089,2014,UNNAMED,2014-08-04 06:00:00,TS,22.5,86.5,30.0,990.0,9,260
2014216N21089,2014,UNNAMED,2014-08-04 09:00:00,TS,22.4,86.2,30.0,990.0,5,230
2014216N21089,2014,UNNAMED,2014-08-04 12:00:00,TS,22.2,86.1,30.0,990.0,6,250
2014216N21089,2014,UNNAMED,2014-08-04 15:00:00,TS,22.2,85.6,30.0,990.0,9,270
2014216N21089,2014,UNNAMED,2014-08-04 18:00:00,TS,22.2,85.1,30.0,990.0,9,270
2014216N21089,2014,UNNAMED,2014-08-04 21:00:00,TS,22.2,84.6,30.0,990.0,9,270
2014216N21089,2014,UNNAMED,2014-08-05 00:00:00,TS,22.2,84.1,30.0,990.0,10,270
2014216N21089,2014,UNNAMED,2014-08-05 03:00:00,TS,22.2,83.5,30.0,994.0,12,305
2014216N21089,2014,UNNAMED,2014-08-05 06:00:00,TS,22.9,83.0,30.0,992.0,16,325
2014216N21089,2014,UNNAMED,2014-08-05 09:00:00,TS,23.5,82.5,25.0,992.0,14,320
2014216N21089,2014,UNNAMED,2014-08-05 12:00:00,TS,24.0,82.0,25.0,992.0,11,310
2014216N21089,2014,UNNAMED,2014-08-05 15:00:00,TS,24.2,81.6,25.0,992.0,7,285
2014216N21089,2014,UNNAMED,2014-08-05 18:00:00,TS,24.2,81.3,25.0,992.0,6,280
2014216N21089,2014,UNNAMED,2014-08-05 21:00:00,TS,24.3,81.0,25.0,992.0,7,285
2014216N21089,2014,UNNAMED,2014-08-06 00:00:00,TS,24.4,80.6,25.0,992.0,7,285
2014216N21089,2014,UNNAMED,2014-08-06 03:00:00,TS,24.5,80.2,25.0,996.0,6,290
2014216N21089,2014,UNNAMED,2014-08-06 06:00:00,TS,24.6,80.0,25.0,994.0,5,305
2014216N21089,2014,UNNAMED,2014-08-06 09:00:00,TS,24.8,79.8,25.0,994.0,6,310
2014216N21089,2014,UNNAMED,2014-08-06 12:00:00,TS,25.0,79.5,25.0,994.0,6,310
2014216N21089,2014,UNNAMED,2014-08-06 15:00:00,TS,25.2,79.2,25.0,994.0,5,305
2014216N21089,2014,UNNAMED,2014-08-06 18:00:00,TS,25.3,79.0,25.0,994.0,5,300
2014216N21089,2014,UNNAMED,2014-08-06 21:00:00,TS,25.4,78.8,25.0,994.0,5,295
2014216N21089,2014,UNNAMED,2014-08-07 00:00:00,TS,25.5,78.5,25.0,994.0,5,290
2014279N11096,2014,HUDHUD,2014-10-06 06:00:00,DS,10.7,96.1,,,2,265
2014279N11096,2014,HUDHUD,2014-10-06 09:00:00,DS,10.7,96.0,,,2,270
2014279N11096,2014,HUDHUD,2014-10-06 12:00:00,DS,10.7,95.9,,,2,280
2014279N11096,2014,HUDHUD,2014-10-06 15:00:00,DS,10.7,95.8,,,3,290
2014279N11096,2014,HUDHUD,2014-10-06 18:00:00,TS,10.8,95.6,,,4,295
2014279N11096,2014,HUDHUD,2014-10-06 21:00:00,TS,10.9,95.4,,,4,295
2014279N11096,2014,HUDHUD,2014-10-07 00:00:00,TS,11.0,95.2,,,5,305
2014279N11096,2014,HUDHUD,2014-10-07 03:00:00,TS,11.2,95.0,25.0,1004.0,6,310
2014279N11096,2014,HUDHUD,2014-10-07 06:00:00,TS,11.4,94.7,25.0,1004.0,6,305
2014279N11096,2014,HUDHUD,2014-10-07 09:00:00,TS,11.5,94.4,28.0,1002.0,7,300
2014279N11096,2014,HUDHUD,2014-10-07 12:00:00,TS,11.7,94.1,30.0,1000.0,7,290
2014279N11096,2014,HUDHUD,2014-10-07 15:00:00,TS,11.8,93.8,30.0,1000.0,6,290
2014279N11096,2014,HUDHUD,2014-10-07 18:00:00,TS,11.9,93.5,30.0,1000.0,7,290
2014279N11096,2014,HUDHUD,2014-10-07 21:00:00,TS,12.0,93.2,30.0,1000.0,7,295
2014279N11096,2014,HUDHUD,2014-10-08 00:00:00,TS,12.2,92.9,30.0,1000.0,7,295
2014279N11096,2014,HUDHUD,2014-10-08 03:00:00,TS,12.3,92.6,35.0,998.0,8,295
2014279N11096,2014,HUDHUD,2014-10-08 06:00:00,TS,12.6,92.1,40.0,996.0,12,290
2014279N11096,2014,HUDHUD,2014-10-08 09:00:00,TS,12.8,91.4,40.0,996.0,13,285
2014279N11096,2014,HUDHUD,2014-10-08 12:00:00,TS,12.9,90.9,40.0,996.0,11,290
2014279N11096,2014,HUDHUD,2014-10-08 15:00:00,TS,13.1,90.4,40.0,996.0,8,295
2014279N11096,2014,HUDHUD,2014-10-08 18:00:00,TS,13.3,90.1,45.0,994.0,8,295
2014279N11096,2014,HUDHUD,2014-10-08 21:00:00,TS,13.5,89.6,45.0,992.0,9,295
2014279N11096,2014,HUDHUD,2014-10-09 00:00:00,TS,13.6,89.3,45.0,990.0,6,295
2014279N11096,2014,HUDHUD,2014-10-09 03:00:00,TS,13.7,89.1,55.0,988.0,5,295
2014279N11096,2014,HUDHUD,2014-10-09 06:00:00,TS,13.8,88.9,55.0,988.0,5,300
2014279N11096,2014,HUDHUD,2014-10-09 09:00:00,TS,13.9,88.6,55.0,988.0,5,305
2014279N11096,2014,HUDHUD,2014-10-09 12:00:00,TS,14.1,88.5,55.0,988.0,5,295
2014279N11096,2014,HUDHUD,2014-10-09 15:00:00,TS,14.1,88.2,55.0,988.0,5,290
2014279N11096,2014,HUDHUD,2014-10-09 18:00:00,TS,14.2,88.0,55.0,988.0,5,305
2014279N11096,2014,HUDHUD,2014-10-09 21:00:00,TS,14.4,87.8,60.0,988.0,5,315
2014279N11096,2014,HUDHUD,2014-10-10 00:00:00,TS,14.6,87.6,60.0,988.0,6,310
2014279N11096,2014,HUDHUD,2014-10-10 03:00:00,TS,14.8,87.3,60.0,988.0,6,305
2014279N11096,2014,HUDHUD,2014-10-10 06:00:00,TS,14.9,87.2,60.0,986.0,5,310
2014279N11096,2014,HUDHUD,2014-10-10 09:00:00,TS,15.1,87.0,65.0,984.0,5,320
2014279N11096,2014,HUDHUD,2014-10-10 12:00:00,TS,15.3,86.8,70.0,982.0,6,315
2014279N11096,2014,HUDHUD,2014-10-10 15:00:00,TS,15.5,86.5,75.0,980.0,6,300
2014279N11096,2014,HUDHUD,2014-10-10 18:00:00,TS,15.6,86.3,75.0,978.0,5,295
2014279N11096,2014,HUDHUD,2014-10-10 21:00:00,TS,15.7,86.0,75.0,974.0,6,295
2014279N11096,2014,HUDHUD,2014-10-11 00:00:00,TS,15.9,85.7,75.0,970.0,6,295
2014279N11096,2014,HUDHUD,2014-10-11 03:00:00,TS,16.0,85.4,80.0,968.0,6,295
2014279N11096,2014,HUDHUD,2014-10-11 06:00:00,TS,16.1,85.1,90.0,966.0,4,290
2014279N11096,2014,HUDHUD,2014-10-11 09:00:00,TS,16.1,85.0,90.0,964.0,3,290
2014279N11096,2014,HUDHUD,2014-10-11 12:00:00,TS,16.2,84.9,95.0,962.0,3,310
2014279N11096,2014,HUDHUD,2014-10-11 15:00:00,TS,16.3,84.8,95.0,960.0,4,330
2014279N11096,2014,HUDHUD,2014-10-11 18:00:00,TS,16.6,84.6,100.0,954.0,6,320
2014279N11096,2014,HUDHUD,2014-10-11 21:00:00,TS,16.8,84.4,100.0,952.0,8,320
2014279N11096,2014,HUDHUD,2014-10-12 00:00:00,TS,17.2,84.1,100.0,950.0,8,315
2014279N11096,2014,HUDHUD,2014-10-12 03:00:00,TS,17.4,83.8,100.0,950.0,8,300
2014279N11096,2014,HUDHUD,2014-10-12 06:00:00,TS,17.6,83.4,100.0,950.0,8,300
2014279N11096,2014,HUDHUD,2014-10-12 09:00:00,TS,17.8,83.1,90.0,960.0,7,305
2014279N11096,2014,HUDHUD,2014-10-12 12:00:00,TS,18.0,82.8,60.0,982.0,7,315
2014279N11096,2014,HUDHUD,2014-10-12 15:00:00,TS,18.3,82.5,45.0,986.0,9,325
2014279N11096,2014,HUDHUD,2014-10-12 18:00:00,TS,18.8,82.3,40.0,987.0,8,330
2014279N11096,2014,HUDHUD,2014-10-12 21:00:00,TS,19.0,82.1,40.0,988.0,12,325
2014279N11096,2014,HUDHUD,2014-10-13 00:00:00,TS,19.7,81.6,30.0,994.0,16,340
2014279N11096,2014,HUDHUD,2014-10-13 03:00:00,TS,20.5,81.5,30.0,996.0,11,355
2014279N11096,2014,HUDHUD,2014-10-13 06:00:00,TS,20.8,81.4,30.0,998.0,7,355
2014279N11096,2014,HUDHUD,2014-10-13 09:00:00,TS,21.1,81.4,28.0,998.0,6,0
2014279N11096,2014,HUDHUD,2014-10-13 12:00:00,TS,21.4,81.4,25.0,998.0,5,10
2014279N11096,2014,HUDHUD,2014-10-13 15:00:00,TS,21.7,81.5,25.0,999.0,9,5
2014279N11096,2014,HUDHUD,2014-10-13 18:00:00,TS,22.3,81.5,25.0,1000.0,20,360
2014279N11096,2014,HUDHUD,2014-10-13 21:00:00,TS,23.6,81.5,25.0,1000.0,25,0
2014279N11096,2014,HUDHUD,2014-10-14 00:00:00,TS,24.8,81.5,25.0,1000.0,15,5
2014279N11096,2014,HUDHUD,2014-10-14 03:00:00,TS,25.1,81.6,20.0,1000.0,8,15
2014279N11096,2014,HUDHUD,2014-10-14 06:00:00,TS,25.6,81.7,20.0,1000.0,12,10
2014279N11096,2014,HUDHUD,2014-10-14 09:00:00,TS,26.3,81.8,20.0,1000.0,14,5
2014297N11062,2014,NILOFAR,2014-10-23 12:00:00,DS,10.8,62.1,,,5,315
2014297N11062,2014,NILOFAR,2014-10-23 15:00:00,DS,11.0,61.9,,,4,315
2014297N11062,2014,NILOFAR,2014-10-23 18:00:00,DS,11.1,61.8,,,3,315
2014297N11062,2014,NILOFAR,2014-10-23 21:00:00,DS,11.2,61.7,,,3,315
2014297N11062,2014,NILOFAR,2014-10-24 00:00:00,DS,11.3,61.6,,,3,325
2014297N11062,2014,NILOFAR,2014-10-24 03:00:00,DS,11.4,61.5,,,3,345
2014297N11062,2014,NILOFAR,2014-10-24 06:00:00,DS,11.6,61.5,,,3,10
2014297N11062,2014,NILOFAR,2014-10-24 09:00:00,DS,11.7,61.6,,,3,45
2014297N11062,2014,NILOFAR,2014-10-24 12:00:00,DS,11.8,61.7,,,3,55
2014297N11062,2014,NILOFAR,2014-10-24 15:00:00,DS,11.9,61.8,,,4,55
2014297N11062,2014,NILOFAR,2014-10-24 18:00:00,TS,12.0,62.0,,,4,55
2014297N11062,2014,NILOFAR,2014-10-24 21:00:00,TS,12.1,62.2,,,4,20
2014297N11062,2014,NILOFAR,2014-10-25 00:00:00,TS,12.3,62.1,25.0,1004.0,4,345
2014297N11062,2014,NILOFAR,2014-10-25 03:00:00,TS,12.6,62.1,25.0,1004.0,4,345
2014297N11062,2014,NILOFAR,2014-10-25 06:00:00,TS,12.7,62.0,25.0,1004.0,4,345
2014297N11062,2014,NILOFAR,2014-10-25 09:00:00,TS,13.0,61.9,25.0,1004.0,5,350
2014297N11062,2014,NILOFAR,2014-10-25 12:00:00,TS,13.3,61.9,25.0,1003.0,4,0
2014297N11062,2014,NILOFAR,2014-10-25 15:00:00,TS,13.3,61.9,25.0,1003.0,2,25
2014297N11062,2014,NILOFAR,2014-10-25 18:00:00,TS,13.5,62.0,25.0,1003.0,6,40
2014297N11062,2014,NILOFAR,2014-10-25 21:00:00,TS,13.8,62.3,25.0,1003.0,8,40
2014297N11062,2014,NILOFAR,2014-10-26 00:00:00,TS,14.1,62.5,25.0,1002.0,4,35
2014297N11062,2014,NILOFAR,2014-10-26 03:00:00,TS,14.1,62.5,30.0,999.0,1,0
2014297N11062,2014,NILOFAR,2014-10-26 06:00:00,TS,14.2,62.5,35.0,998.0,1,0
2014297N11062,2014,NILOFAR,2014-10-26 09:00:00,TS,14.2,62.5,35.0,996.0,1,0
2014297N11062,2014,NILOFAR,2014-10-26 12:00:00,TS,14.3,62.5,40.0,994.0,2,350
2014297N11062,2014,NILOFAR,2014-10-26 15:00:00,TS,14.3,62.5,40.0,994.0,2,345
2014297N11062,2014,NILOFAR,2014-10-26 18:00:00,TS,14.5,62.5,45.0,994.0,2,345
2014297N11062,2014,NILOFAR,2014-10-26 21:00:00,TS,14.6,62.4,50.0,994.0,3,355
2014297N11062,2014,NILOFAR,2014-10-27 00:00:00,TS,14.8,62.4,55.0,990.0,3,340
2014297N11062,2014,NILOFAR,2014-10-27 03:00:00,TS,14.8,62.3,60.0,990.0,2,305
2014297N11062,2014,NILOFAR,2014-10-27 06:00:00,TS,14.9,62.3,65.0,986.0,1,300
2014297N11062,2014,NILOFAR,2014-10-27 09:00:00,TS,14.9,62.2,65.0,984.0,2,330
2014297N11062,2014,NILOFAR,2014-10-27 12:00:00,TS,15.0,62.2,70.0,982.0,2,330
2014297N11062,2014,NILOFAR,2014-10-27 15:00:00,TS,15.1,62.1,70.0,981.0,2,335
2014297N11062,2014,NILOFAR,2014-10-27 18:00:00,TS,15.2,62.1,70.0,980.0,5,325
2014297N11062,2014,NILOFAR,2014-10-27 21:00:00,TS,15.4,61.8,75.0,979.0,5,325
2014297N11062,2014,NILOFAR,2014-10-28 00:00:00,TS,15.6,61.8,75.0,978.0,4,335
2014297N11062,2014,NILOFAR,2014-10-28 03:00:00,TS,15.8,61.7,75.0,977.0,4,345
2014297N11062,2014,NILOFAR,2014-10-28 06:00:00,TS,16.0,61.7,80.0,974.0,6,0
2014297N11062,2014,NILOFAR,2014-10-28 09:00:00,TS,16.3,61.7,90.0,966.0,8,10
2014297N11062,2014,NILOFAR,2014-10-28 12:00:00,TS,16.8,61.8,100.0,954.0,9,5
2014297N11062,2014,NILOFAR,2014-10-28 15:00:00,TS,17.2,61.8,105.0,952.0,9,355
2014297N11062,2014,NILOFAR,2014-10-28 18:00:00,TS,17.7,61.7,110.0,950.0,7,355
2014297N11062,2014,NILOFAR,2014-10-28 21:00:00,TS,17.9,61.7,110.0,950.0,5,10
2014297N11062,2014,NILOFAR,2014-10-29 00:00:00,TS,18.1,61.8,105.0,954.0,6,15
2014297N11062,2014,NILOFAR,2014-10-29 03:00:00,TS,18.5,61.8,100.0,958.0,6,10
2014297N11062,2014,NILOFAR,2014-10-29 06:00:00,TS,18.7,61.9,95.0,962.0,4,20
2014297N11062,2014,NILOFAR,2014-10-29 09:00:00,TS,18.8,62.0,90.0,968.0,4,45
2014297N11062,2014,NILOFAR,2014-10-29 12:00:00,TS,19.0,62.2,80.0,974.0,6,55
2014297N11062,2014,NILOFAR,2014-10-29 15:00:00,TS,19.2,62.5,70.0,980.0,7,70
2014297N11062,2014,NILOFAR,2014-10-29 18:00:00,TS,19.3,62.9,70.0,986.0,6,70
2014297N11062,2014,NILOFAR,2014-10-29 21:00:00,TS,19.4,63.2,60.0,988.0,7,65
2014297N11062,2014,NILOFAR,2014-10-30 00:00:00,TS,19.6,63.6,60.0,990.0,8,60
2014297N11062,2014,NILOFAR,2014-10-30 03:00:00,TS,19.8,63.9,50.0,994.0,8,50
2014297N11062,2014,NILOFAR,2014-10-30 06:00:00,TS,20.1,64.2,45.0,998.0,5,55
2014297N11062,2014,NILOFAR,2014-10-30 09:00:00,TS,20.1,64.4,40.0,1000.0,4,60
2014297N11062,2014,NILOFAR,2014-10-30 12:00:00,TS,20.3,64.6,40.0,1001.0,4,40
2014297N11062,2014,NILOFAR,2014-10-30 15:00:00,TS,20.4,64.6,38.0,1002.0,3,40
2014297N11062,2014,NILOFAR,2014-10-30 18:00:00,TS,20.5,64.8,35.0,1002.0,4,50
2014297N11062,2014,NILOFAR,2014-10-30 21:00:00,TS,20.6,64.9,30.0,1003.0,3,50
2014297N11062,2014,NILOFAR,2014-10-31 00:00:00,TS,20.7,65.0,25.0,1004.0,3,25
2014297N11062,2014,NILOFAR,2014-10-31 03:00:00,TS,20.8,65.1,,,3,15
2014297N11062,2014,NILOFAR,2014-10-31 06:00:00,TS,21.0,65.1,,,4,5
2014297N11062,2014,NILOFAR,2014-10-31 09:00:00,TS,21.2,65.1,,,4,345
2014297N11062,2014,NILOFAR,2014-10-31 12:00:00,TS,21.4,65.0,,,4,335
2014297N11062,2014,NILOFAR,2014-10-31 15:00:00,TS,21.6,64.9,,,4,315
2014297N11062,2014,NILOFAR,2014-10-31 18:00:00,DS,21.7,64.7,,,4,290
2014297N11062,2014,NILOFAR,2014-10-31 21:00:00,DS,21.7,64.5,,,5,270
2014297N11062,2014,NILOFAR,2014-11-01 00:00:00,DS,21.7,64.2,,,4,265
2014297N11062,2014,NILOFAR,2014-11-01 03:00:00,DS,21.7,64.0,,,4,270
2014297N11062,2014,NILOFAR,2014-11-01 06:00:00,DS,21.7,63.8,,,4,270
2014297N11062,2014,NILOFAR,2014-11-01 09:00:00,DS,21.7,63.6,,,5,270
2014297N11062,2014,NILOFAR,2014-11-01 12:00:00,DS,21.7,63.3,,,5,270
2014309N13088,2014,UNNAMED,2014-11-05 00:00:00,DS,12.8,87.8,,,3,310
2014309N13088,2014,UNNAMED,2014-11-05 03:00:00,DS,12.9,87.7,,,3,315
2014309N13088,2014,UNNAMED,2014-11-05 06:00:00,DS,13.0,87.6,,,3,320
2014309N13088,2014,UNNAMED,2014-11-05 09:00:00,MX,13.1,87.5,25.0,1000.0,3,320
2014309N13088,2014,UNNAMED,2014-11-05 12:00:00,TS,13.2,87.4,25.0,1000.0,2,330
2014309N13088,2014,UNNAMED,2014-11-05 15:00:00,TS,13.3,87.4,25.0,1000.0,3,345
2014309N13088,2014,UNNAMED,2014-11-05 18:00:00,TS,13.5,87.4,25.0,1000.0,4,340
2014309N13088,2014,UNNAMED,2014-11-05 21:00:00,TS,13.7,87.3,25.0,1000.0,3,345
2014309N13088,2014,UNNAMED,2014-11-06 00:00:00,TS,13.8,87.3,25.0,1000.0,2,50
2014309N13088,2014,UNNAMED,2014-11-06 03:00:00,TS,13.8,87.4,30.0,998.0,4,95
2014309N13088,2014,UNNAMED,2014-11-06 06:00:00,TS,13.8,87.7,30.0,998.0,5,100
2014309N13088,2014,UNNAMED,2014-11-06 09:00:00,TS,13.7,87.9,30.0,998.0,4,95
2014309N13088,2014,UNNAMED,2014-11-06 12:00:00,TS,13.7,88.1,30.0,998.0,3,110
2014309N13088,2014,UNNAMED,2014-11-06 15:00:00,TS,13.6,88.2,30.0,999.0,1,155
2014309N13088,2014,UNNAMED,2014-11-06 18:00:00,TS,13.6,88.2,30.0,1000.0,2,300
2014309N13088,2014,UNNAMED,2014-11-06 21:00:00,TS,13.7,88.0,30.0,1001.0,4,315
2014309N13088,2014,UNNAMED,2014-11-07 00:00:00,TS,13.9,87.9,30.0,1001.0,5,325
2014309N13088,2014,UNNAMED,2014-11-07 03:00:00,TS,14.1,87.7,30.0,1001.0,4,320
2014309N13088,2014,UNNAMED,2014-11-07 06:00:00,TS,14.2,87.6,25.0,1003.0,3,290
2014309N13088,2014,UNNAMED,2014-11-07 09:00:00,TS,14.2,87.5,25.0,1003.0,2,270
2014309N13088,2014,UNNAMED,2014-11-07 12:00:00,TS,14.2,87.4,25.0,1003.0,3,275
2014309N13088,2014,UNNAMED,2014-11-07 15:00:00,TS,14.2,87.1,25.0,1004.0,5,280
2014309N13088,2014,UNNAMED,2014-11-07 18:00:00,TS,14.3,86.8,25.0,1004.0,7,280
2014309N13088,2014,UNNAMED,2014-11-07 21:00:00,TS,14.4,86.4,25.0,1005.0,9,280
2014309N13088,2014,UNNAMED,2014-11-08 00:00:00,MX,14.5,85.9,25.0,1005.0,9,275
2014309N13088,2014,UNNAMED,2014-11-08 03:00:00,DS,14.4,85.4,,,8,260
2014309N13088,2014,UNNAMED,2014-11-08 06:00:00,DS,14.3,85.1,,,8,250
2014309N13088,2014,UNNAMED,2014-11-08 09:00:00,DS,14.1,84.7,,,9,250
2014309N13088,2014,UNNAMED,2014-11-08 12:00:00,DS,14.0,84.2,,,9,260
2014309N13088,2014,UNNAMED,2014-11-08 15:00:00,DS,14.0,83.7,,,9,275
2014309N13088,2014,UNNAMED,2014-11-08 18:00:00,DS,14.1,83.3,,,8,290
2014309N13088,2014,UNNAMED,2014-11-08 21:00:00,DS,14.3,83.0,,,7,305
2014309N13088,2014,UNNAMED,2014-11-09 00:00:00,DS,14.5,82.7,,,7,310
2014309N13088,2014,UNNAMED,2014-11-09 03:00:00,DS,14.7,82.4,,,6,310
2014309N13088,2014,UNNAMED,2014-11-09 06:00:00,DS,14.9,82.2,,,6,310
2015157N13069,2015,ASHOBAA,2015-06-06 06:00:00,TS,13.1,68.5,,,7,10
2015157N13069,2015,ASHOBAA,2015-06-06 09:00:00,TS,13.5,68.6,,,7,10
2015157N13069,2015,ASHOBAA,2015-06-06 12:00:00,TS,13.8,68.6,,,7,5
2015157N13069,2015,ASHOBAA,2015-06-06 15:00:00,TS,14.1,68.6,,,7,0
2015157N13069,2015,ASHOBAA,2015-06-06 18:00:00,TS,14.5,68.6,,,7,360
2015157N13069,2015,ASHOBAA,2015-06-06 21:00:00,TS,14.9,68.6,,,7,0
2015157N13069,2015,ASHOBAA,2015-06-07 00:00:00,TS,15.2,68.6,,,4,350
2015157N13069,2015,ASHOBAA,2015-06-07 03:00:00,TS,15.3,68.5,25.0,1004.0,3,325
2015157N13069,2015,ASHOBAA,2015-06-07 06:00:00,TS,15.5,68.4,25.0,1004.0,6,340
2015157N13069,2015,ASHOBAA,2015-06-07 09:00:00,TS,15.8,68.3,25.0,1004.0,8,350
2015157N13069,2015,ASHOBAA,2015-06-07 12:00:00,TS,16.2,68.3,25.0,1003.0,7,0
2015157N13069,2015,ASHOBAA,2015-06-07 15:00:00,TS,16.5,68.3,25.0,1003.0,7,0
2015157N13069,2015,ASHOBAA,2015-06-07 18:00:00,TS,16.9,68.3,25.0,1003.0,8,345
2015157N13069,2015,ASHOBAA,2015-06-07 21:00:00,TS,17.2,68.0,28.0,1000.0,11,320
2015157N13069,2015,ASHOBAA,2015-06-08 00:00:00,TS,17.7,67.6,30.0,996.0,11,310
2015157N13069,2015,ASHOBAA,2015-06-08 03:00:00,TS,18.0,67.2,35.0,994.0,6,300
2015157N13069,2015,ASHOBAA,2015-06-08 06:00:00,TS,18.0,67.0,35.0,994.0,7,315
2015157N13069,2015,ASHOBAA,2015-06-08 09:00:00,TS,18.5,66.6,35.0,994.0,9,320
2015157N13069,2015,ASHOBAA,2015-06-08 12:00:00,TS,18.7,66.4,35.0,994.0,7,315
2015157N13069,2015,ASHOBAA,2015-06-08 15:00:00,TS,18.9,66.1,35.0,994.0,9,310
2015157N13069,2015,ASHOBAA,2015-06-08 18:00:00,TS,19.3,65.7,35.0,994.0,10,315
2015157N13069,2015,ASHOBAA,2015-06-08 21:00:00,TS,19.7,65.4,35.0,994.0,10,325
2015157N13069,2015,ASHOBAA,2015-06-09 00:00:00,TS,20.1,65.1,35.0,992.0,8,315
2015157N13069,2015,ASHOBAA,2015-06-09 03:00:00,TS,20.2,64.8,35.0,992.0,7,300
2015157N13069,2015,ASHOBAA,2015-06-09 06:00:00,TS,20.5,64.4,35.0,990.0,10,295
2015157N13069,2015,ASHOBAA,2015-06-09 09:00:00,TS,20.6,63.8,40.0,990.0,11,295
2015157N13069,2015,ASHOBAA,2015-06-09 12:00:00,TS,21.0,63.3,40.0,990.0,10,295
2015157N13069,2015,ASHOBAA,2015-06-09 15:00:00,TS,21.1,62.8,40.0,990.0,6,285
2015157N13069,2015,ASHOBAA,2015-06-09 18:00:00,TS,21.1,62.6,45.0,990.0,5,280
2015157N13069,2015,ASHOBAA,2015-06-09 21:00:00,TS,21.2,62.3,45.0,990.0,6,275
2015157N13069,2015,ASHOBAA,2015-06-10 00:00:00,TS,21.2,62.0,45.0,990.0,5,265
2015157N13069,2015,ASHOBAA,2015-06-10 03:00:00,TS,21.1,61.8,45.0,990.0,4,265
2015157N13069,2015,ASHOBAA,2015-06-10 06:00:00,TS,21.1,61.6,45.0,990.0,4,255
2015157N13069,2015,ASHOBAA,2015-06-10 09:00:00,TS,21.0,61.3,45.0,990.0,3,250
2015157N13069,2015,ASHOBAA,2015-06-10 12:00:00,TS,21.0,61.3,45.0,990.0,3,220
2015157N13069,2015,ASHOBAA,2015-06-10 15:00:00,TS,20.8,61.1,45.0,990.0,3,210
2015157N13069,2015,ASHOBAA,2015-06-10 18:00:00,TS,20.8,61.1,45.0,992.0,1,75
2015157N13069,2015,ASHOBAA,2015-06-10 21:00:00,TS,20.8,61.2,45.0,992.0,2,285
2015157N13069,2015,ASHOBAA,2015-06-11 00:00:00,TS,20.8,60.9,40.0,994.0,4,270
2015157N13069,2015,ASHOBAA,2015-06-11 03:00:00,TS,20.8,60.8,40.0,994.0,3,270
2015157N13069,2015,ASHOBAA,2015-06-11 06:00:00,TS,20.8,60.6,35.0,994.0,4,270
2015157N13069,2015,ASHOBAA,2015-06-11 09:00:00,TS,20.8,60.4,35.0,994.0,4,270
2015157N13069,2015,ASHOBAA,2015-06-11 12:00:00,TS,20.8,60.2,35.0,994.0,4,270
2015157N13069,2015,ASHOBAA,2015-06-11 15:00:00,TS,20.8,59.9,35.0,994.0,2,270
2015157N13069,2015,ASHOBAA,2015-06-11 18:00:00,TS,20.8,59.9,30.0,996.0,1,270
2015157N13069,2015,ASHOBAA,2015-06-11 21:00:00,TS,20.8,59.8,28.0,996.0,1,270
2015157N13069,2015,ASHOBAA,2015-06-12 00:00:00,TS,20.8,59.8,25.0,996.0,1,260
2015157N13069,2015,ASHOBAA,2015-06-12 03:00:00,TS,20.8,59.7,25.0,996.0,1,245
2015157N13069,2015,ASHOBAA,2015-06-12 06:00:00,TS,20.8,59.7,25.0,996.0,1,245
2015171N18086,2015,UNNAMED,2015-06-20 03:00:00,TS,18.0,86.0,25.0,990.0,10,0
2015171N18086,2015,UNNAMED,2015-06-20 06:00:00,TS,18.5,86.0,25.0,990.0,9,345
2015171N18086,2015,UNNAMED,2015-06-20 09:00:00,TS,18.8,85.8,25.0,990.0,7,315
2015171N18086,2015,UNNAMED,2015-06-20 12:00:00,TS,19.0,85.5,25.0,990.0,4,310
2015171N18086,2015,UNNAMED,2015-06-20 15:00:00,TS,19.1,85.4,25.0,990.0,2,335
2015171N18086,2015,UNNAMED,2015-06-20 18:00:00,TS,19.2,85.4,25.0,990.0,4,320
2015171N18086,2015,UNNAMED,2015-06-20 21:00:00,TS,19.4,85.2,25.0,991.0,6,325
2015171N18086,2015,UNNAMED,2015-06-21 00:00:00,TS,19.7,85.0,25.0,992.0,6,345
2015171N18086,2015,UNNAMED,2015-06-21 03:00:00,TS,20.0,85.0,25.0,992.0,6,305
2015171N18086,2015,UNNAMED,2015-06-21 06:00:00,TS,20.0,84.5,25.0,992.0,6,290
2015171N18086,2015,UNNAMED,2015-06-21 09:00:00,TS,20.2,84.4,25.0,992.0,5,0
2015171N18086,2015,UNNAMED,2015-06-21 12:00:00,TS,20.5,84.5,25.0,992.0,6,10
2015171N18086,2015,UNNAMED,2015-06-21 15:00:00,TS,20.8,84.5,25.0,992.0,5,0
2015171N18086,2015,UNNAMED,2015-06-21 18:00:00,TS,21.0,84.5,25.0,992.0,5,350
2015173N20067,2015,UNNAMED,2015-06-22 03:00:00,TS,20.0,67.0,25.0,990.0,0,0
2015173N20067,2015,UNNAMED,2015-06-22 06:00:00,TS,20.0,67.0,25.0,990.0,1,260
2015173N20067,2015,UNNAMED,2015-06-22 09:00:00,TS,20.0,66.9,25.0,990.0,0,0
2015173N20067,2015,UNNAMED,2015-06-22 12:00:00,TS,20.0,67.0,25.0,990.0,7,85
2015173N20067,2015,UNNAMED,2015-06-22 15:00:00,TS,20.1,67.7,25.0,990.0,14,80
2015173N20067,2015,UNNAMED,2015-06-22 18:00:00,TS,20.2,68.5,25.0,990.0,12,75
2015173N20067,2015,UNNAMED,2015-06-22 21:00:00,TS,20.4,68.9,25.0,989.0,10,70
2015173N20067,2015,UNNAMED,2015-06-23 00:00:00,TS,20.5,69.5,25.0,988.0,15,85
2015173N20067,2015,UNNAMED,2015-06-23 03:00:00,TS,20.5,70.5,30.0,988.0,15,70
2015173N20067,2015,UNNAMED,2015-06-23 06:00:00,TS,21.0,71.0,30.0,988.0,9,50
2015173N20067,2015,UNNAMED,2015-06-23 09:00:00,TS,21.1,71.2,30.0,989.0,3,90
2015173N20067,2015,UNNAMED,2015-06-23 12:00:00,TS,21.0,71.3,30.0,990.0,2,30
2015173N20067,2015,UNNAMED,2015-06-23 15:00:00,TS,21.3,71.4,30.0,990.0,6,10
2015173N20067,2015,UNNAMED,2015-06-23 18:00:00,TS,21.6,71.4,30.0,990.0,7,360
2015173N20067,2015,UNNAMED,2015-06-23 21:00:00,TS,21.9,71.4,30.0,990.0,6,10
2015173N20067,2015,UNNAMED,2015-06-24 00:00:00,TS,22.2,71.5,30.0,990.0,8,50
2015173N20067,2015,UNNAMED,2015-06-24 03:00:00,TS,22.4,72.0,30.0,990.0,13,60
2015173N20067,2015,UNNAMED,2015-06-24 06:00:00,TS,22.8,72.7,30.0,990.0,14,60
2015173N20067,2015,UNNAMED,2015-06-24 09:00:00,TS,23.0,73.3,28.0,991.0,14,60
2015173N20067,2015,UNNAMED,2015-06-24 12:00:00,TS,23.5,74.0,25.0,992.0,21,45
2015173N20067,2015,UNNAMED,2015-06-24 15:00:00,TS,24.6,74.9,25.0,993.0,31,35
2015173N20067,2015,UNNAMED,2015-06-24 18:00:00,TS,26.0,76.0,25.0,994.0,35,35
2015191N23085,2015,UNNAMED,2015-07-10 03:00:00,TS,23.1,85.1,25.0,996.0,2,270
2015191N23085,2015,UNNAMED,2015-07-10 06:00:00,TS,23.1,85.0,25.0,996.0,10,280
2015191N23085,2015,UNNAMED,2015-07-10 09:00:00,TS,23.3,84.0,25.0,994.0,14,285
2015191N23085,2015,UNNAMED,2015-07-10 12:00:00,TS,23.5,83.5,25.0,994.0,14,280
2015191N23085,2015,UNNAMED,2015-07-10 15:00:00,TS,23.5,82.5,25.0,996.0,11,275
2015191N23085,2015,UNNAMED,2015-07-10 18:00:00,TS,23.6,82.3,25.0,996.0,14,280
2015191N23085,2015,UNNAMED,2015-07-10 21:00:00,TS,23.8,81.0,25.0,996.0,17,285
2015191N23085,2015,UNNAMED,2015-07-11 00:00:00,TS,24.0,80.5,25.0,995.0,5,295
2015191N23085,2015,UNNAMED,2015-07-11 03:00:00,TS,24.0,80.5,25.0,996.0,5,0
2015191N23085,2015,UNNAMED,2015-07-11 06:00:00,TS,24.5,80.5,25.0,996.0,5,0
2015191N23085,2015,UNNAMED,2015-07-11 09:00:00,TS,24.5,80.5,25.0,996.0,10,0
2015191N23085,2015,UNNAMED,2015-07-11 12:00:00,TS,25.5,80.5,25.0,996.0,16,345
2015191N23085,2015,UNNAMED,2015-07-11 15:00:00,TS,26.0,80.0,25.0,996.0,13,320
2015191N23085,2015,UNNAMED,2015-07-11 18:00:00,TS,26.5,79.5,25.0,998.0,13,270
2015191N23085,2015,UNNAMED,2015-07-11 21:00:00,TS,26.0,78.5,25.0,998.0,15,315
2015191N23085,2015,UNNAMED,2015-07-12 00:00:00,TS,27.5,78.3,25.0,998.0,26,350
2015191N23085,2015,UNNAMED,2015-07-12 03:00:00,TS,28.5,78.0,25.0,998.0,12,325
2015191N23085,2015,UNNAMED,2015-07-12 06:00:00,TS,28.5,77.5,25.0,998.0,6,270
2015191N23085,2015,UNNAMED,2015-07-12 09:00:00,TS,28.5,77.3,25.0,998.0,4,270
2015207N22091,2015,KOMEN,2015-07-26 00:00:00,TS,22.0,90.8,20.0,994.0,0,0
2015207N22091,2015,KOMEN,2015-07-26 03:00:00,TS,22.0,90.8,20.0,994.0,3,270
2015207N22091,2015,KOMEN,2015-07-26 06:00:00,TS,22.0,90.5,20.0,994.0,3,270
2015207N22091,2015,KOMEN,2015-07-26 09:00:00,TS,22.0,90.4,20.0,994.0,0,0
2015207N22091,2015,KOMEN,2015-07-26 12:00:00,TS,22.0,90.5,20.0,994.0,1,90
2015207N22091,2015,KOMEN,2015-07-26 15:00:00,TS,22.0,90.5,20.0,994.0,0,0
2015207N22091,2015,KOMEN,2015-07-26 18:00:00,TS,22.0,90.5,20.0,994.0,0,0
2015207N22091,2015,KOMEN,2015-07-26 21:00:00,TS,22.0,90.5,20.0,994.0,0,0
2015207N22091,2015,KOMEN,2015-07-27 00:00:00,TS,22.0,90.5,20.0,994.0,0,0
2015207N22091,2015,KOMEN,2015-07-27 03:00:00,TS,22.0,90.5,25.0,994.0,0,0
2015207N22091,2015,KOMEN,2015-07-27 06:00:00,TS,22.0,90.5,25.0,994.0,0,0
2015207N22091,2015,KOMEN,2015-07-27 09:00:00,TS,22.0,90.5,25.0,994.0,0,0
2015207N22091,2015,KOMEN,2015-07-27 12:00:00,TS,22.0,90.5,25.0,994.0,0,0
2015207N22091,2015,KOMEN,2015-07-27 15:00:00,TS,22.0,90.5,25.0,994.0,0,0
2015207N22091,2015,KOMEN,2015-07-27 18:00:00,TS,22.0,90.5,25.0,994.0,0,0
2015207N22091,2015,KOMEN,2015-07-27 21:00:00,TS,22.0,90.5,25.0,994.0,0,0
2015207N22091,2015,KOMEN,2015-07-28 00:00:00,TS,22.0,90.5,25.0,994.0,0,0
2015207N22091,2015,KOMEN,2015-07-28 03:00:00,TS,22.0,90.5,25.0,994.0,4,190
2015207N22091,2015,KOMEN,2015-07-28 06:00:00,MX,21.6,90.4,25.0,994.0,6,190
2015207N22091,2015,KOMEN,2015-07-28 09:00:00,MX,21.4,90.4,25.0,994.0,3,170
2015207N22091,2015,KOMEN,2015-07-28 12:00:00,MX,21.3,90.5,25.0,994.0,3,115
2015207N22091,2015,KOMEN,2015-07-28 15:00:00,MX,21.3,90.7,25.0,993.0,4,110
2015207N22091,2015,KOMEN,2015-07-28 18:00:00,MX,21.2,90.9,25.0,992.0,4,130
2015207N22091,2015,KOMEN,2015-07-28 21:00:00,MX,21.0,91.0,28.0,991.0,3,130
2015207N22091,2015,KOMEN,2015-07-29 00:00:00,MX,21.0,91.1,30.0,990.0,1,90
2015207N22091,2015,KOMEN,2015-07-29 03:00:00,MX,21.0,91.1,30.0,990.0,2,10
2015207N22091,2015,KOMEN,2015-07-29 06:00:00,MX,21.1,91.2,30.0,990.0,2,30
2015207N22091,2015,KOMEN,2015-07-29 09:00:00,MX,21.2,91.2,30.0,989.0,3,30
2015207N22091,2015,KOMEN,2015-07-29 12:00:00,MX,21.3,91.3,30.0,988.0,2,25
2015207N22091,2015,KOMEN,2015-07-29 15:00:00,MX,21.4,91.3,33.0,987.0,2,10
2015207N22091,2015,KOMEN,2015-07-29 18:00:00,MX,21.5,91.4,35.0,986.0,1,30
2015207N22091,2015,KOMEN,2015-07-29 21:00:00,MX,21.5,91.4,35.0,986.0,2,30
2015207N22091,2015,KOMEN,2015-07-30 00:00:00,MX,21.7,91.5,35.0,986.0,3,15
2015207N22091,2015,KOMEN,2015-07-30 03:00:00,MX,21.9,91.5,35.0,986.0,4,5
2015207N22091,2015,KOMEN,2015-07-30 06:00:00,MX,22.1,91.5,40.0,986.0,3,355
2015207N22091,2015,KOMEN,2015-07-30 09:00:00,MX,22.1,91.5,40.0,986.0,2,345
2015207N22091,2015,KOMEN,2015-07-30 12:00:00,MX,22.3,91.5,35.0,988.0,3,345
2015207N22091,2015,KOMEN,2015-07-30 15:00:00,MX,22.5,91.4,35.0,988.0,5,335
2015207N22091,2015,KOMEN,2015-07-30 18:00:00,MX,22.7,91.2,35.0,988.0,6,325
2015207N22091,2015,KOMEN,2015-07-30 21:00:00,MX,22.9,91.1,30.0,988.0,10,290
2015207N22091,2015,KOMEN,2015-07-31 00:00:00,MX,23.1,90.2,30.0,990.0,10,280
2015207N22091,2015,KOMEN,2015-07-31 03:00:00,TS,23.1,90.0,30.0,990.0,4,275
2015207N22091,2015,KOMEN,2015-07-31 06:00:00,TS,23.1,89.8,30.0,992.0,3,270
2015207N22091,2015,KOMEN,2015-07-31 09:00:00,TS,23.1,89.6,28.0,993.0,3,270
2015207N22091,2015,KOMEN,2015-07-31 12:00:00,TS,23.1,89.5,25.0,994.0,2,265
2015207N22091,2015,KOMEN,2015-07-31 15:00:00,TS,23.1,89.4,25.0,994.0,1,270
2015207N22091,2015,KOMEN,2015-07-31 18:00:00,TS,23.1,89.4,25.0,994.0,2,295
2015207N22091,2015,KOMEN,2015-07-31 21:00:00,TS,23.2,89.3,23.0,994.0,2,300
2015207N22091,2015,KOMEN,2015-08-01 00:00:00,TS,23.2,89.2,20.0,994.0,1,300
2015207N22091,2015,KOMEN,2015-08-01 03:00:00,TS,23.2,89.2,20.0,994.0,5,310
2015207N22091,2015,KOMEN,2015-08-01 06:00:00,TS,23.5,88.8,20.0,994.0,8,310
2015207N22091,2015,KOMEN,2015-08-01 09:00:00,TS,23.7,88.6,20.0,994.0,5,310
2015207N22091,2015,KOMEN,2015-08-01 12:00:00,TS,23.8,88.4,20.0,994.0,6,280
2015207N22091,2015,KOMEN,2015-08-01 15:00:00,TS,23.8,88.0,20.0,994.0,8,270
2015207N22091,2015,KOMEN,2015-08-01 18:00:00,TS,23.8,87.5,20.0,994.0,8,275
2015207N22091,2015,KOMEN,2015-08-01 21:00:00,TS,23.9,87.2,20.0,995.0,7,270
2015207N22091,2015,KOMEN,2015-08-02 00:00:00,TS,23.8,86.7,20.0,996.0,11,250
2015207N22091,2015,KOMEN,2015-08-02 03:00:00,TS,23.5,86.0,20.0,996.0,10,240
2015207N22091,2015,KOMEN,2015-08-02 06:00:00,TS,23.3,85.7,20.0,996.0,6,230
2015207N22091,2015,KOMEN,2015-08-02 09:00:00,TS,23.1,85.5,20.0,996.0,5,225
2015209N26072,2015,UNNAMED,2015-07-27 12:00:00,TS,26.2,71.8,25.0,994.0,4,170
2015209N26072,2015,UNNAMED,2015-07-27 15:00:00,TS,26.0,71.8,25.0,994.0,4,0
2015209N26072,2015,UNNAMED,2015-07-27 18:00:00,TS,25.8,71.8,25.0,996.0,1,0
2015209N26072,2015,UNNAMED,2015-07-27 21:00:00,TS,26.1,71.8,25.0,996.0,4,0
2015209N26072,2015,UNNAMED,2015-07-28 00:00:00,TS,26.2,71.8,25.0,994.0,13,180
2015209N26072,2015,UNNAMED,2015-07-28 03:00:00,TS,24.8,71.8,30.0,994.0,14,0
2015209N26072,2015,UNNAMED,2015-07-28 06:00:00,TS,24.8,71.8,30.0,994.0,0,0
2015209N26072,2015,UNNAMED,2015-07-28 09:00:00,TS,24.8,71.8,30.0,994.0,7,15
2015209N26072,2015,UNNAMED,2015-07-28 12:00:00,TS,25.5,72.0,30.0,994.0,8,20
2015209N26072,2015,UNNAMED,2015-07-28 15:00:00,TS,25.6,72.1,30.0,996.0,3,15
2015209N26072,2015,UNNAMED,2015-07-28 18:00:00,TS,25.8,72.1,30.0,996.0,4,30
2015209N26072,2015,UNNAMED,2015-07-28 21:00:00,TS,25.9,72.3,25.0,996.0,8,25
2015209N26072,2015,UNNAMED,2015-07-29 00:00:00,TS,26.5,72.5,25.0,996.0,14,25
2015209N26072,2015,UNNAMED,2015-07-29 03:00:00,TS,27.2,73.0,25.0,996.0,8,30
2015209N26072,2015,UNNAMED,2015-07-29 06:00:00,TS,27.2,73.0,25.0,996.0,0,0
2015209N26072,2015,UNNAMED,2015-07-29 09:00:00,TS,27.2,73.0,25.0,996.0,5,0
2015209N26072,2015,UNNAMED,2015-07-29 12:00:00,TS,27.7,73.0,25.0,998.0,7,0
2015209N26072,2015,UNNAMED,2015-07-29 15:00:00,TS,27.9,73.0,25.0,998.0,2,25
2015209N26072,2015,UNNAMED,2015-07-29 18:00:00,TS,27.9,73.1,25.0,998.0,1,40
2015209N26072,2015,UNNAMED,2015-07-29 21:00:00,TS,28.0,73.1,25.0,998.0,8,20
2015209N26072,2015,UNNAMED,2015-07-30 00:00:00,TS,28.7,73.4,25.0,998.0,15,20
2015216N23081,2015,UNNAMED,2015-08-04 03:00:00,TS,22.7,80.5,25.0,998.0,9,270
2015216N23081,2015,UNNAMED,2015-08-04 06:00:00,TS,22.7,80.0,25.0,998.0,9,270
2015216N23081,2015,UNNAMED,2015-08-04 09:00:00,TS,22.7,79.5,25.0,998.0,20,270
2015216N23081,2015,UNNAMED,2015-08-04 12:00:00,TS,22.7,77.8,25.0,998.0,21,270
2015216N23081,2015,UNNAMED,2015-08-04 15:00:00,TS,22.7,77.3,25.0,998.0,0,0
2015216N23081,2015,UNNAMED,2015-08-04 18:00:00,TS,22.7,77.8,25.0,998.0,10,90
2015259N20084,2015,UNNAMED,2015-09-16 03:00:00,TS,19.6,83.5,25.0,998.0,17,325
2015259N20084,2015,UNNAMED,2015-09-16 06:00:00,TS,20.3,83.0,25.0,998.0,11,315
2015259N20084,2015,UNNAMED,2015-09-16 09:00:00,TS,20.4,82.7,25.0,998.0,5,295
2015259N20084,2015,UNNAMED,2015-09-16 12:00:00,TS,20.5,82.5,25.0,998.0,7,285
2015259N20084,2015,UNNAMED,2015-09-16 15:00:00,TS,20.6,82.0,25.0,998.0,6,300
2015259N20084,2015,UNNAMED,2015-09-16 18:00:00,TS,20.8,81.9,25.0,998.0,4,345
2015259N20084,2015,UNNAMED,2015-09-16 21:00:00,TS,21.0,81.9,25.0,998.0,5,310
2015259N20084,2015,UNNAMED,2015-09-17 00:00:00,TS,21.1,81.5,25.0,998.0,22,270
2015259N20084,2015,UNNAMED,2015-09-17 03:00:00,TS,21.0,79.5,30.0,998.0,20,250
2015259N20084,2015,UNNAMED,2015-09-17 06:00:00,TS,20.5,79.5,30.0,998.0,10,180
2015259N20084,2015,UNNAMED,2015-09-17 09:00:00,TS,20.0,79.5,30.0,998.0,5,270
2015259N20084,2015,UNNAMED,2015-09-17 12:00:00,TS,20.5,79.0,30.0,996.0,19,270
2015259N20084,2015,UNNAMED,2015-09-17 15:00:00,TS,20.0,77.5,30.0,996.0,19,255
2015259N20084,2015,UNNAMED,2015-09-17 18:00:00,TS,20.0,77.0,30.0,996.0,10,270
2015259N20084,2015,UNNAMED,2015-09-17 21:00:00,TS,20.0,76.4,30.0,996.0,9,25
2015259N20084,2015,UNNAMED,2015-09-18 00:00:00,TS,20.8,77.4,25.0,996.0,9,40
2015259N20084,2015,UNNAMED,2015-09-18 03:00:00,TS,20.7,77.0,30.0,996.0,9,205
2015259N20084,2015,UNNAMED,2015-09-18 06:00:00,TS,20.0,77.0,30.0,998.0,5,270
2015259N20084,2015,UNNAMED,2015-09-18 09:00:00,TS,20.7,76.5,25.0,998.0,11,300
2015259N20084,2015,UNNAMED,2015-09-18 12:00:00,TS,20.5,76.0,25.0,998.0,7,255
2015259N20084,2015,UNNAMED,2015-09-18 15:00:00,TS,20.5,75.8,25.0,998.0,5,270
2015259N20084,2015,UNNAMED,2015-09-18 18:00:00,TS,20.5,75.5,25.0,998.0,8,290
2015259N20084,2015,UNNAMED,2015-09-18 21:00:00,TS,20.8,75.0,25.0,998.0,11,300
2015259N20084,2015,UNNAMED,2015-09-19 00:00:00,TS,21.0,74.5,25.0,998.0,10,295
2015280N13071,2015,UNNAMED,2015-10-07 00:00:00,TS,12.7,71.3,,,3,165
2015280N13071,2015,UNNAMED,2015-10-07 03:00:00,TS,12.6,71.3,,,2,155
2015280N13071,2015,UNNAMED,2015-10-07 06:00:00,TS,12.5,71.4,,,2,110
2015280N13071,2015,UNNAMED,2015-10-07 09:00:00,TS,12.5,71.5,,,2,65
2015280N13071,2015,UNNAMED,2015-10-07 12:00:00,TS,12.6,71.6,,,3,45
2015280N13071,2015,UNNAMED,2015-10-07 15:00:00,TS,12.7,71.7,,,2,25
2015280N13071,2015,UNNAMED,2015-10-07 18:00:00,TS,12.8,71.7,,,2,345
2015280N13071,2015,UNNAMED,2015-10-07 21:00:00,TS,12.9,71.6,,,2,295
2015280N13071,2015,UNNAMED,2015-10-08 00:00:00,TS,12.9,71.5,,,2,275
2015280N13071,2015,UNNAMED,2015-10-08 03:00:00,TS,12.9,71.4,,,2,270
2015280N13071,2015,UNNAMED,2015-10-08 06:00:00,TS,12.9,71.3,,,2,310
2015280N13071,2015,UNNAMED,2015-10-08 09:00:00,TS,13.0,71.2,,,4,325
2015280N13071,2015,UNNAMED,2015-10-08 12:00:00,TS,13.2,71.1,,,3,325
2015280N13071,2015,UNNAMED,2015-10-08 15:00:00,TS,13.3,71.0,,,3,315
2015280N13071,2015,UNNAMED,2015-10-08 18:00:00,TS,13.4,70.9,,,3,315
2015280N13071,2015,UNNAMED,2015-10-08 21:00:00,TS,13.5,70.8,,,4,315
2015280N13071,2015,UNNAMED,2015-10-09 00:00:00,TS,13.7,70.6,25.0,1004.0,4,320
2015280N13071,2015,UNNAMED,2015-10-09 03:00:00,TS,13.8,70.5,25.0,1004.0,4,325
2015280N13071,2015,UNNAMED,2015-10-09 06:00:00,TS,14.0,70.4,25.0,1004.0,4,330
2015280N13071,2015,UNNAMED,2015-10-09 09:00:00,TS,14.1,70.3,25.0,1003.0,4,325
2015280N13071,2015,UNNAMED,2015-10-09 12:00:00,TS,14.3,70.2,25.0,1002.0,4,325
2015280N13071,2015,UNNAMED,2015-10-09 15:00:00,TS,14.5,70.1,28.0,1002.0,5,325
2015280N13071,2015,UNNAMED,2015-10-09 18:00:00,TS,14.7,69.9,30.0,1001.0,5,320
2015280N13071,2015,UNNAMED,2015-10-09 21:00:00,TS,14.8,69.7,30.0,1001.0,4,310
2015280N13071,2015,UNNAMED,2015-10-10 00:00:00,TS,15.0,69.6,30.0,1001.0,3,310
2015280N13071,2015,UNNAMED,2015-10-10 03:00:00,TS,15.1,69.5,30.0,1001.0,2,310
2015280N13071,2015,UNNAMED,2015-10-10 06:00:00,TS,15.1,69.4,30.0,1000.0,2,320
2015280N13071,2015,UNNAMED,2015-10-10 09:00:00,TS,15.2,69.4,30.0,1000.0,2,0
2015280N13071,2015,UNNAMED,2015-10-10 12:00:00,TS,15.3,69.4,30.0,1000.0,2,10
2015280N13071,2015,UNNAMED,2015-10-10 15:00:00,TS,15.3,69.4,30.0,1000.0,2,0
2015280N13071,2015,UNNAMED,2015-10-10 18:00:00,TS,15.4,69.4,30.0,1000.0,2,350
2015280N13071,2015,UNNAMED,2015-10-10 21:00:00,TS,15.5,69.4,30.0,1001.0,2,340
2015280N13071,2015,UNNAMED,2015-10-11 00:00:00,TS,15.6,69.3,30.0,1001.0,2,325
2015280N13071,2015,UNNAMED,2015-10-11 03:00:00,TS,15.7,69.3,25.0,1003.0,2,325
2015280N13071,2015,UNNAMED,2015-10-11 06:00:00,MX,15.7,69.2,25.0,1003.0,2,330
2015280N13071,2015,UNNAMED,2015-10-11 09:00:00,TS,15.8,69.2,25.0,1004.0,2,0
2015280N13071,2015,UNNAMED,2015-10-11 12:00:00,TS,15.9,69.2,25.0,1004.0,2,10
2015280N13071,2015,UNNAMED,2015-10-11 15:00:00,TS,16.0,69.2,25.0,1004.0,1,0
2015280N13071,2015,UNNAMED,2015-10-11 18:00:00,TS,16.0,69.2,25.0,1004.0,1,315
2015280N13071,2015,UNNAMED,2015-10-11 21:00:00,TS,16.0,69.1,23.0,1004.0,2,295
2015280N13071,2015,UNNAMED,2015-10-12 00:00:00,TS,16.1,69.0,20.0,1004.0,3,295
2015301N11065,2015,CHAPALA,2015-10-27 12:00:00,TS,10.7,65.1,,,4,335
2015301N11065,2015,CHAPALA,2015-10-27 15:00:00,TS,10.9,65.0,,,4,335
2015301N11065,2015,CHAPALA,2015-10-27 18:00:00,TS,11.1,64.9,,,5,335
2015301N11065,2015,CHAPALA,2015-10-27 21:00:00,TS,11.3,64.8,,,5,340
2015301N11065,2015,CHAPALA,2015-10-28 00:00:00,TS,11.6,64.7,,,4,350
2015301N11065,2015,CHAPALA,2015-10-28 03:00:00,TS,11.8,64.7,25.0,1005.0,4,10
2015301N11065,2015,CHAPALA,2015-10-28 06:00:00,TS,12.0,64.8,25.0,1004.0,6,5
2015301N11065,2015,CHAPALA,2015-10-28 09:00:00,TS,12.4,64.8,28.0,1003.0,7,5
2015301N11065,2015,CHAPALA,2015-10-28 12:00:00,TS,12.7,64.8,30.0,1001.0,5,355
2015301N11065,2015,CHAPALA,2015-10-28 15:00:00,TS,12.9,64.8,30.0,1001.0,4,340
2015301N11065,2015,CHAPALA,2015-10-28 18:00:00,TS,13.1,64.6,30.0,1001.0,5,320
2015301N11065,2015,CHAPALA,2015-10-28 21:00:00,TS,13.3,64.4,33.0,1000.0,6,320
2015301N11065,2015,CHAPALA,2015-10-29 00:00:00,TS,13.6,64.3,35.0,999.0,5,325
2015301N11065,2015,CHAPALA,2015-10-29 03:00:00,TS,13.7,64.1,40.0,997.0,6,300
2015301N11065,2015,CHAPALA,2015-10-29 06:00:00,TS,13.9,63.8,45.0,996.0,7,295
2015301N11065,2015,CHAPALA,2015-10-29 09:00:00,TS,14.0,63.5,50.0,994.0,6,300
2015301N11065,2015,CHAPALA,2015-10-29 12:00:00,TS,14.2,63.2,55.0,990.0,7,290
2015301N11065,2015,CHAPALA,2015-10-29 15:00:00,TS,14.3,62.8,60.0,988.0,7,280
2015301N11065,2015,CHAPALA,2015-10-29 18:00:00,TS,14.3,62.5,65.0,984.0,6,270
2015301N11065,2015,CHAPALA,2015-10-29 21:00:00,TS,14.3,62.2,75.0,976.0,6,270
2015301N11065,2015,CHAPALA,2015-10-30 00:00:00,TS,14.3,61.8,90.0,966.0,7,270
2015301N11065,2015,CHAPALA,2015-10-30 03:00:00,TS,14.2,61.5,105.0,954.0,7,265
2015301N11065,2015,CHAPALA,2015-10-30 06:00:00,TS,14.2,61.1,110.0,948.0,6,260
2015301N11065,2015,CHAPALA,2015-10-30 09:00:00,TS,14.1,60.8,115.0,940.0,5,255
2015301N11065,2015,CHAPALA,2015-10-30 12:00:00,TS,14.1,60.6,115.0,940.0,5,250
2015301N11065,2015,CHAPALA,2015-10-30 15:00:00,TS,14.0,60.4,115.0,940.0,5,250
2015301N11065,2015,CHAPALA,2015-10-30 18:00:00,TS,13.9,60.2,115.0,940.0,5,260
2015301N11065,2015,CHAPALA,2015-10-30 21:00:00,TS,13.9,59.9,115.0,942.0,6,265
2015301N11065,2015,CHAPALA,2015-10-31 00:00:00,TS,13.8,59.6,110.0,944.0,7,265
2015301N11065,2015,CHAPALA,2015-10-31 03:00:00,TS,13.8,59.2,110.0,946.0,8,265
2015301N11065,2015,CHAPALA,2015-10-31 06:00:00,TS,13.8,58.7,105.0,950.0,8,270
2015301N11065,2015,CHAPALA,2015-10-31 09:00:00,TS,13.8,58.3,105.0,950.0,8,270
2015301N11065,2015,CHAPALA,2015-10-31 12:00:00,TS,13.8,57.9,105.0,950.0,8,270
2015301N11065,2015,CHAPALA,2015-10-31 15:00:00,TS,13.8,57.5,105.0,950.0,7,265
2015301N11065,2015,CHAPALA,2015-10-31 18:00:00,TS,13.8,57.2,105.0,950.0,7,260
2015301N11065,2015,CHAPALA,2015-10-31 21:00:00,TS,13.7,56.8,105.0,950.0,8,265
2015301N11065,2015,CHAPALA,2015-11-01 00:00:00,TS,13.7,56.4,105.0,950.0,7,260
2015301N11065,2015,CHAPALA,2015-11-01 03:00:00,TS,13.6,56.1,105.0,952.0,7,260
2015301N11065,2015,CHAPALA,2015-11-01 06:00:00,TS,13.6,55.7,100.0,954.0,9,270
2015301N11065,2015,CHAPALA,2015-11-01 09:00:00,TS,13.5,55.2,100.0,956.0,10,270
2015301N11065,2015,CHAPALA,2015-11-01 12:00:00,TS,13.6,54.7,100.0,956.0,10,270
2015301N11065,2015,CHAPALA,2015-11-01 15:00:00,TS,13.5,54.2,100.0,956.0,10,260
2015301N11065,2015,CHAPALA,2015-11-01 18:00:00,TS,13.4,53.7,100.0,956.0,11,255
2015301N11065,2015,CHAPALA,2015-11-01 21:00:00,TS,13.3,53.1,100.0,956.0,11,260
2015301N11065,2015,CHAPALA,2015-11-02 00:00:00,TS,13.2,52.6,100.0,958.0,9,265
2015301N11065,2015,CHAPALA,2015-11-02 03:00:00,TS,13.2,52.2,95.0,960.0,9,275
2015301N11065,2015,CHAPALA,2015-11-02 06:00:00,TS,13.3,51.6,90.0,964.0,11,275
2015301N11065,2015,CHAPALA,2015-11-02 09:00:00,TS,13.3,51.0,90.0,966.0,10,275
2015301N11065,2015,CHAPALA,2015-11-02 12:00:00,TS,13.4,50.6,85.0,968.0,10,280
2015301N11065,2015,CHAPALA,2015-11-02 15:00:00,TS,13.5,50.0,85.0,970.0,10,290
2015301N11065,2015,CHAPALA,2015-11-02 18:00:00,TS,13.7,49.6,80.0,974.0,8,295
2015301N11065,2015,CHAPALA,2015-11-02 21:00:00,TS,13.8,49.3,75.0,978.0,8,290
2015301N11065,2015,CHAPALA,2015-11-03 00:00:00,TS,14.0,48.9,65.0,984.0,9,285
2015301N11065,2015,CHAPALA,2015-11-03 03:00:00,TS,14.1,48.4,55.0,990.0,10,275
2015301N11065,2015,CHAPALA,2015-11-03 06:00:00,TS,14.1,47.9,45.0,996.0,7,265
2015301N11065,2015,CHAPALA,2015-11-03 09:00:00,TS,14.1,47.6,40.0,998.0,4,280
2015301N11065,2015,CHAPALA,2015-11-03 12:00:00,TS,14.1,47.4,40.0,998.0,4,290
2015301N11065,2015,CHAPALA,2015-11-03 15:00:00,TS,14.2,47.2,40.0,998.0,4,300
2015301N11065,2015,CHAPALA,2015-11-03 18:00:00,TS,14.3,47.1,30.0,1001.0,5,310
2015301N11065,2015,CHAPALA,2015-11-03 21:00:00,TS,14.5,46.8,28.0,1002.0,8,310
2015301N11065,2015,CHAPALA,2015-11-04 00:00:00,TS,14.8,46.5,25.0,1003.0,8,315
2015309N14067,2015,MEGH,2015-11-04 12:00:00,DS,14.0,66.9,,,5,265
2015309N14067,2015,MEGH,2015-11-04 15:00:00,DS,14.0,66.6,,,5,270
2015309N14067,2015,MEGH,2015-11-04 18:00:00,TS,14.0,66.4,,,5,280
2015309N14067,2015,MEGH,2015-11-04 21:00:00,TS,14.1,66.1,,,6,280
2015309N14067,2015,MEGH,2015-11-05 00:00:00,TS,14.1,65.8,25.0,1006.0,7,270
2015309N14067,2015,MEGH,2015-11-05 03:00:00,TS,14.1,65.4,25.0,1004.0,10,265
2015309N14067,2015,MEGH,2015-11-05 06:00:00,TS,14.0,64.8,30.0,1002.0,11,265
2015309N14067,2015,MEGH,2015-11-05 09:00:00,TS,14.0,64.3,33.0,1000.0,8,265
2015309N14067,2015,MEGH,2015-11-05 12:00:00,TS,14.0,64.0,35.0,998.0,7,255
2015309N14067,2015,MEGH,2015-11-05 15:00:00,TS,13.9,63.6,40.0,996.0,6,255
2015309N14067,2015,MEGH,2015-11-05 18:00:00,TS,13.8,63.3,45.0,994.0,7,255
2015309N14067,2015,MEGH,2015-11-05 21:00:00,TS,13.7,62.9,45.0,994.0,8,255
2015309N14067,2015,MEGH,2015-11-06 00:00:00,TS,13.6,62.5,45.0,994.0,7,250
2015309N14067,2015,MEGH,2015-11-06 03:00:00,TS,13.4,62.2,45.0,994.0,7,240
2015309N14067,2015,MEGH,2015-11-06 06:00:00,TS,13.3,61.9,45.0,994.0,7,245
2015309N14067,2015,MEGH,2015-11-06 09:00:00,TS,13.1,61.6,45.0,994.0,8,255
2015309N14067,2015,MEGH,2015-11-06 12:00:00,TS,13.1,61.2,45.0,994.0,7,250
2015309N14067,2015,MEGH,2015-11-06 15:00:00,TS,12.9,60.9,45.0,994.0,5,255
2015309N14067,2015,MEGH,2015-11-06 18:00:00,TS,12.9,60.7,45.0,994.0,5,255
2015309N14067,2015,MEGH,2015-11-06 21:00:00,TS,12.8,60.4,45.0,994.0,6,260
2015309N14067,2015,MEGH,2015-11-07 00:00:00,TS,12.8,60.1,45.0,994.0,7,265
2015309N14067,2015,MEGH,2015-11-07 03:00:00,TS,12.8,59.6,45.0,994.0,8,265
2015309N14067,2015,MEGH,2015-11-07 06:00:00,TS,12.7,59.3,50.0,992.0,8,265
2015309N14067,2015,MEGH,2015-11-07 09:00:00,TS,12.7,58.8,55.0,990.0,9,275
2015309N14067,2015,MEGH,2015-11-07 12:00:00,TS,12.8,58.4,60.0,988.0,9,270
2015309N14067,2015,MEGH,2015-11-07 15:00:00,TS,12.7,57.9,65.0,984.0,10,270
2015309N14067,2015,MEGH,2015-11-07 18:00:00,TS,12.8,57.3,70.0,980.0,11,270
2015309N14067,2015,MEGH,2015-11-07 21:00:00,TS,12.7,56.7,80.0,976.0,12,270
2015309N14067,2015,MEGH,2015-11-08 00:00:00,TS,12.7,56.1,85.0,974.0,12,265
2015309N14067,2015,MEGH,2015-11-08 03:00:00,TS,12.7,55.5,90.0,968.0,12,270
2015309N14067,2015,MEGH,2015-11-08 06:00:00,TS,12.7,54.9,95.0,964.0,13,270
2015309N14067,2015,MEGH,2015-11-08 09:00:00,TS,12.7,54.2,95.0,964.0,14,270
2015309N14067,2015,MEGH,2015-11-08 12:00:00,TS,12.7,53.5,90.0,970.0,13,270
2015309N14067,2015,MEGH,2015-11-08 15:00:00,TS,12.6,52.8,90.0,970.0,12,260
2015309N14067,2015,MEGH,2015-11-08 18:00:00,TS,12.5,52.3,90.0,970.0,13,260
2015309N14067,2015,MEGH,2015-11-08 21:00:00,TS,12.4,51.6,90.0,970.0,13,260
2015309N14067,2015,MEGH,2015-11-09 00:00:00,TS,12.3,50.9,85.0,974.0,13,265
2015309N14067,2015,MEGH,2015-11-09 03:00:00,TS,12.2,50.2,80.0,976.0,13,270
2015309N14067,2015,MEGH,2015-11-09 06:00:00,TS,12.3,49.6,80.0,978.0,13,275
2015309N14067,2015,MEGH,2015-11-09 09:00:00,TS,12.3,48.9,75.0,980.0,12,280
2015309N14067,2015,MEGH,2015-11-09 12:00:00,TS,12.5,48.3,70.0,982.0,9,280
2015309N14067,2015,MEGH,2015-11-09 15:00:00,TS,12.5,48.0,65.0,986.0,7,285
2015309N14067,2015,MEGH,2015-11-09 18:00:00,TS,12.6,47.6,65.0,988.0,7,285
2015309N14067,2015,MEGH,2015-11-09 21:00:00,TS,12.7,47.3,60.0,990.0,7,290
2015309N14067,2015,MEGH,2015-11-10 00:00:00,TS,12.9,47.0,50.0,996.0,6,305
2015309N14067,2015,MEGH,2015-11-10 03:00:00,TS,13.0,46.8,40.0,998.0,6,315
2015309N14067,2015,MEGH,2015-11-10 06:00:00,TS,13.3,46.6,30.0,1003.0,5,335
2015309N14067,2015,MEGH,2015-11-10 09:00:00,TS,13.5,46.6,28.0,1004.0,4,0
2015309N14067,2015,MEGH,2015-11-10 12:00:00,MX,13.7,46.6,25.0,1005.0,4,15
2015312N11084,2015,UNNAMED,2015-11-08 03:00:00,TS,10.7,83.7,25.0,1003.0,10,280
2015312N11084,2015,UNNAMED,2015-11-08 06:00:00,TS,10.8,83.2,25.0,1003.0,9,285
2015312N11084,2015,UNNAMED,2015-11-08 09:00:00,TS,10.9,82.8,25.0,1003.0,7,285
2015312N11084,2015,UNNAMED,2015-11-08 12:00:00,TS,11.0,82.5,25.0,1002.0,9,285
2015312N11084,2015,UNNAMED,2015-11-08 15:00:00,TS,11.1,82.0,28.0,1001.0,11,280
2015312N11084,2015,UNNAMED,2015-11-08 18:00:00,TS,11.2,81.4,30.0,1000.0,9,280
2015312N11084,2015,UNNAMED,2015-11-08 21:00:00,TS,11.3,81.0,30.0,1000.0,7,285
2015312N11084,2015,UNNAMED,2015-11-09 00:00:00,TS,11.4,80.7,30.0,999.0,8,295
2015312N11084,2015,UNNAMED,2015-11-09 03:00:00,TS,11.6,80.3,30.0,998.0,7,295
2015312N11084,2015,UNNAMED,2015-11-09 06:00:00,TS,11.7,80.1,30.0,996.0,4,315
2015312N11084,2015,UNNAMED,2015-11-09 09:00:00,TS,11.9,80.0,30.0,996.0,4,345
2015312N11084,2015,UNNAMED,2015-11-09 12:00:00,TS,12.1,80.0,30.0,996.0,4,350
2015312N11084,2015,UNNAMED,2015-11-09 15:00:00,TS,12.3,80.0,30.0,997.0,3,345
2015312N11084,2015,UNNAMED,2015-11-09 18:00:00,TS,12.4,79.9,30.0,998.0,2,310
2015312N11084,2015,UNNAMED,2015-11-09 21:00:00,TS,12.4,79.8,30.0,999.0,3,270
2015312N11084,2015,UNNAMED,2015-11-10 00:00:00,TS,12.4,79.6,30.0,1000.0,5,270
2015312N11084,2015,UNNAMED,2015-11-10 03:00:00,TS,12.4,79.3,20.0,1002.0,6,270
2016138N10081,2016,ROANU,2016-05-17 00:00:00,DS,10.0,80.8,,,11,20
2016138N10081,2016,ROANU,2016-05-17 03:00:00,MX,10.5,81.0,25.0,1000.0,9,20
2016138N10081,2016,ROANU,2016-05-17 06:00:00,MX,10.8,81.1,25.0,999.0,7,10
2016138N10081,2016,ROANU,2016-05-17 09:00:00,MX,11.2,81.1,25.0,999.0,8,0
2016138N10081,2016,ROANU,2016-05-17 12:00:00,MX,11.7,81.1,25.0,998.0,9,0
2016138N10081,2016,ROANU,2016-05-17 15:00:00,MX,12.1,81.1,25.0,998.0,8,5
2016138N10081,2016,ROANU,2016-05-17 18:00:00,TS,12.5,81.1,25.0,998.0,7,5
2016138N10081,2016,ROANU,2016-05-17 21:00:00,TS,12.8,81.2,25.0,998.0,7,5
2016138N10081,2016,ROANU,2016-05-18 00:00:00,TS,13.1,81.2,25.0,998.0,7,10
2016138N10081,2016,ROANU,2016-05-18 03:00:00,TS,13.4,81.3,30.0,997.0,8,5
2016138N10081,2016,ROANU,2016-05-18 06:00:00,TS,13.9,81.3,30.0,996.0,7,0
2016138N10081,2016,ROANU,2016-05-18 09:00:00,TS,14.2,81.3,30.0,996.0,6,0
2016138N10081,2016,ROANU,2016-05-18 12:00:00,TS,14.4,81.3,30.0,996.0,4,0
2016138N10081,2016,ROANU,2016-05-18 15:00:00,TS,14.5,81.3,30.0,995.0,3,0
2016138N10081,2016,ROANU,2016-05-18 18:00:00,TS,14.7,81.3,30.0,994.0,3,25
2016138N10081,2016,ROANU,2016-05-18 21:00:00,TS,14.9,81.4,33.0,992.0,5,35
2016138N10081,2016,ROANU,2016-05-19 00:00:00,TS,15.1,81.6,35.0,990.0,7,40
2016138N10081,2016,ROANU,2016-05-19 03:00:00,TS,15.4,81.8,35.0,990.0,5,50
2016138N10081,2016,ROANU,2016-05-19 06:00:00,TS,15.4,82.0,40.0,988.0,4,65
2016138N10081,2016,ROANU,2016-05-19 09:00:00,TS,15.5,82.2,40.0,988.0,6,50
2016138N10081,2016,ROANU,2016-05-19 12:00:00,TS,15.8,82.5,40.0,988.0,8,45
2016138N10081,2016,ROANU,2016-05-19 15:00:00,TS,16.1,82.8,40.0,988.0,9,40
2016138N10081,2016,ROANU,2016-05-19 18:00:00,TS,16.5,83.1,40.0,988.0,10,40
2016138N10081,2016,ROANU,2016-05-19 21:00:00,TS,16.9,83.5,40.0,988.0,12,40
2016138N10081,2016,ROANU,2016-05-20 00:00:00,TS,17.4,84.0,40.0,988.0,16,45
2016138N10081,2016,ROANU,2016-05-20 03:00:00,TS,18.1,84.7,40.0,988.0,16,45
2016138N10081,2016,ROANU,2016-05-20 06:00:00,TS,18.6,85.1,40.0,988.0,12,50
2016138N10081,2016,ROANU,2016-05-20 09:00:00,TS,18.9,85.6,40.0,988.0,17,60
2016138N10081,2016,ROANU,2016-05-20 12:00:00,TS,19.4,86.7,40.0,988.0,18,60
2016138N10081,2016,ROANU,2016-05-20 15:00:00,TS,19.8,87.3,40.0,986.0,14,55
2016138N10081,2016,ROANU,2016-05-20 18:00:00,TS,20.2,88.0,45.0,984.0,15,60
2016138N10081,2016,ROANU,2016-05-20 21:00:00,TS,20.5,88.7,45.0,983.0,15,65
2016138N10081,2016,ROANU,2016-05-21 00:00:00,TS,20.9,89.4,45.0,983.0,18,60
2016138N10081,2016,ROANU,2016-05-21 03:00:00,TS,21.4,90.4,45.0,983.0,19,55
2016138N10081,2016,ROANU,2016-05-21 06:00:00,TS,21.9,91.0,45.0,983.0,16,40
2016138N10081,2016,ROANU,2016-05-21 09:00:00,TS,22.6,91.5,45.0,983.0,14,40
2016138N10081,2016,ROANU,2016-05-21 12:00:00,TS,23.0,92.0,35.0,990.0,16,55
2016138N10081,2016,ROANU,2016-05-21 15:00:00,TS,23.5,93.0,30.0,992.0,21,60
2016138N10081,2016,ROANU,2016-05-21 18:00:00,TS,24.0,94.0,30.0,994.0,16,60
2016138N10081,2016,ROANU,2016-05-21 21:00:00,TS,24.3,94.5,25.0,995.0,8,50
2016138N10081,2016,ROANU,2016-05-22 00:00:00,TS,24.5,94.7,20.0,996.0,5,40
2016178N22068,2016,UNNAMED,2016-06-26 06:00:00,TS,21.7,67.8,,,7,280
2016178N22068,2016,UNNAMED,2016-06-26 09:00:00,TS,21.8,67.4,,,7,280
2016178N22068,2016,UNNAMED,2016-06-26 12:00:00,TS,21.8,67.1,,,6,280
2016178N22068,2016,UNNAMED,2016-06-26 15:00:00,TS,21.8,66.8,,,6,280
2016178N22068,2016,UNNAMED,2016-06-26 18:00:00,TS,21.9,66.5,,,7,280
2016178N22068,2016,UNNAMED,2016-06-26 21:00:00,TS,22.0,66.1,,,8,275
2016178N22068,2016,UNNAMED,2016-06-27 00:00:00,TS,22.0,65.6,,,9,270
2016178N22068,2016,UNNAMED,2016-06-27 03:00:00,TS,22.0,65.1,,,8,265
2016178N22068,2016,UNNAMED,2016-06-27 06:00:00,TS,21.9,64.7,,,7,245
2016178N22068,2016,UNNAMED,2016-06-27 09:00:00,TS,21.7,64.4,25.0,996.0,6,240
2016178N22068,2016,UNNAMED,2016-06-27 12:00:00,TS,21.6,64.1,25.0,996.0,5,245
2016178N22068,2016,UNNAMED,2016-06-27 15:00:00,TS,21.5,64.0,25.0,996.0,2,235
2016178N22068,2016,UNNAMED,2016-06-27 18:00:00,TS,21.5,64.0,25.0,996.0,1,60
2016178N22068,2016,UNNAMED,2016-06-27 21:00:00,TS,21.5,64.1,25.0,996.0,1,320
2016178N22068,2016,UNNAMED,2016-06-28 00:00:00,TS,21.5,63.9,25.0,996.0,12,255
2016178N22068,2016,UNNAMED,2016-06-28 03:00:00,TS,21.2,62.9,25.0,996.0,12,255
2016178N22068,2016,UNNAMED,2016-06-28 06:00:00,MX,21.2,62.7,25.0,996.0,4,255
2016178N22068,2016,UNNAMED,2016-06-28 09:00:00,TS,21.1,62.4,25.0,996.0,6,220
2016178N22068,2016,UNNAMED,2016-06-28 12:00:00,TS,20.8,62.3,25.0,996.0,6,185
2016178N22068,2016,UNNAMED,2016-06-28 15:00:00,TS,20.5,62.3,25.0,996.0,5,170
2016178N22068,2016,UNNAMED,2016-06-28 18:00:00,TS,20.3,62.4,25.0,996.0,3,170
2016178N22068,2016,UNNAMED,2016-06-28 21:00:00,TS,20.3,62.4,25.0,996.0,1,270
2016178N22068,2016,UNNAMED,2016-06-29 00:00:00,TS,20.3,62.3,25.0,996.0,2,305
2016222N22089,2016,UNNAMED,2016-08-09 09:00:00,TS,22.0,88.5,25.0,996.0,0,0
2016222N22089,2016,UNNAMED,2016-08-09 12:00:00,TS,22.0,88.5,25.0,996.0,3,40
2016222N22089,2016,UNNAMED,2016-08-09 15:00:00,TS,22.2,88.7,25.0,996.0,7,45
2016222N22089,2016,UNNAMED,2016-08-09 18:00:00,TS,22.5,89.0,25.0,995.0,8,60
2016222N22089,2016,UNNAMED,2016-08-09 21:00:00,TS,22.7,89.5,25.0,995.0,7,65
2016222N22089,2016,UNNAMED,2016-08-10 00:00:00,TS,22.8,89.7,25.0,995.0,4,350
2016222N22089,2016,UNNAMED,2016-08-10 03:00:00,TS,23.0,89.4,30.0,994.0,5,310
2016222N22089,2016,UNNAMED,2016-08-10 06:00:00,TS,23.1,89.3,30.0,994.0,3,325
2016222N22089,2016,UNNAMED,2016-08-10 09:00:00,TS,23.2,89.2,30.0,994.0,4,330
2016222N22089,2016,UNNAMED,2016-08-10 12:00:00,TS,23.4,89.1,30.0,994.0,4,305
2016222N22089,2016,UNNAMED,2016-08-10 15:00:00,TS,23.5,88.8,30.0,994.0,6,290
2016222N22089,2016,UNNAMED,2016-08-10 18:00:00,TS,23.6,88.5,30.0,994.0,6,285
2016222N22089,2016,UNNAMED,2016-08-10 21:00:00,TS,23.7,88.2,30.0,994.0,7,285
2016222N22089,2016,UNNAMED,2016-08-11 00:00:00,TS,23.8,87.8,30.0,994.0,8,295
2016222N22089,2016,UNNAMED,2016-08-11 03:00:00,TS,24.0,87.4,30.0,994.0,8,285
2016222N22089,2016,UNNAMED,2016-08-11 06:00:00,TS,24.0,87.0,25.0,996.0,6,270
2016222N22089,2016,UNNAMED,2016-08-11 09:00:00,TS,24.0,86.7,25.0,996.0,5,270
2016222N22089,2016,UNNAMED,2016-08-11 12:00:00,TS,24.0,86.5,25.0,996.0,6,270
2016222N22089,2016,UNNAMED,2016-08-11 15:00:00,TS,24.0,86.1,25.0,996.0,7,270
2016222N22089,2016,UNNAMED,2016-08-11 18:00:00,TS,24.0,85.7,25.0,996.0,7,270
2016222N22089,2016,UNNAMED,2016-08-11 21:00:00,TS,24.0,85.4,25.0,996.0,6,270
2016222N22089,2016,UNNAMED,2016-08-12 00:00:00,TS,24.0,85.0,25.0,996.0,8,270
2016222N22089,2016,UNNAMED,2016-08-12 03:00:00,TS,24.0,84.5,25.0,996.0,5,270
2016222N22089,2016,UNNAMED,2016-08-12 06:00:00,TS,24.0,84.5,25.0,996.0,1,25
2016222N22089,2016,UNNAMED,2016-08-12 09:00:00,TS,24.1,84.5,25.0,996.0,2,10
2016222N22089,2016,UNNAMED,2016-08-12 12:00:00,TS,24.2,84.5,25.0,996.0,3,315
2016222N22089,2016,UNNAMED,2016-08-12 15:00:00,TS,24.3,84.3,23.0,996.0,5,295
2016222N22089,2016,UNNAMED,2016-08-12 18:00:00,TS,24.4,84.0,20.0,996.0,6,290
2016230N21089,2016,UNNAMED,2016-08-16 12:00:00,TS,21.0,89.0,20.0,996.0,3,310
2016230N21089,2016,UNNAMED,2016-08-16 15:00:00,TS,21.1,88.9,20.0,996.0,3,305
2016230N21089,2016,UNNAMED,2016-08-16 18:00:00,TS,21.2,88.7,20.0,996.0,4,300
2016230N21089,2016,UNNAMED,2016-08-16 21:00:00,TS,21.3,88.5,20.0,996.0,3,305
2016230N21089,2016,UNNAMED,2016-08-17 00:00:00,TS,21.4,88.4,20.0,996.0,2,10
2016230N21089,2016,UNNAMED,2016-08-17 03:00:00,TS,21.5,88.5,20.0,996.0,1,45
2016230N21089,2016,UNNAMED,2016-08-17 06:00:00,TS,21.5,88.5,20.0,996.0,2,345
2016230N21089,2016,UNNAMED,2016-08-17 09:00:00,TS,21.7,88.4,23.0,995.0,6,330
2016230N21089,2016,UNNAMED,2016-08-17 12:00:00,TS,22.0,88.2,25.0,994.0,11,315
2016230N21089,2016,UNNAMED,2016-08-17 15:00:00,TS,22.4,87.6,25.0,994.0,15,305
2016230N21089,2016,UNNAMED,2016-08-17 18:00:00,TS,22.9,86.9,25.0,994.0,15,305
2016230N21089,2016,UNNAMED,2016-08-17 21:00:00,TS,23.3,86.3,25.0,994.0,14,305
2016230N21089,2016,UNNAMED,2016-08-18 00:00:00,TS,23.7,85.7,25.0,994.0,14,300
2016230N21089,2016,UNNAMED,2016-08-18 03:00:00,TS,24.0,85.0,25.0,994.0,12,285
2016230N21089,2016,UNNAMED,2016-08-18 06:00:00,TS,24.0,84.4,25.0,994.0,10,270
2016230N21089,2016,UNNAMED,2016-08-18 09:00:00,TS,24.0,83.9,25.0,994.0,9,275
2016230N21089,2016,UNNAMED,2016-08-18 12:00:00,TS,24.1,83.4,25.0,994.0,8,285
2016230N21089,2016,UNNAMED,2016-08-18 15:00:00,TS,24.2,83.0,25.0,994.0,7,295
2016230N21089,2016,UNNAMED,2016-08-18 18:00:00,TS,24.4,82.7,25.0,994.0,7,295
2016230N21089,2016,UNNAMED,2016-08-18 21:00:00,TS,24.5,82.3,25.0,994.0,6,300
2016230N21089,2016,UNNAMED,2016-08-19 00:00:00,TS,24.7,82.1,25.0,994.0,5,5
2016230N21089,2016,UNNAMED,2016-08-19 03:00:00,TS,25.0,82.3,25.0,994.0,14,275
2016230N21089,2016,UNNAMED,2016-08-19 06:00:00,TS,24.8,80.6,25.0,994.0,25,265
2016230N21089,2016,UNNAMED,2016-08-19 09:00:00,TS,24.7,79.5,25.0,994.0,15,265
2016230N21089,2016,UNNAMED,2016-08-19 12:00:00,TS,24.7,79.0,25.0,994.0,8,270
2016230N21089,2016,UNNAMED,2016-08-19 15:00:00,TS,24.7,78.6,25.0,994.0,5,270
2016230N21089,2016,UNNAMED,2016-08-19 18:00:00,TS,24.7,78.4,25.0,994.0,5,270
2016230N21089,2016,UNNAMED,2016-08-19 21:00:00,TS,24.7,78.1,25.0,994.0,5,270
2016230N21089,2016,UNNAMED,2016-08-20 00:00:00,TS,24.7,77.8,25.0,994.0,6,280
2016230N21089,2016,UNNAMED,2016-08-20 03:00:00,TS,24.8,77.5,25.0,994.0,5,280
2016230N21089,2016,UNNAMED,2016-08-20 06:00:00,TS,24.8,77.3,25.0,994.0,2,265
2016230N21089,2016,UNNAMED,2016-08-20 09:00:00,TS,24.8,77.3,23.0,994.0,1,270
2016230N21089,2016,UNNAMED,2016-08-20 12:00:00,TS,24.8,77.2,20.0,994.0,3,285
2016230N21089,2016,UNNAMED,2016-08-20 15:00:00,TS,24.9,76.9,18.0,995.0,7,285
2016230N21089,2016,UNNAMED,2016-08-20 18:00:00,TS,25.0,76.5,15.0,996.0,8,285
2016295N13089,2016,KYANT,2016-10-21 00:00:00,TS,13.5,88.5,25.0,1003.0,6,70
2016295N13089,2016,KYANT,2016-10-21 03:00:00,TS,13.6,88.8,25.0,1003.0,8,75
2016295N13089,2016,KYANT,2016-10-21 06:00:00,TS,13.7,89.3,25.0,1003.0,8,75
2016295N13089,2016,KYANT,2016-10-21 09:00:00,TS,13.8,89.6,25.0,1003.0,5,70
2016295N13089,2016,KYANT,2016-10-21 12:00:00,TS,13.9,89.8,25.0,1003.0,3,70
2016295N13089,2016,KYANT,2016-10-21 15:00:00,TS,13.9,89.9,25.0,1003.0,1,90
2016295N13089,2016,KYANT,2016-10-21 18:00:00,TS,13.9,89.9,25.0,1003.0,0,205
2016295N13089,2016,KYANT,2016-10-21 21:00:00,TS,13.9,89.9,25.0,1003.0,2,80
2016295N13089,2016,KYANT,2016-10-22 00:00:00,TS,13.9,90.1,25.0,1002.0,8,75
2016295N13089,2016,KYANT,2016-10-22 03:00:00,TS,14.1,90.7,25.0,1002.0,14,65
2016295N13089,2016,KYANT,2016-10-22 06:00:00,TS,14.5,91.4,25.0,1002.0,13,60
2016295N13089,2016,KYANT,2016-10-22 09:00:00,TS,14.8,91.8,25.0,1002.0,7,60
2016295N13089,2016,KYANT,2016-10-22 12:00:00,TS,14.9,92.1,25.0,1002.0,6,55
2016295N13089,2016,KYANT,2016-10-22 15:00:00,TS,15.1,92.3,25.0,1002.0,5,50
2016295N13089,2016,KYANT,2016-10-22 18:00:00,TS,15.3,92.5,25.0,1002.0,5,50
2016295N13089,2016,KYANT,2016-10-22 21:00:00,TS,15.4,92.6,25.0,1002.0,4,50
2016295N13089,2016,KYANT,2016-10-23 00:00:00,TS,15.5,92.8,25.0,1002.0,2,40
2016295N13089,2016,KYANT,2016-10-23 03:00:00,TS,15.6,92.8,30.0,1000.0,1,15
2016295N13089,2016,KYANT,2016-10-23 06:00:00,TS,15.6,92.8,30.0,1000.0,1,40
2016295N13089,2016,KYANT,2016-10-23 09:00:00,TS,15.7,92.9,30.0,1000.0,2,45
2016295N13089,2016,KYANT,2016-10-23 12:00:00,TS,15.8,93.0,30.0,1000.0,3,40
2016295N13089,2016,KYANT,2016-10-23 15:00:00,TS,15.9,93.0,30.0,1000.0,3,30
2016295N13089,2016,KYANT,2016-10-23 18:00:00,TS,16.0,93.1,30.0,1000.0,3,15
2016295N13089,2016,KYANT,2016-10-23 21:00:00,TS,16.1,93.1,30.0,1000.0,3,0
2016295N13089,2016,KYANT,2016-10-24 00:00:00,TS,16.3,93.1,30.0,1000.0,2,355
2016295N13089,2016,KYANT,2016-10-24 03:00:00,TS,16.3,93.1,30.0,1000.0,3,350
2016295N13089,2016,KYANT,2016-10-24 06:00:00,TS,16.5,93.1,30.0,1000.0,4,315
2016295N13089,2016,KYANT,2016-10-24 09:00:00,TS,16.7,92.8,30.0,1000.0,6,290
2016295N13089,2016,KYANT,2016-10-24 12:00:00,TS,16.7,92.5,30.0,1000.0,4,275
2016295N13089,2016,KYANT,2016-10-24 15:00:00,TS,16.7,92.3,30.0,1000.0,3,270
2016295N13089,2016,KYANT,2016-10-24 18:00:00,TS,16.7,92.2,30.0,1000.0,3,270
2016295N13089,2016,KYANT,2016-10-24 21:00:00,TS,16.7,92.0,30.0,1000.0,4,275
2016295N13089,2016,KYANT,2016-10-25 00:00:00,TS,16.8,91.7,30.0,1000.0,6,280
2016295N13089,2016,KYANT,2016-10-25 03:00:00,TS,16.8,91.4,35.0,998.0,6,275
2016295N13089,2016,KYANT,2016-10-25 06:00:00,TS,16.8,91.1,35.0,998.0,6,260
2016295N13089,2016,KYANT,2016-10-25 09:00:00,TS,16.7,90.8,35.0,998.0,5,265
2016295N13089,2016,KYANT,2016-10-25 12:00:00,TS,16.8,90.6,35.0,998.0,6,265
2016295N13089,2016,KYANT,2016-10-25 15:00:00,TS,16.6,90.2,35.0,998.0,7,260
2016295N13089,2016,KYANT,2016-10-25 18:00:00,TS,16.6,89.8,35.0,998.0,7,250
2016295N13089,2016,KYANT,2016-10-25 21:00:00,TS,16.4,89.5,35.0,997.0,8,250
2016295N13089,2016,KYANT,2016-10-26 00:00:00,TS,16.4,89.0,40.0,996.0,10,265
2016295N13089,2016,KYANT,2016-10-26 03:00:00,TS,16.3,88.5,40.0,996.0,11,265
2016295N13089,2016,KYANT,2016-10-26 06:00:00,TS,16.3,87.9,40.0,996.0,10,265
2016295N13089,2016,KYANT,2016-10-26 09:00:00,TS,16.2,87.4,40.0,996.0,9,260
2016295N13089,2016,KYANT,2016-10-26 12:00:00,TS,16.2,87.0,40.0,996.0,8,260
2016295N13089,2016,KYANT,2016-10-26 15:00:00,TS,16.1,86.6,40.0,997.0,7,255
2016295N13089,2016,KYANT,2016-10-26 18:00:00,TS,16.0,86.3,35.0,998.0,8,255
2016295N13089,2016,KYANT,2016-10-26 21:00:00,TS,15.9,85.8,30.0,1000.0,9,255
2016295N13089,2016,KYANT,2016-10-27 00:00:00,TS,15.8,85.4,30.0,1002.0,9,260
2016295N13089,2016,KYANT,2016-10-27 03:00:00,TS,15.7,84.8,30.0,1002.0,10,265
2016295N13089,2016,KYANT,2016-10-27 06:00:00,TS,15.7,84.4,30.0,1003.0,9,265
2016295N13089,2016,KYANT,2016-10-27 09:00:00,TS,15.6,83.9,30.0,1004.0,8,260
2016295N13089,2016,KYANT,2016-10-27 12:00:00,TS,15.6,83.6,30.0,1004.0,7,255
2016295N13089,2016,KYANT,2016-10-27 15:00:00,TS,15.4,83.3,28.0,1004.0,6,245
2016295N13089,2016,KYANT,2016-10-27 18:00:00,TS,15.3,83.0,25.0,1004.0,5,240
2016295N13089,2016,KYANT,2016-10-27 21:00:00,TS,15.2,82.8,,,4,240
2016295N13089,2016,KYANT,2016-10-28 00:00:00,TS,15.1,82.6,,,5,245
2016295N13089,2016,KYANT,2016-10-28 03:00:00,TS,15.0,82.4,,,5,250
2016295N13089,2016,KYANT,2016-10-28 06:00:00,TS,14.9,82.1,,,5,240
2016295N13089,2016,KYANT,2016-10-28 09:00:00,TS,14.8,81.9,,,5,230
2016295N13089,2016,KYANT,2016-10-28 12:00:00,TS,14.6,81.7,,,5,230
2016295N13089,2016,KYANT,2016-10-28 15:00:00,TS,14.4,81.5,,,5,230
2016295N13089,2016,KYANT,2016-10-28 18:00:00,DS,14.3,81.3,,,3,230
2016295N13089,2016,KYANT,2016-10-28 21:00:00,DS,14.2,81.2,,,1,225
2016295N13089,2016,KYANT,2016-10-29 00:00:00,DS,14.2,81.2,,,2,220
2016295N13089,2016,KYANT,2016-10-29 03:00:00,DS,14.1,81.1,,,3,225
2016295N13089,2016,KYANT,2016-10-29 06:00:00,DS,14.0,81.0,,,3,225
2016308N13088,2016,UNNAMED,2016-11-02 18:00:00,TS,12.7,88.0,25.0,1004.0,10,280
2016308N13088,2016,UNNAMED,2016-11-02 21:00:00,TS,12.8,87.5,25.0,1004.0,10,285
2016308N13088,2016,UNNAMED,2016-11-03 00:00:00,TS,13.0,87.0,25.0,1004.0,12,305
2016308N13088,2016,UNNAMED,2016-11-03 03:00:00,TS,13.4,86.5,25.0,1004.0,12,305
2016308N13088,2016,UNNAMED,2016-11-03 06:00:00,TS,13.7,86.0,25.0,1004.0,10,305
2016308N13088,2016,UNNAMED,2016-11-03 09:00:00,TS,14.0,85.7,25.0,1004.0,7,315
2016308N13088,2016,UNNAMED,2016-11-03 12:00:00,TS,14.2,85.5,25.0,1004.0,6,310
2016308N13088,2016,UNNAMED,2016-11-03 15:00:00,TS,14.4,85.2,25.0,1004.0,6,310
2016308N13088,2016,UNNAMED,2016-11-03 18:00:00,TS,14.6,85.0,25.0,1004.0,7,330
2016308N13088,2016,UNNAMED,2016-11-03 21:00:00,TS,15.0,84.9,25.0,1003.0,9,350
2016308N13088,2016,UNNAMED,2016-11-04 00:00:00,TS,15.5,84.8,25.0,1002.0,10,350
2016308N13088,2016,UNNAMED,2016-11-04 03:00:00,TS,16.0,84.7,25.0,1002.0,5,350
2016308N13088,2016,UNNAMED,2016-11-04 06:00:00,TS,16.0,84.7,25.0,1000.0,1,0
2016308N13088,2016,UNNAMED,2016-11-04 09:00:00,TS,16.1,84.7,25.0,1000.0,3,0
2016308N13088,2016,UNNAMED,2016-11-04 12:00:00,TS,16.3,84.7,25.0,1000.0,5,10
2016308N13088,2016,UNNAMED,2016-11-04 15:00:00,TS,16.6,84.8,25.0,1000.0,7,25
2016308N13088,2016,UNNAMED,2016-11-04 18:00:00,TS,16.9,85.0,25.0,1000.0,9,40
2016308N13088,2016,UNNAMED,2016-11-04 21:00:00,TS,17.2,85.4,25.0,1000.0,13,50
2016308N13088,2016,UNNAMED,2016-11-05 00:00:00,TS,17.7,86.0,25.0,1000.0,19,55
2016308N13088,2016,UNNAMED,2016-11-05 03:00:00,TS,18.3,87.0,25.0,1000.0,12,50
2016308N13088,2016,UNNAMED,2016-11-05 06:00:00,TS,18.5,87.0,25.0,1000.0,8,60
2016308N13088,2016,UNNAMED,2016-11-05 09:00:00,TS,18.7,87.7,25.0,1000.0,17,75
2016308N13088,2016,UNNAMED,2016-11-05 12:00:00,TS,19.0,88.7,25.0,1000.0,14,70
2016308N13088,2016,UNNAMED,2016-11-05 15:00:00,TS,19.2,89.1,25.0,1000.0,9,55
2016308N13088,2016,UNNAMED,2016-11-05 18:00:00,TS,19.5,89.5,25.0,1000.0,13,55
2016308N13088,2016,UNNAMED,2016-11-05 21:00:00,TS,20.0,90.3,25.0,1000.0,17,55
2016308N13088,2016,UNNAMED,2016-11-06 00:00:00,TS,20.5,91.0,25.0,1000.0,16,50
2016308N13088,2016,UNNAMED,2016-11-06 03:00:00,TS,21.0,91.5,25.0,1000.0,13,35
2016308N13088,2016,UNNAMED,2016-11-06 06:00:00,TS,21.5,91.8,25.0,1002.0,7,30
2016308N13088,2016,UNNAMED,2016-11-06 09:00:00,TS,21.6,91.9,25.0,1003.0,3,45
2016335N07088,2016,NADA,2016-11-29 12:00:00,TS,6.8,87.7,25.0,1004.0,11,305
2016335N07088,2016,NADA,2016-11-29 15:00:00,TS,7.2,87.3,25.0,1004.0,11,305
2016335N07088,2016,NADA,2016-11-29 18:00:00,TS,7.5,86.8,25.0,1003.0,11,305
2016335N07088,2016,NADA,2016-11-29 21:00:00,TS,7.8,86.3,28.0,1003.0,11,305
2016335N07088,2016,NADA,2016-11-30 00:00:00,TS,8.2,85.9,30.0,1002.0,13,310
2016335N07088,2016,NADA,2016-11-30 03:00:00,TS,8.6,85.3,35.0,1002.0,13,310
2016335N07088,2016,NADA,2016-11-30 06:00:00,TS,9.0,84.9,35.0,1002.0,14,315
2016335N07088,2016,NADA,2016-11-30 09:00:00,TS,9.6,84.3,35.0,1002.0,12,310
2016335N07088,2016,NADA,2016-11-30 12:00:00,TS,9.8,83.9,40.0,1000.0,9,300
2016335N07088,2016,NADA,2016-11-30 15:00:00,TS,10.0,83.4,40.0,1000.0,10,295
2016335N07088,2016,NADA,2016-11-30 18:00:00,TS,10.3,83.0,40.0,1000.0,12,285
2016335N07088,2016,NADA,2016-11-30 21:00:00,TS,10.3,82.2,40.0,1000.0,10,275
2016335N07088,2016,NADA,2016-12-01 00:00:00,TS,10.4,82.0,35.0,1000.0,5,275
2016335N07088,2016,NADA,2016-12-01 03:00:00,TS,10.4,81.7,30.0,1001.0,7,280
2016335N07088,2016,NADA,2016-12-01 06:00:00,TS,10.5,81.3,30.0,1003.0,9,290
2016335N07088,2016,NADA,2016-12-01 09:00:00,TS,10.6,80.9,30.0,1004.0,7,290
2016335N07088,2016,NADA,2016-12-01 12:00:00,TS,10.8,80.6,30.0,1004.0,5,285
2016335N07088,2016,NADA,2016-12-01 15:00:00,TS,10.8,80.4,28.0,1005.0,5,275
2016335N07088,2016,NADA,2016-12-01 18:00:00,TS,10.8,80.1,25.0,1006.0,5,275
2016335N07088,2016,NADA,2016-12-01 21:00:00,TS,10.8,79.9,25.0,1006.0,5,280
2016335N07088,2016,NADA,2016-12-02 00:00:00,MX,10.9,79.6,25.0,1006.0,6,280
2016335N07088,2016,NADA,2016-12-02 03:00:00,DS,11.0,79.3,,,7,280
2016335N07088,2016,NADA,2016-12-02 06:00:00,DS,11.0,78.9,,,7,280
2016341N08092,2016,VARDAH,2016-12-06 06:00:00,TS,7.8,91.7,,,11,320
2016341N08092,2016,VARDAH,2016-12-06 09:00:00,TS,8.2,91.3,25.0,1002.0,9,310
2016341N08092,2016,VARDAH,2016-12-06 12:00:00,TS,8.4,91.0,25.0,1002.0,6,325
2016341N08092,2016,VARDAH,2016-12-06 15:00:00,TS,8.7,91.0,25.0,1002.0,7,355
2016341N08092,2016,VARDAH,2016-12-06 18:00:00,MX,9.1,91.0,25.0,1002.0,7,0
2016341N08092,2016,VARDAH,2016-12-06 21:00:00,MX,9.4,91.0,25.0,1002.0,5,0
2016341N08092,2016,VARDAH,2016-12-07 00:00:00,MX,9.6,91.0,25.0,1002.0,4,10
2016341N08092,2016,VARDAH,2016-12-07 03:00:00,MX,9.8,91.1,25.0,1002.0,3,25
2016341N08092,2016,VARDAH,2016-12-07 06:00:00,MX,9.9,91.2,25.0,1002.0,3,25
2016341N08092,2016,VARDAH,2016-12-07 09:00:00,MX,10.1,91.2,25.0,1002.0,4,15
2016341N08092,2016,VARDAH,2016-12-07 12:00:00,TS,10.3,91.3,25.0,1002.0,5,5
2016341N08092,2016,VARDAH,2016-12-07 15:00:00,TS,10.5,91.3,28.0,1001.0,6,0
2016341N08092,2016,VARDAH,2016-12-07 18:00:00,TS,10.8,91.3,30.0,1000.0,4,0
2016341N08092,2016,VARDAH,2016-12-07 21:00:00,TS,11.0,91.3,33.0,999.0,3,0
2016341N08092,2016,VARDAH,2016-12-08 00:00:00,TS,11.1,91.3,35.0,998.0,4,0
2016341N08092,2016,VARDAH,2016-12-08 03:00:00,TS,11.3,91.3,35.0,998.0,3,0
2016341N08092,2016,VARDAH,2016-12-08 06:00:00,TS,11.4,91.3,35.0,998.0,1,325
2016341N08092,2016,VARDAH,2016-12-08 09:00:00,TS,11.4,91.2,35.0,998.0,1,315
2016341N08092,2016,VARDAH,2016-12-08 12:00:00,TS,11.4,91.2,40.0,997.0,2,315
2016341N08092,2016,VARDAH,2016-12-08 15:00:00,TS,11.5,91.1,40.0,997.0,2,305
2016341N08092,2016,VARDAH,2016-12-08 18:00:00,TS,11.6,91.0,40.0,997.0,3,320
2016341N08092,2016,VARDAH,2016-12-08 21:00:00,TS,11.7,90.9,40.0,997.0,4,305
2016341N08092,2016,VARDAH,2016-12-09 00:00:00,TS,11.8,90.7,45.0,996.0,3,305
2016341N08092,2016,VARDAH,2016-12-09 03:00:00,TS,11.9,90.6,45.0,996.0,3,310
2016341N08092,2016,VARDAH,2016-12-09 06:00:00,TS,12.0,90.5,45.0,996.0,3,305
2016341N08092,2016,VARDAH,2016-12-09 09:00:00,TS,12.1,90.3,45.0,996.0,5,295
2016341N08092,2016,VARDAH,2016-12-09 12:00:00,TS,12.2,90.0,45.0,996.0,6,285
2016341N08092,2016,VARDAH,2016-12-09 15:00:00,TS,12.2,89.7,45.0,994.0,7,285
2016341N08092,2016,VARDAH,2016-12-09 18:00:00,TS,12.3,89.4,50.0,992.0,10,285
2016341N08092,2016,VARDAH,2016-12-09 21:00:00,TS,12.5,88.8,55.0,990.0,11,285
2016341N08092,2016,VARDAH,2016-12-10 00:00:00,TS,12.6,88.3,55.0,990.0,10,280
2016341N08092,2016,VARDAH,2016-12-10 03:00:00,TS,12.7,87.8,55.0,990.0,10,285
2016341N08092,2016,VARDAH,2016-12-10 06:00:00,TS,12.9,87.3,55.0,990.0,11,285
2016341N08092,2016,VARDAH,2016-12-10 09:00:00,TS,13.0,86.7,60.0,988.0,9,275
2016341N08092,2016,VARDAH,2016-12-10 12:00:00,TS,13.0,86.4,65.0,984.0,9,275
2016341N08092,2016,VARDAH,2016-12-10 15:00:00,TS,13.1,85.9,65.0,984.0,10,275
2016341N08092,2016,VARDAH,2016-12-10 18:00:00,TS,13.1,85.4,65.0,984.0,8,270
2016341N08092,2016,VARDAH,2016-12-10 21:00:00,TS,13.0,85.1,65.0,982.0,5,270
2016341N08092,2016,VARDAH,2016-12-11 00:00:00,TS,13.1,84.8,70.0,980.0,7,265
2016341N08092,2016,VARDAH,2016-12-11 03:00:00,TS,13.0,84.4,70.0,980.0,10,270
2016341N08092,2016,VARDAH,2016-12-11 06:00:00,TS,13.1,83.8,70.0,980.0,9,275
2016341N08092,2016,VARDAH,2016-12-11 09:00:00,TS,13.1,83.4,70.0,980.0,7,285
2016341N08092,2016,VARDAH,2016-12-11 12:00:00,TS,13.2,83.2,70.0,980.0,8,280
2016341N08092,2016,VARDAH,2016-12-11 15:00:00,TS,13.2,82.7,70.0,980.0,8,265
2016341N08092,2016,VARDAH,2016-12-11 18:00:00,TS,13.1,82.4,70.0,980.0,7,265
2016341N08092,2016,VARDAH,2016-12-11 21:00:00,TS,13.2,82.0,70.0,978.0,6,280
2016341N08092,2016,VARDAH,2016-12-12 00:00:00,TS,13.2,81.7,70.0,975.0,7,275
2016341N08092,2016,VARDAH,2016-12-12 03:00:00,TS,13.2,81.3,70.0,975.0,9,270
2016341N08092,2016,VARDAH,2016-12-12 06:00:00,TS,13.2,80.8,70.0,975.0,9,265
2016341N08092,2016,VARDAH,2016-12-12 09:00:00,TS,13.2,80.3,60.0,975.0,9,265
2016341N08092,2016,VARDAH,2016-12-12 12:00:00,TS,13.1,79.9,50.0,984.0,9,265
2016341N08092,2016,VARDAH,2016-12-12 15:00:00,TS,13.1,79.4,40.0,994.0,9,265
2016341N08092,2016,VARDAH,2016-12-12 18:00:00,TS,13.0,78.9,30.0,1002.0,10,265
2016341N08092,2016,VARDAH,2016-12-12 21:00:00,TS,13.0,78.4,25.0,1003.0,11,270
2016341N08092,2016,VARDAH,2016-12-13 00:00:00,TS,13.0,77.8,20.0,1003.0,10,275
2016341N08092,2016,VARDAH,2016-12-13 03:00:00,TS,13.0,77.4,,,8,270
2016341N08092,2016,VARDAH,2016-12-13 06:00:00,TS,13.0,77.0,,,9,270
2016341N08092,2016,VARDAH,2016-12-13 09:00:00,TS,13.0,76.5,,,10,275
2016341N08092,2016,VARDAH,2016-12-13 12:00:00,TS,13.1,76.0,,,9,280
2016341N08092,2016,VARDAH,2016-12-13 15:00:00,TS,13.2,75.6,,,9,275
2016341N08092,2016,VARDAH,2016-12-13 18:00:00,DS,13.2,75.1,,,10,275
2016341N08092,2016,VARDAH,2016-12-13 21:00:00,DS,13.2,74.5,,,11,270
2016341N08092,2016,VARDAH,2016-12-14 00:00:00,DS,13.2,74.0,,,10,265
2016341N08092,2016,VARDAH,2016-12-14 03:00:00,DS,13.2,73.6,,,8,265
2016341N08092,2016,VARDAH,2016-12-14 06:00:00,DS,13.1,73.2,,,7,255
2016341N08092,2016,VARDAH,2016-12-14 09:00:00,DS,13.0,72.9,,,6,250
2016341N08092,2016,VARDAH,2016-12-14 12:00:00,TS,12.9,72.6,,,7,250
2016341N08092,2016,VARDAH,2016-12-14 15:00:00,TS,12.8,72.2,,,8,250
2016341N08092,2016,VARDAH,2016-12-14 18:00:00,TS,12.6,71.8,,,9,245
2016341N08092,2016,VARDAH,2016-12-14 21:00:00,TS,12.4,71.4,,,9,245
2016341N08092,2016,VARDAH,2016-12-15 00:00:00,TS,12.2,71.0,,,9,245
2016341N08092,2016,VARDAH,2016-12-15 03:00:00,TS,12.0,70.6,,,9,245
2016341N08092,2016,VARDAH,2016-12-15 06:00:00,TS,11.8,70.2,,,8,240
2016341N08092,2016,VARDAH,2016-12-15 09:00:00,TS,11.6,69.9,,,8,240
2016341N08092,2016,VARDAH,2016-12-15 12:00:00,TS,11.4,69.5,,,9,245
2016341N08092,2016,VARDAH,2016-12-15 15:00:00,TS,11.2,69.0,,,10,255
2016341N08092,2016,VARDAH,2016-12-15 18:00:00,TS,11.1,68.5,,,10,265
2016341N08092,2016,VARDAH,2016-12-15 21:00:00,TS,11.1,68.0,,,10,275
2016341N08092,2016,VARDAH,2016-12-16 00:00:00,TS,11.2,67.5,,,10,275
2016341N08092,2016,VARDAH,2016-12-16 03:00:00,TS,11.2,66.9,,,11,270
2016341N08092,2016,VARDAH,2016-12-16 06:00:00,TS,11.2,66.4,,,10,270
2016341N08092,2016,VARDAH,2016-12-16 09:00:00,TS,11.2,65.9,,,10,270
2016341N08092,2016,VARDAH,2016-12-16 12:00:00,TS,11.2,65.4,,,10,270
2016341N08092,2016,VARDAH,2016-12-16 15:00:00,TS,11.2,64.9,,,12,265
2016341N08092,2016,VARDAH,2016-12-16 18:00:00,TS,11.1,64.2,,,17,265
2016341N08092,2016,VARDAH,2016-12-16 21:00:00,TS,11.0,63.1,25.0,,21,270
2016341N08092,2016,VARDAH,2016-12-17 00:00:00,TS,11.1,62.1,25.0,,17,275
2016341N08092,2016,VARDAH,2016-12-17 03:00:00,TS,11.2,61.4,25.0,,13,260
2016341N08092,2016,VARDAH,2016-12-17 06:00:00,TS,11.0,60.8,25.0,,11,250
2016341N08092,2016,VARDAH,2016-12-17 09:00:00,TS,10.8,60.3,25.0,,10,250
2016341N08092,2016,VARDAH,2016-12-17 12:00:00,TS,10.6,59.8,25.0,,13,245
2016341N08092,2016,VARDAH,2016-12-17 15:00:00,TS,10.2,59.1,25.0,,17,240
2016341N08092,2016,VARDAH,2016-12-17 18:00:00,TS,9.8,58.3,25.0,,18,250
2016341N08092,2016,VARDAH,2016-12-17 21:00:00,TS,9.5,57.4,20.0,,15,255
2016341N08092,2016,VARDAH,2016-12-18 00:00:00,TS,9.4,56.8,,,13,260
2016341N08092,2016,VARDAH,2016-12-18 03:00:00,TS,9.3,56.1,,,14,265
2016341N08092,2016,VARDAH,2016-12-18 06:00:00,TS,9.3,55.4,,,15,270
2016341N08092,2016,VARDAH,2016-12-18 09:00:00,TS,9.3,54.6,,,17,270
2016341N08092,2016,VARDAH,2016-12-18 12:00:00,TS,9.3,53.7,,,17,270
2016341N08092,2016,VARDAH,2016-12-18 15:00:00,TS,9.3,52.9,,,16,265
2016341N08092,2016,VARDAH,2016-12-18 18:00:00,TS,9.2,52.1,,,14,260
2016341N08092,2016,VARDAH,2016-12-18 21:00:00,TS,9.1,51.5,,,11,255
2016341N08092,2016,VARDAH,2016-12-19 00:00:00,TS,8.9,51.0,,,10,250
2017104N08085,2017,MAARUTHA,2017-04-14 00:00:00,TS,8.2,85.3,,,14,35
2017104N08085,2017,MAARUTHA,2017-04-14 03:00:00,TS,8.8,85.7,,,14,35
2017104N08085,2017,MAARUTHA,2017-04-14 06:00:00,TS,9.4,86.1,,,14,35
2017104N08085,2017,MAARUTHA,2017-04-14 09:00:00,TS,10.0,86.5,,,14,35
2017104N08085,2017,MAARUTHA,2017-04-14 12:00:00,TS,10.5,86.9,,,12,40
2017104N08085,2017,MAARUTHA,2017-04-14 15:00:00,TS,10.9,87.3,,,11,40
2017104N08085,2017,MAARUTHA,2017-04-14 18:00:00,TS,11.3,87.6,,,11,40
2017104N08085,2017,MAARUTHA,2017-04-14 21:00:00,TS,11.8,88.0,,,12,35
2017104N08085,2017,MAARUTHA,2017-04-15 00:00:00,TS,12.2,88.3,25.0,1001.0,12,35
2017104N08085,2017,MAARUTHA,2017-04-15 03:00:00,TS,12.7,88.7,25.0,1001.0,14,40
2017104N08085,2017,MAARUTHA,2017-04-15 06:00:00,TS,13.3,89.2,25.0,1000.0,14,45
2017104N08085,2017,MAARUTHA,2017-04-15 09:00:00,TS,13.8,89.7,30.0,999.0,13,45
2017104N08085,2017,MAARUTHA,2017-04-15 12:00:00,TS,14.3,90.2,30.0,999.0,13,45
2017104N08085,2017,MAARUTHA,2017-04-15 15:00:00,TS,14.7,90.7,33.0,999.0,12,45
2017104N08085,2017,MAARUTHA,2017-04-15 18:00:00,TS,15.1,91.1,35.0,998.0,9,45
2017104N08085,2017,MAARUTHA,2017-04-15 21:00:00,TS,15.4,91.3,40.0,996.0,13,45
2017104N08085,2017,MAARUTHA,2017-04-16 00:00:00,TS,16.0,92.0,40.0,996.0,17,40
2017104N08085,2017,MAARUTHA,2017-04-16 03:00:00,TS,16.6,92.5,40.0,996.0,15,35
2017104N08085,2017,MAARUTHA,2017-04-16 06:00:00,TS,17.2,92.9,40.0,996.0,13,35
2017104N08085,2017,MAARUTHA,2017-04-16 09:00:00,TS,17.7,93.2,40.0,996.0,11,35
2017104N08085,2017,MAARUTHA,2017-04-16 12:00:00,TS,18.1,93.6,40.0,996.0,10,40
2017104N08085,2017,MAARUTHA,2017-04-16 15:00:00,TS,18.5,93.9,40.0,996.0,9,40
2017104N08085,2017,MAARUTHA,2017-04-16 18:00:00,TS,18.8,94.3,40.0,996.0,13,45
2017104N08085,2017,MAARUTHA,2017-04-16 21:00:00,TS,19.3,94.8,30.0,1000.0,15,45
2017104N08085,2017,MAARUTHA,2017-04-17 00:00:00,TS,19.8,95.4,20.0,1002.0,14,45
2017147N14087,2017,MORA,2017-05-27 06:00:00,TS,13.9,87.4,,,10,95
2017147N14087,2017,MORA,2017-05-27 09:00:00,TS,13.8,87.9,,,10,95
2017147N14087,2017,MORA,2017-05-27 12:00:00,TS,13.8,88.4,,,9,90
2017147N14087,2017,MORA,2017-05-27 15:00:00,TS,13.8,88.8,,,8,85
2017147N14087,2017,MORA,2017-05-27 18:00:00,TS,13.9,89.2,,,8,75
2017147N14087,2017,MORA,2017-05-27 21:00:00,TS,14.0,89.6,,,6,55
2017147N14087,2017,MORA,2017-05-28 00:00:00,TS,14.2,89.7,25.0,998.0,8,40
2017147N14087,2017,MORA,2017-05-28 03:00:00,TS,14.7,90.1,25.0,998.0,11,40
2017147N14087,2017,MORA,2017-05-28 06:00:00,TS,15.1,90.5,25.0,997.0,10,35
2017147N14087,2017,MORA,2017-05-28 09:00:00,TS,15.5,90.7,30.0,996.0,7,30
2017147N14087,2017,MORA,2017-05-28 12:00:00,TS,15.8,90.9,30.0,995.0,6,25
2017147N14087,2017,MORA,2017-05-28 15:00:00,TS,16.0,91.0,35.0,994.0,6,25
2017147N14087,2017,MORA,2017-05-28 18:00:00,TS,16.3,91.1,35.0,994.0,6,15
2017147N14087,2017,MORA,2017-05-28 21:00:00,TS,16.6,91.2,40.0,992.0,7,10
2017147N14087,2017,MORA,2017-05-29 00:00:00,TS,17.0,91.3,45.0,990.0,7,10
2017147N14087,2017,MORA,2017-05-29 03:00:00,TS,17.3,91.3,45.0,990.0,8,15
2017147N14087,2017,MORA,2017-05-29 06:00:00,TS,17.8,91.5,45.0,988.0,10,15
2017147N14087,2017,MORA,2017-05-29 09:00:00,TS,18.2,91.6,45.0,986.0,9,10
2017147N14087,2017,MORA,2017-05-29 12:00:00,TS,18.7,91.6,50.0,984.0,8,5
2017147N14087,2017,MORA,2017-05-29 15:00:00,TS,19.0,91.6,55.0,980.0,12,0
2017147N14087,2017,MORA,2017-05-29 18:00:00,TS,19.8,91.7,55.0,980.0,13,5
2017147N14087,2017,MORA,2017-05-29 21:00:00,TS,20.3,91.7,60.0,978.0,12,10
2017147N14087,2017,MORA,2017-05-30 00:00:00,TS,21.0,91.9,60.0,978.0,17,10
2017147N14087,2017,MORA,2017-05-30 03:00:00,TS,21.9,92.0,60.0,978.0,20,0
2017147N14087,2017,MORA,2017-05-30 06:00:00,TS,23.0,92.0,55.0,982.0,20,5
2017147N14087,2017,MORA,2017-05-30 09:00:00,TS,23.9,92.2,40.0,988.0,17,10
2017147N14087,2017,MORA,2017-05-30 12:00:00,TS,24.7,92.4,30.0,990.0,13,15
2017147N14087,2017,MORA,2017-05-30 15:00:00,TS,25.2,92.6,25.0,992.0,11,25
2017147N14087,2017,MORA,2017-05-30 18:00:00,TS,25.7,92.9,20.0,994.0,10,30
2017163N20090,2017,UNNAMED,2017-06-11 12:00:00,TS,20.5,89.5,25.0,990.0,11,25
2017163N20090,2017,UNNAMED,2017-06-11 15:00:00,TS,21.0,89.7,25.0,989.0,11,25
2017163N20090,2017,UNNAMED,2017-06-11 18:00:00,TS,21.5,90.0,25.0,988.0,11,30
2017163N20090,2017,UNNAMED,2017-06-11 21:00:00,TS,22.0,90.3,28.0,988.0,11,25
2017163N20090,2017,UNNAMED,2017-06-12 00:00:00,TS,22.5,90.5,30.0,988.0,10,10
2017163N20090,2017,UNNAMED,2017-06-12 03:00:00,TS,23.0,90.5,30.0,990.0,10,10
2017163N20090,2017,UNNAMED,2017-06-12 06:00:00,TS,23.5,90.7,30.0,990.0,9,20
2017163N20090,2017,UNNAMED,2017-06-12 09:00:00,TS,23.8,90.8,30.0,990.0,6,30
2017163N20090,2017,UNNAMED,2017-06-12 12:00:00,TS,24.0,91.0,30.0,990.0,6,40
2017163N20090,2017,UNNAMED,2017-06-12 15:00:00,TS,24.2,91.2,28.0,993.0,7,40
2017163N20090,2017,UNNAMED,2017-06-12 18:00:00,TS,24.5,91.5,25.0,995.0,7,45
2017199N19086,2017,UNNAMED,2017-07-18 00:00:00,TS,19.0,86.0,25.0,992.0,0,0
2017199N19086,2017,UNNAMED,2017-07-18 03:00:00,TS,19.0,86.0,25.0,992.0,7,315
2017199N19086,2017,UNNAMED,2017-07-18 06:00:00,TS,19.5,85.5,25.0,992.0,10,320
2017199N19086,2017,UNNAMED,2017-07-18 09:00:00,TS,19.8,85.3,25.0,992.0,4,335
2017199N19086,2017,UNNAMED,2017-07-18 12:00:00,TS,19.9,85.3,25.0,992.0,1,0
2017199N19086,2017,UNNAMED,2017-07-18 15:00:00,TS,19.9,85.3,25.0,993.0,0,0
2017199N19086,2017,UNNAMED,2017-07-18 18:00:00,TS,19.9,85.3,25.0,994.0,1,350
2017199N19086,2017,UNNAMED,2017-07-18 21:00:00,TS,20.0,85.3,25.0,994.0,2,335
2017199N19086,2017,UNNAMED,2017-07-19 00:00:00,TS,20.1,85.2,25.0,994.0,3,335
2017207N24085,2017,UNNAMED,2017-07-26 00:00:00,TS,24.0,85.0,25.0,993.0,0,0
2017207N24085,2017,UNNAMED,2017-07-26 03:00:00,TS,24.0,85.0,25.0,994.0,0,0
2017207N24085,2017,UNNAMED,2017-07-26 06:00:00,TS,24.0,85.0,25.0,994.0,0,0
2017207N24085,2017,UNNAMED,2017-07-26 09:00:00,TS,24.0,85.0,23.0,994.0,0,0
2017207N24085,2017,UNNAMED,2017-07-26 12:00:00,TS,24.0,85.0,20.0,994.0,0,0
2017207N24085,2017,UNNAMED,2017-07-26 15:00:00,TS,24.0,85.0,20.0,995.0,0,0
2017207N24085,2017,UNNAMED,2017-07-26 18:00:00,TS,24.0,85.0,20.0,995.0,0,0
2017207N24085,2017,UNNAMED,2017-07-26 21:00:00,TS,24.0,85.0,20.0,995.0,0,0
2017207N24085,2017,UNNAMED,2017-07-27 00:00:00,TS,24.0,85.0,20.0,995.0,0,0
2017232N19130,2017,HATO,2017-08-19 12:00:00,TS,19.1,130.1,,,10,290
2017232N19130,2017,HATO,2017-08-19 15:00:00,TS,19.3,129.6,,,5,260
2017232N19130,2017,HATO,2017-08-19 18:00:00,TS,19.0,129.6,,,4,250
2017232N19130,2017,HATO,2017-08-19 21:00:00,TS,19.1,129.2,,,8,285
2017232N19130,2017,HATO,2017-08-20 00:00:00,TS,19.3,128.8,,,9,285
2017232N19130,2017,HATO,2017-08-20 03:00:00,TS,19.4,128.3,,,11,285
2017232N19130,2017,HATO,2017-08-20 06:00:00,MX,19.5,127.7,,,11,280
2017232N19130,2017,HATO,2017-08-20 09:00:00,MX,19.6,127.2,,,10,275
2017232N19130,2017,HATO,2017-08-20 12:00:00,MX,19.6,126.7,,,8,275
2017232N19130,2017,HATO,2017-08-20 15:00:00,MX,19.7,126.3,,,7,280
2017232N19130,2017,HATO,2017-08-20 18:00:00,MX,19.8,125.9,,,7,290
2017232N19130,2017,HATO,2017-08-20 21:00:00,MX,19.9,125.6,,,8,290
2017232N19130,2017,HATO,2017-08-21 00:00:00,TS,20.1,125.1,,,9,290
2017232N19130,2017,HATO,2017-08-21 03:00:00,TS,20.2,124.6,,,10,285
2017232N19130,2017,HATO,2017-08-21 06:00:00,TS,20.3,124.1,,,10,275
2017232N19130,2017,HATO,2017-08-21 09:00:00,TS,20.4,123.6,,,11,270
2017232N19130,2017,HATO,2017-08-21 12:00:00,TS,20.3,122.9,,,14,265
2017232N19130,2017,HATO,2017-08-21 15:00:00,TS,20.2,122.1,,,15,260
2017232N19130,2017,HATO,2017-08-21 18:00:00,TS,20.1,121.3,,,14,270
2017232N19130,2017,HATO,2017-08-21 21:00:00,TS,20.2,120.6,,,13,275
2017232N19130,2017,HATO,2017-08-22 00:00:00,TS,20.3,120.0,,,12,280
2017232N19130,2017,HATO,2017-08-22 03:00:00,TS,20.4,119.4,,,12,280
2017232N19130,2017,HATO,2017-08-22 06:00:00,TS,20.4,118.7,,,13,275
2017232N19130,2017,HATO,2017-08-22 09:00:00,TS,20.5,118.0,,,13,275
2017232N19130,2017,HATO,2017-08-22 12:00:00,TS,20.6,117.3,,,13,285
2017232N19130,2017,HATO,2017-08-22 15:00:00,TS,20.8,116.7,,,14,290
2017232N19130,2017,HATO,2017-08-22 18:00:00,TS,21.0,116.0,,,14,290
2017232N19130,2017,HATO,2017-08-22 21:00:00,TS,21.2,115.2,,,15,290
2017232N19130,2017,HATO,2017-08-23 00:00:00,TS,21.5,114.5,,,16,295
2017232N19130,2017,HATO,2017-08-23 03:00:00,TS,21.9,113.7,,,16,295
2017232N19130,2017,HATO,2017-08-23 06:00:00,TS,22.2,112.9,,,17,290
2017232N19130,2017,HATO,2017-08-23 09:00:00,TS,22.5,111.9,,,19,285
2017232N19130,2017,HATO,2017-08-23 12:00:00,TS,22.7,110.9,,,18,285
2017232N19130,2017,HATO,2017-08-23 15:00:00,TS,22.9,110.0,,,17,285
2017232N19130,2017,HATO,2017-08-23 18:00:00,TS,23.1,109.1,,,16,285
2017232N19130,2017,HATO,2017-08-23 21:00:00,TS,23.3,108.3,,,15,280
2017232N19130,2017,HATO,2017-08-24 00:00:00,TS,23.4,107.6,,,14,280
2017232N19130,2017,HATO,2017-08-24 03:00:00,TS,23.6,106.9,,,13,280
2017232N19130,2017,HATO,2017-08-24 06:00:00,TS,23.7,106.2,,,13,275
2017232N19130,2017,HATO,2017-08-24 09:00:00,TS,23.7,105.5,,,13,275
2017232N19130,2017,HATO,2017-08-24 12:00:00,MX,23.8,104.7,,,17,270
2017232N19130,2017,HATO,2017-08-24 15:00:00,TS,23.7,103.6,,,22,270
2017232N19130,2017,HATO,2017-08-24 18:00:00,TS,23.7,102.4,,,24,270
2017232N19130,2017,HATO,2017-08-24 21:00:00,TS,23.7,101.0,,,25,270
2017232N19130,2017,HATO,2017-08-25 00:00:00,MX,23.7,99.7,,,25,270
2017282N22088,2017,UNNAMED,2017-10-09 00:00:00,TS,22.4,88.4,25.0,996.0,2,0
2017282N22088,2017,UNNAMED,2017-10-09 03:00:00,TS,22.5,88.4,30.0,996.0,2,335
2017282N22088,2017,UNNAMED,2017-10-09 06:00:00,TS,22.6,88.3,30.0,996.0,3,325
2017282N22088,2017,UNNAMED,2017-10-09 09:00:00,TS,22.7,88.2,30.0,997.0,4,330
2017282N22088,2017,UNNAMED,2017-10-09 12:00:00,TS,22.9,88.1,30.0,997.0,3,325
2017282N22088,2017,UNNAMED,2017-10-09 15:00:00,TS,23.0,88.0,30.0,997.0,3,305
2017282N22088,2017,UNNAMED,2017-10-09 18:00:00,TS,23.1,87.8,30.0,997.0,5,280
2017282N22088,2017,UNNAMED,2017-10-09 21:00:00,TS,23.1,87.5,30.0,998.0,7,280
2017282N22088,2017,UNNAMED,2017-10-10 00:00:00,TS,23.2,87.1,30.0,998.0,8,300
2017282N22088,2017,UNNAMED,2017-10-10 03:00:00,TS,23.5,86.7,30.0,1000.0,8,325
2017282N22088,2017,UNNAMED,2017-10-10 06:00:00,TS,23.8,86.6,25.0,1000.0,6,345
2017292N17087,2017,UNNAMED,2017-10-19 00:00:00,TS,16.5,86.5,25.0,999.0,6,0
2017292N17087,2017,UNNAMED,2017-10-19 03:00:00,TS,16.8,86.5,25.0,998.0,8,345
2017292N17087,2017,UNNAMED,2017-10-19 06:00:00,TS,17.3,86.3,25.0,998.0,17,355
2017292N17087,2017,UNNAMED,2017-10-19 09:00:00,TS,18.4,86.3,25.0,998.0,27,5
2017292N17087,2017,UNNAMED,2017-10-19 12:00:00,TS,20.0,86.5,25.0,998.0,32,5
2017307N07102,2017,UNNAMED,2017-11-03 00:00:00,DS,7.2,102.4,,,7,285
2017307N07102,2017,UNNAMED,2017-11-03 03:00:00,DS,7.3,102.0,,,6,280
2017307N07102,2017,UNNAMED,2017-11-03 06:00:00,DS,7.3,101.8,,,3,250
2017307N07102,2017,UNNAMED,2017-11-03 09:00:00,DS,7.2,101.7,,,3,195
2017307N07102,2017,UNNAMED,2017-11-03 12:00:00,DS,7.0,101.7,,,4,205
2017307N07102,2017,UNNAMED,2017-11-03 15:00:00,DS,6.8,101.5,,,6,225
2017307N07102,2017,UNNAMED,2017-11-03 18:00:00,DS,6.6,101.3,,,6,240
2017307N07102,2017,UNNAMED,2017-11-03 21:00:00,DS,6.5,101.0,,,6,250
2017307N07102,2017,UNNAMED,2017-11-04 00:00:00,DS,6.4,100.7,,,6,240
2017307N07102,2017,UNNAMED,2017-11-04 03:00:00,DS,6.2,100.5,,,5,215
2017307N07102,2017,UNNAMED,2017-11-04 06:00:00,DS,6.0,100.4,,,5,205
2017307N07102,2017,UNNAMED,2017-11-04 09:00:00,DS,5.8,100.3,,,4,195
2017307N07102,2017,UNNAMED,2017-11-04 12:00:00,TS,5.6,100.3,,,4,0
2017307N07102,2017,UNNAMED,2017-11-04 15:00:00,TS,5.4,100.3,,,4,165
2017307N07102,2017,UNNAMED,2017-11-04 18:00:00,TS,5.2,100.4,,,4,130
2017307N07102,2017,UNNAMED,2017-11-04 21:00:00,TS,5.1,100.6,,,5,100
2017307N07102,2017,UNNAMED,2017-11-05 00:00:00,DS,5.1,100.9,,,7,90
2017307N07102,2017,UNNAMED,2017-11-05 03:00:00,DS,5.1,101.3,,,7,80
2017307N07102,2017,UNNAMED,2017-11-05 06:00:00,DS,5.2,101.6,,,7,55
2017307N07102,2017,UNNAMED,2017-11-05 09:00:00,DS,5.5,101.8,,,7,35
2017307N07102,2017,UNNAMED,2017-11-05 12:00:00,DS,5.8,102.0,,,8,40
2017307N07102,2017,UNNAMED,2017-11-05 15:00:00,DS,6.1,102.3,,,9,40
2017307N07102,2017,UNNAMED,2017-11-05 18:00:00,DS,6.5,102.6,,,9,20
2017307N07102,2017,UNNAMED,2017-11-05 21:00:00,DS,7.0,102.6,,,10,0
2017307N07102,2017,UNNAMED,2017-11-06 00:00:00,DS,7.5,102.6,,,10,355
2017307N07102,2017,UNNAMED,2017-11-06 03:00:00,DS,7.9,102.6,,,8,0
2017307N07102,2017,UNNAMED,2017-11-06 06:00:00,TS,8.3,102.6,,,6,360
2017307N07102,2017,UNNAMED,2017-11-06 09:00:00,TS,8.6,102.6,,,5,350
2017307N07102,2017,UNNAMED,2017-11-06 12:00:00,TS,8.8,102.5,,,6,330
2017307N07102,2017,UNNAMED,2017-11-06 15:00:00,TS,9.0,102.3,,,7,315
2017307N07102,2017,UNNAMED,2017-11-06 18:00:00,TS,9.3,102.0,,,8,315
2017307N07102,2017,UNNAMED,2017-11-06 21:00:00,TS,9.6,101.7,,,8,315
2017307N07102,2017,UNNAMED,2017-11-07 00:00:00,TS,9.9,101.4,,,9,310
2017307N07102,2017,UNNAMED,2017-11-07 03:00:00,TS,10.2,101.0,,,9,310
2017307N07102,2017,UNNAMED,2017-11-07 06:00:00,TS,10.5,100.7,,,7,320
2017307N07102,2017,UNNAMED,2017-11-07 09:00:00,TS,10.7,100.6,,,4,335
2017307N07102,2017,UNNAMED,2017-11-07 12:00:00,TS,10.9,100.5,,,4,310
2017307N07102,2017,UNNAMED,2017-11-07 15:00:00,TS,11.0,100.3,,,5,290
2017307N07102,2017,UNNAMED,2017-11-07 18:00:00,TS,11.1,100.0,,,5,290
2017307N07102,2017,UNNAMED,2017-11-07 21:00:00,TS,11.2,99.8,,,4,295
2017307N07102,2017,UNNAMED,2017-11-08 00:00:00,DS,11.3,99.6,,,4,300
2017319N15083,2017,UNNAMED,2017-11-15 03:00:00,TS,15.0,83.0,25.0,1004.0,10,0
2017319N15083,2017,UNNAMED,2017-11-15 06:00:00,TS,15.5,83.0,25.0,1004.0,9,5
2017319N15083,2017,UNNAMED,2017-11-15 09:00:00,TS,15.9,83.1,25.0,1003.0,8,20
2017319N15083,2017,UNNAMED,2017-11-15 12:00:00,TS,16.2,83.3,25.0,1001.0,9,30
2017319N15083,2017,UNNAMED,2017-11-15 15:00:00,TS,16.6,83.5,25.0,1002.0,9,30
2017319N15083,2017,UNNAMED,2017-11-15 18:00:00,TS,17.0,83.8,25.0,1002.0,8,30
2017319N15083,2017,UNNAMED,2017-11-15 21:00:00,TS,17.3,84.0,25.0,1003.0,6,30
2017319N15083,2017,UNNAMED,2017-11-16 00:00:00,TS,17.5,84.1,25.0,1004.0,5,40
2017319N15083,2017,UNNAMED,2017-11-16 03:00:00,TS,17.7,84.3,25.0,1004.0,3,45
2017319N15083,2017,UNNAMED,2017-11-16 06:00:00,TS,17.7,84.3,25.0,1004.0,3,60
2017319N15083,2017,UNNAMED,2017-11-16 09:00:00,TS,17.9,84.6,25.0,1004.0,8,60
2017319N15083,2017,UNNAMED,2017-11-16 12:00:00,TS,18.1,85.0,25.0,1004.0,8,55
2017319N15083,2017,UNNAMED,2017-11-16 15:00:00,TS,18.3,85.3,25.0,1004.0,6,50
2017319N15083,2017,UNNAMED,2017-11-16 18:00:00,TS,18.5,85.5,25.0,1004.0,4,50
2017319N15083,2017,UNNAMED,2017-11-16 21:00:00,TS,18.5,85.6,25.0,1004.0,4,45
2017319N15083,2017,UNNAMED,2017-11-17 00:00:00,TS,18.8,85.8,25.0,1004.0,12,35
2017319N15083,2017,UNNAMED,2017-11-17 03:00:00,TS,19.5,86.3,25.0,1006.0,17,35
2017333N06082,2017,OCKHI,2017-11-28 18:00:00,TS,6.0,82.2,,,4,255
2017333N06082,2017,OCKHI,2017-11-28 21:00:00,TS,5.9,82.0,,,5,260
2017333N06082,2017,OCKHI,2017-11-29 00:00:00,TS,5.9,81.7,,,6,275
2017333N06082,2017,OCKHI,2017-11-29 03:00:00,TS,6.0,81.4,25.0,1004.0,10,280
2017333N06082,2017,OCKHI,2017-11-29 06:00:00,TS,6.1,80.7,25.0,1004.0,13,275
2017333N06082,2017,OCKHI,2017-11-29 09:00:00,TS,6.2,80.1,25.0,1003.0,8,275
2017333N06082,2017,OCKHI,2017-11-29 12:00:00,TS,6.2,79.9,25.0,1002.0,7,285
2017333N06082,2017,OCKHI,2017-11-29 15:00:00,TS,6.3,79.5,25.0,1002.0,9,290
2017333N06082,2017,OCKHI,2017-11-29 18:00:00,TS,6.5,79.0,25.0,1002.0,10,295
2017333N06082,2017,OCKHI,2017-11-29 21:00:00,TS,6.7,78.5,30.0,1001.0,10,295
2017333N06082,2017,OCKHI,2017-11-30 00:00:00,TS,7.0,78.1,30.0,1000.0,14,305
2017333N06082,2017,OCKHI,2017-11-30 03:00:00,TS,7.5,77.4,35.0,999.0,16,300
2017333N06082,2017,OCKHI,2017-11-30 06:00:00,TS,7.8,76.8,40.0,998.0,12,290
2017333N06082,2017,OCKHI,2017-11-30 09:00:00,TS,7.9,76.3,45.0,996.0,10,290
2017333N06082,2017,OCKHI,2017-11-30 12:00:00,TS,8.2,75.8,45.0,996.0,10,290
2017333N06082,2017,OCKHI,2017-11-30 15:00:00,TS,8.3,75.4,45.0,996.0,10,290
2017333N06082,2017,OCKHI,2017-11-30 18:00:00,TS,8.5,74.9,45.0,994.0,9,290
2017333N06082,2017,OCKHI,2017-11-30 21:00:00,TS,8.6,74.5,45.0,994.0,8,290
2017333N06082,2017,OCKHI,2017-12-01 00:00:00,TS,8.8,74.1,50.0,992.0,8,285
2017333N06082,2017,OCKHI,2017-12-01 03:00:00,TS,8.8,73.8,55.0,990.0,8,280
2017333N06082,2017,OCKHI,2017-12-01 06:00:00,TS,8.9,73.4,60.0,989.0,8,280
2017333N06082,2017,OCKHI,2017-12-01 09:00:00,TS,8.9,73.0,65.0,988.0,6,280
2017333N06082,2017,OCKHI,2017-12-01 12:00:00,TS,9.0,72.8,65.0,986.0,5,280
2017333N06082,2017,OCKHI,2017-12-01 15:00:00,TS,9.1,72.5,65.0,984.0,7,280
2017333N06082,2017,OCKHI,2017-12-01 18:00:00,TS,9.2,72.1,70.0,982.0,7,290
2017333N06082,2017,OCKHI,2017-12-01 21:00:00,TS,9.3,71.8,75.0,980.0,7,295
2017333N06082,2017,OCKHI,2017-12-02 00:00:00,TS,9.5,71.5,80.0,978.0,7,300
2017333N06082,2017,OCKHI,2017-12-02 03:00:00,TS,9.6,71.2,80.0,978.0,6,305
2017333N06082,2017,OCKHI,2017-12-02 06:00:00,TS,9.8,71.0,85.0,976.0,8,310
2017333N06082,2017,OCKHI,2017-12-02 09:00:00,TS,10.2,70.6,85.0,976.0,10,315
2017333N06082,2017,OCKHI,2017-12-02 12:00:00,TS,10.5,70.3,85.0,976.0,9,315
2017333N06082,2017,OCKHI,2017-12-02 15:00:00,TS,10.7,70.0,85.0,976.0,8,315
2017333N06082,2017,OCKHI,2017-12-02 18:00:00,TS,11.0,69.7,85.0,976.0,7,315
2017333N06082,2017,OCKHI,2017-12-02 21:00:00,TS,11.2,69.5,85.0,976.0,7,320
2017333N06082,2017,OCKHI,2017-12-03 00:00:00,TS,11.5,69.3,85.0,976.0,8,330
2017333N06082,2017,OCKHI,2017-12-03 03:00:00,TS,11.9,69.0,80.0,977.0,8,335
2017333N06082,2017,OCKHI,2017-12-03 06:00:00,TS,12.2,68.9,75.0,978.0,6,335
2017333N06082,2017,OCKHI,2017-12-03 09:00:00,TS,12.4,68.8,75.0,980.0,7,345
2017333N06082,2017,OCKHI,2017-12-03 12:00:00,TS,12.9,68.7,75.0,982.0,7,345
2017333N06082,2017,OCKHI,2017-12-03 15:00:00,TS,13.1,68.6,75.0,982.0,7,345
2017333N06082,2017,OCKHI,2017-12-03 18:00:00,TS,13.5,68.5,75.0,982.0,8,350
2017333N06082,2017,OCKHI,2017-12-03 21:00:00,TS,13.9,68.5,75.0,982.0,8,0
2017333N06082,2017,OCKHI,2017-12-04 00:00:00,TS,14.3,68.5,70.0,984.0,6,5
2017333N06082,2017,OCKHI,2017-12-04 03:00:00,TS,14.5,68.5,65.0,986.0,5,20
2017333N06082,2017,OCKHI,2017-12-04 06:00:00,TS,14.8,68.7,65.0,986.0,7,35
2017333N06082,2017,OCKHI,2017-12-04 09:00:00,TS,15.1,69.0,65.0,986.0,9,30
2017333N06082,2017,OCKHI,2017-12-04 12:00:00,TS,15.6,69.2,60.0,988.0,11,30
2017333N06082,2017,OCKHI,2017-12-04 15:00:00,TS,16.1,69.5,60.0,988.0,12,35
2017333N06082,2017,OCKHI,2017-12-04 18:00:00,TS,16.6,69.9,55.0,990.0,12,35
2017333N06082,2017,OCKHI,2017-12-04 21:00:00,TS,17.0,70.3,55.0,992.0,12,35
2017333N06082,2017,OCKHI,2017-12-05 00:00:00,TS,17.5,70.7,50.0,994.0,11,40
2017333N06082,2017,OCKHI,2017-12-05 03:00:00,TS,17.9,71.0,45.0,996.0,9,40
2017333N06082,2017,OCKHI,2017-12-05 06:00:00,TS,18.2,71.2,40.0,998.0,6,40
2017333N06082,2017,OCKHI,2017-12-05 09:00:00,TS,18.3,71.4,30.0,1000.0,4,40
2017333N06082,2017,OCKHI,2017-12-05 12:00:00,MX,18.5,71.5,30.0,1002.0,5,25
2017333N06082,2017,OCKHI,2017-12-05 15:00:00,TS,18.8,71.6,25.0,1003.0,8,30
2017333N06082,2017,OCKHI,2017-12-05 18:00:00,TS,19.2,71.9,20.0,1004.0,10,35
2017340N09089,2017,UNNAMED,2017-12-06 03:00:00,TS,8.5,88.5,25.0,1004.0,7,325
2017340N09089,2017,UNNAMED,2017-12-06 06:00:00,TS,8.8,88.3,25.0,1004.0,9,335
2017340N09089,2017,UNNAMED,2017-12-06 09:00:00,TS,9.3,88.1,25.0,1004.0,11,345
2017340N09089,2017,UNNAMED,2017-12-06 12:00:00,TS,9.8,88.0,25.0,1004.0,6,345
2017340N09089,2017,UNNAMED,2017-12-06 15:00:00,TS,9.9,88.0,25.0,1004.0,2,10
2017340N09089,2017,UNNAMED,2017-12-06 18:00:00,TS,10.0,88.0,25.0,1004.0,5,0
2017340N09089,2017,UNNAMED,2017-12-06 21:00:00,TS,10.4,88.0,25.0,1004.0,11,0
2017340N09089,2017,UNNAMED,2017-12-07 00:00:00,TS,11.1,88.0,25.0,1004.0,16,0
2017340N09089,2017,UNNAMED,2017-12-07 03:00:00,TS,12.0,88.0,25.0,1004.0,11,355
2017340N09089,2017,UNNAMED,2017-12-07 06:00:00,TS,12.2,87.9,25.0,1004.0,5,335
2017340N09089,2017,UNNAMED,2017-12-07 09:00:00,TS,12.5,87.8,25.0,1004.0,6,340
2017340N09089,2017,UNNAMED,2017-12-07 12:00:00,TS,12.8,87.7,25.0,1004.0,6,350
2017340N09089,2017,UNNAMED,2017-12-07 15:00:00,TS,13.1,87.7,25.0,1004.0,6,350
2017340N09089,2017,UNNAMED,2017-12-07 18:00:00,TS,13.4,87.6,25.0,1004.0,8,335
2017340N09089,2017,UNNAMED,2017-12-07 21:00:00,TS,13.8,87.3,28.0,1003.0,11,325
2017340N09089,2017,UNNAMED,2017-12-08 00:00:00,TS,14.3,87.0,30.0,1002.0,13,340
2017340N09089,2017,UNNAMED,2017-12-08 03:00:00,TS,15.0,86.8,30.0,1002.0,16,345
2017340N09089,2017,UNNAMED,2017-12-08 06:00:00,TS,15.8,86.6,30.0,1002.0,15,345
2017340N09089,2017,UNNAMED,2017-12-08 09:00:00,TS,16.5,86.5,30.0,1002.0,12,345
2017340N09089,2017,UNNAMED,2017-12-08 12:00:00,TS,17.0,86.3,30.0,1002.0,11,355
2017340N09089,2017,UNNAMED,2017-12-08 15:00:00,TS,17.6,86.3,28.0,1003.0,10,0
2017340N09089,2017,UNNAMED,2017-12-08 18:00:00,TS,18.1,86.4,25.0,1004.0,8,5
2017340N09089,2017,UNNAMED,2017-12-08 21:00:00,TS,18.4,86.4,25.0,1004.0,6,10
2017340N09089,2017,UNNAMED,2017-12-09 00:00:00,TS,18.7,86.5,25.0,1004.0,5,35
2017340N09089,2017,UNNAMED,2017-12-09 03:00:00,TS,18.8,86.7,25.0,1004.0,5,45
2017340N09089,2017,UNNAMED,2017-12-09 06:00:00,TS,19.0,86.9,25.0,1004.0,5,55
2017340N09089,2017,UNNAMED,2017-12-09 09:00:00,TS,19.1,87.1,,,5,55
2017340N09089,2017,UNNAMED,2017-12-09 12:00:00,TS,19.3,87.3,,,5,35
2017340N09089,2017,UNNAMED,2017-12-09 15:00:00,TS,19.5,87.4,,,6,30
2017340N09089,2017,UNNAMED,2017-12-09 18:00:00,TS,19.8,87.6,,,7,35
2017340N09089,2017,UNNAMED,2017-12-09 21:00:00,TS,20.1,87.8,,,8,40
2017340N09089,2017,UNNAMED,2017-12-10 00:00:00,TS,20.4,88.1,,,8,40
2017340N09089,2017,UNNAMED,2017-12-10 03:00:00,TS,20.7,88.4,,,9,40
2017340N09089,2017,UNNAMED,2017-12-10 06:00:00,TS,21.1,88.7,,,9,40
2018072N05076,2018,UNNAMED,2018-03-13 03:00:00,TS,5.0,76.0,25.0,1006.0,11,340
2018072N05076,2018,UNNAMED,2018-03-13 06:00:00,TS,5.5,75.8,25.0,1006.0,12,330
2018072N05076,2018,UNNAMED,2018-03-13 09:00:00,TS,6.1,75.4,25.0,1006.0,13,320
2018072N05076,2018,UNNAMED,2018-03-13 12:00:00,TS,6.5,75.0,25.0,1006.0,8,320
2018072N05076,2018,UNNAMED,2018-03-13 15:00:00,TS,6.7,74.9,25.0,1006.0,3,315
2018072N05076,2018,UNNAMED,2018-03-13 18:00:00,TS,6.7,74.8,25.0,1006.0,2,310
2018072N05076,2018,UNNAMED,2018-03-13 21:00:00,TS,6.8,74.7,25.0,1006.0,4,315
2018072N05076,2018,UNNAMED,2018-03-14 00:00:00,TS,7.0,74.5,25.0,1006.0,10,315
2018072N05076,2018,UNNAMED,2018-03-14 03:00:00,TS,7.5,74.0,25.0,1006.0,14,315
2018072N05076,2018,UNNAMED,2018-03-14 06:00:00,TS,8.0,73.5,25.0,1006.0,13,315
2018072N05076,2018,UNNAMED,2018-03-14 09:00:00,TS,8.4,73.1,25.0,1006.0,10,315
2018072N05076,2018,UNNAMED,2018-03-14 12:00:00,TS,8.7,72.8,25.0,1006.0,7,320
2018072N05076,2018,UNNAMED,2018-03-14 15:00:00,TS,8.9,72.6,25.0,1006.0,5,325
2018072N05076,2018,UNNAMED,2018-03-14 18:00:00,TS,9.1,72.5,25.0,1006.0,4,325
2018136N11054,2018,SAGAR,2018-05-15 18:00:00,DS,11.3,53.7,,,12,305
2018136N11054,2018,SAGAR,2018-05-15 21:00:00,DS,11.6,53.2,,,12,305
2018136N11054,2018,SAGAR,2018-05-16 00:00:00,TS,12.0,52.7,,,13,305
2018136N11054,2018,SAGAR,2018-05-16 03:00:00,TS,12.4,52.2,,,13,305
2018136N11054,2018,SAGAR,2018-05-16 06:00:00,TS,12.7,51.6,,,12,300
2018136N11054,2018,SAGAR,2018-05-16 09:00:00,TS,12.9,51.1,,,12,290
2018136N11054,2018,SAGAR,2018-05-16 12:00:00,TS,13.1,50.5,25.0,1001.0,11,280
2018136N11054,2018,SAGAR,2018-05-16 15:00:00,TS,13.2,50.0,28.0,1001.0,8,280
2018136N11054,2018,SAGAR,2018-05-16 18:00:00,TS,13.2,49.7,30.0,1001.0,6,275
2018136N11054,2018,SAGAR,2018-05-16 21:00:00,TS,13.2,49.4,30.0,1000.0,5,270
2018136N11054,2018,SAGAR,2018-05-17 00:00:00,TS,13.2,49.2,30.0,999.0,5,270
2018136N11054,2018,SAGAR,2018-05-17 03:00:00,TS,13.2,48.9,35.0,997.0,5,260
2018136N11054,2018,SAGAR,2018-05-17 06:00:00,TS,13.1,48.7,35.0,997.0,5,255
2018136N11054,2018,SAGAR,2018-05-17 09:00:00,TS,13.1,48.4,35.0,997.0,5,260
2018136N11054,2018,SAGAR,2018-05-17 12:00:00,TS,13.0,48.1,40.0,996.0,8,255
2018136N11054,2018,SAGAR,2018-05-17 15:00:00,TS,12.9,47.7,40.0,996.0,9,245
2018136N11054,2018,SAGAR,2018-05-17 18:00:00,TS,12.6,47.3,40.0,996.0,9,240
2018136N11054,2018,SAGAR,2018-05-17 21:00:00,TS,12.4,46.9,40.0,996.0,9,240
2018136N11054,2018,SAGAR,2018-05-18 00:00:00,TS,12.2,46.5,45.0,996.0,8,240
2018136N11054,2018,SAGAR,2018-05-18 03:00:00,TS,12.0,46.2,45.0,994.0,6,240
2018136N11054,2018,SAGAR,2018-05-18 06:00:00,TS,11.9,46.0,45.0,994.0,6,245
2018136N11054,2018,SAGAR,2018-05-18 09:00:00,TS,11.7,45.6,45.0,994.0,5,235
2018136N11054,2018,SAGAR,2018-05-18 12:00:00,TS,11.5,45.5,45.0,994.0,5,225
2018136N11054,2018,SAGAR,2018-05-18 15:00:00,TS,11.4,45.3,45.0,994.0,5,230
2018136N11054,2018,SAGAR,2018-05-18 18:00:00,TS,11.3,45.1,45.0,994.0,4,235
2018136N11054,2018,SAGAR,2018-05-18 21:00:00,TS,11.1,45.0,45.0,994.0,4,235
2018136N11054,2018,SAGAR,2018-05-19 00:00:00,TS,11.0,44.8,45.0,994.0,6,240
2018136N11054,2018,SAGAR,2018-05-19 03:00:00,TS,10.8,44.5,45.0,994.0,6,240
2018136N11054,2018,SAGAR,2018-05-19 06:00:00,TS,10.7,44.2,40.0,996.0,5,235
2018136N11054,2018,SAGAR,2018-05-19 09:00:00,TS,10.5,44.0,40.0,998.0,6,230
2018136N11054,2018,SAGAR,2018-05-19 12:00:00,TS,10.4,43.8,35.0,1000.0,5,235
2018136N11054,2018,SAGAR,2018-05-19 15:00:00,TS,10.2,43.6,33.0,1001.0,4,230
2018136N11054,2018,SAGAR,2018-05-19 18:00:00,TS,10.1,43.4,30.0,1001.0,5,240
2018136N11054,2018,SAGAR,2018-05-19 21:00:00,TS,10.0,43.2,28.0,1002.0,6,255
2018136N11054,2018,SAGAR,2018-05-20 00:00:00,TS,9.9,42.8,25.0,1003.0,8,260
2018136N11054,2018,SAGAR,2018-05-20 03:00:00,TS,9.9,42.3,,,10,265
2018136N11054,2018,SAGAR,2018-05-20 06:00:00,TS,9.8,41.8,,,10,265
2018141N08059,2018,MEKUNU,2018-05-21 06:00:00,TS,7.9,58.6,,,6,315
2018141N08059,2018,MEKUNU,2018-05-21 09:00:00,TS,8.1,58.4,,,6,325
2018141N08059,2018,MEKUNU,2018-05-21 12:00:00,TS,8.4,58.3,25.0,1004.0,5,325
2018141N08059,2018,MEKUNU,2018-05-21 15:00:00,TS,8.5,58.1,25.0,1004.0,5,310
2018141N08059,2018,MEKUNU,2018-05-21 18:00:00,TS,8.7,57.9,25.0,1003.0,5,310
2018141N08059,2018,MEKUNU,2018-05-21 21:00:00,TS,8.9,57.7,25.0,1003.0,5,315
2018141N08059,2018,MEKUNU,2018-05-22 00:00:00,TS,9.1,57.5,25.0,1002.0,6,315
2018141N08059,2018,MEKUNU,2018-05-22 03:00:00,TS,9.3,57.3,30.0,1001.0,6,320
2018141N08059,2018,MEKUNU,2018-05-22 06:00:00,TS,9.6,57.1,30.0,1000.0,7,330
2018141N08059,2018,MEKUNU,2018-05-22 09:00:00,TS,9.9,56.9,33.0,999.0,7,335
2018141N08059,2018,MEKUNU,2018-05-22 12:00:00,TS,10.2,56.8,35.0,998.0,7,335
2018141N08059,2018,MEKUNU,2018-05-22 15:00:00,TS,10.5,56.6,35.0,998.0,6,320
2018141N08059,2018,MEKUNU,2018-05-22 18:00:00,TS,10.7,56.4,40.0,996.0,5,305
2018141N08059,2018,MEKUNU,2018-05-22 21:00:00,TS,10.8,56.2,40.0,996.0,5,310
2018141N08059,2018,MEKUNU,2018-05-23 00:00:00,TS,11.0,56.1,45.0,994.0,4,335
2018141N08059,2018,MEKUNU,2018-05-23 03:00:00,TS,11.2,56.0,55.0,984.0,5,0
2018141N08059,2018,MEKUNU,2018-05-23 06:00:00,TS,11.4,56.1,60.0,980.0,6,0
2018141N08059,2018,MEKUNU,2018-05-23 09:00:00,TS,11.7,56.0,65.0,978.0,6,355
2018141N08059,2018,MEKUNU,2018-05-23 12:00:00,TS,12.0,56.0,65.0,978.0,5,350
2018141N08059,2018,MEKUNU,2018-05-23 15:00:00,TS,12.3,55.9,70.0,976.0,6,340
2018141N08059,2018,MEKUNU,2018-05-23 18:00:00,TS,12.5,55.8,70.0,976.0,6,340
2018141N08059,2018,MEKUNU,2018-05-23 21:00:00,TS,12.8,55.7,70.0,976.0,5,345
2018141N08059,2018,MEKUNU,2018-05-24 00:00:00,TS,13.0,55.7,70.0,974.0,6,340
2018141N08059,2018,MEKUNU,2018-05-24 03:00:00,TS,13.3,55.5,75.0,972.0,7,345
2018141N08059,2018,MEKUNU,2018-05-24 06:00:00,TS,13.7,55.5,80.0,970.0,7,345
2018141N08059,2018,MEKUNU,2018-05-24 09:00:00,TS,14.0,55.4,80.0,970.0,6,345
2018141N08059,2018,MEKUNU,2018-05-24 12:00:00,TS,14.3,55.3,80.0,970.0,6,340
2018141N08059,2018,MEKUNU,2018-05-24 15:00:00,TS,14.6,55.2,80.0,970.0,7,325
2018141N08059,2018,MEKUNU,2018-05-24 18:00:00,TS,14.9,54.9,80.0,970.0,6,320
2018141N08059,2018,MEKUNU,2018-05-24 21:00:00,TS,15.1,54.7,80.0,970.0,4,315
2018141N08059,2018,MEKUNU,2018-05-25 00:00:00,TS,15.2,54.6,85.0,968.0,4,335
2018141N08059,2018,MEKUNU,2018-05-25 03:00:00,TS,15.4,54.6,90.0,964.0,6,350
2018141N08059,2018,MEKUNU,2018-05-25 06:00:00,TS,15.8,54.5,90.0,964.0,7,345
2018141N08059,2018,MEKUNU,2018-05-25 09:00:00,TS,16.1,54.4,90.0,962.0,7,340
2018141N08059,2018,MEKUNU,2018-05-25 12:00:00,TS,16.3,54.3,95.0,960.0,5,325
2018141N08059,2018,MEKUNU,2018-05-25 15:00:00,TS,16.5,54.1,95.0,960.0,5,315
2018141N08059,2018,MEKUNU,2018-05-25 18:00:00,TS,16.7,53.9,95.0,960.0,7,320
2018141N08059,2018,MEKUNU,2018-05-25 21:00:00,TS,17.0,53.6,90.0,964.0,6,325
2018141N08059,2018,MEKUNU,2018-05-26 00:00:00,TS,17.2,53.5,75.0,976.0,5,335
2018141N08059,2018,MEKUNU,2018-05-26 03:00:00,TS,17.5,53.4,60.0,986.0,7,340
2018141N08059,2018,MEKUNU,2018-05-26 06:00:00,TS,17.8,53.3,50.0,988.0,8,345
2018141N08059,2018,MEKUNU,2018-05-26 09:00:00,TS,18.2,53.2,45.0,990.0,6,340
2018141N08059,2018,MEKUNU,2018-05-26 12:00:00,TS,18.5,53.1,40.0,992.0,5,330
2018141N08059,2018,MEKUNU,2018-05-26 15:00:00,TS,18.6,52.9,35.0,994.0,4,320
2018141N08059,2018,MEKUNU,2018-05-26 18:00:00,TS,18.8,52.7,30.0,996.0,4,310
2018141N08059,2018,MEKUNU,2018-05-26 21:00:00,TS,18.9,52.6,28.0,998.0,4,305
2018141N08059,2018,MEKUNU,2018-05-27 00:00:00,TS,19.0,52.4,25.0,1000.0,4,285
2018141N08059,2018,MEKUNU,2018-05-27 03:00:00,TS,19.0,52.1,,,4,270
2018141N08059,2018,MEKUNU,2018-05-27 06:00:00,TS,19.0,52.0,,,3,270
2018148N17090,2018,UNNAMED,2018-05-28 00:00:00,DS,16.5,90.2,,,6,45
2018148N17090,2018,UNNAMED,2018-05-28 03:00:00,DS,16.7,90.4,,,6,45
2018148N17090,2018,UNNAMED,2018-05-28 06:00:00,TS,16.9,90.6,,,5,45
2018148N17090,2018,UNNAMED,2018-05-28 09:00:00,TS,17.1,90.8,,,6,45
2018148N17090,2018,UNNAMED,2018-05-28 12:00:00,TS,17.3,91.0,,,6,45
2018148N17090,2018,UNNAMED,2018-05-28 15:00:00,TS,17.5,91.2,,,7,45
2018148N17090,2018,UNNAMED,2018-05-28 18:00:00,DS,17.8,91.5,,,7,45
2018148N17090,2018,UNNAMED,2018-05-28 21:00:00,DS,18.0,91.7,,,7,45
2018148N17090,2018,UNNAMED,2018-05-29 00:00:00,TS,18.3,92.0,,,7,45
2018148N17090,2018,UNNAMED,2018-05-29 03:00:00,TS,18.5,92.3,,,7,50
2018148N17090,2018,UNNAMED,2018-05-29 06:00:00,TS,18.7,92.5,25.0,998.0,8,50
2018148N17090,2018,UNNAMED,2018-05-29 09:00:00,TS,19.0,92.9,28.0,995.0,10,50
2018148N17090,2018,UNNAMED,2018-05-29 12:00:00,TS,19.4,93.3,30.0,992.0,9,50
2018148N17090,2018,UNNAMED,2018-05-29 15:00:00,TS,19.7,93.6,30.0,993.0,10,50
2018148N17090,2018,UNNAMED,2018-05-29 18:00:00,TS,20.0,94.0,30.0,994.0,14,45
2018148N17090,2018,UNNAMED,2018-05-29 21:00:00,TS,20.6,94.7,28.0,995.0,18,45
2018148N17090,2018,UNNAMED,2018-05-30 00:00:00,TS,21.3,95.4,25.0,996.0,16,40
2018148N17090,2018,UNNAMED,2018-05-30 03:00:00,TS,21.8,95.8,20.0,998.0,13,40
2018161N22092,2018,UNNAMED,2018-06-10 06:00:00,TS,22.3,91.5,25.0,990.0,4,345
2018161N22092,2018,UNNAMED,2018-06-10 09:00:00,TS,22.5,91.5,25.0,989.0,4,350
2018161N22092,2018,UNNAMED,2018-06-10 12:00:00,TS,22.7,91.4,25.0,988.0,4,345
2018161N22092,2018,UNNAMED,2018-06-10 15:00:00,TS,22.9,91.4,23.0,989.0,3,345
2018161N22092,2018,UNNAMED,2018-06-10 18:00:00,TS,23.0,91.3,20.0,990.0,3,350
2018202N21088,2018,UNNAMED,2018-07-21 03:00:00,TS,21.0,88.0,25.0,989.0,10,325
2018202N21088,2018,UNNAMED,2018-07-21 06:00:00,TS,21.4,87.7,25.0,989.0,6,325
2018202N21088,2018,UNNAMED,2018-07-21 09:00:00,TS,21.5,87.6,30.0,988.0,4,315
2018202N21088,2018,UNNAMED,2018-07-21 12:00:00,TS,21.7,87.4,30.0,988.0,5,315
2018202N21088,2018,UNNAMED,2018-07-21 15:00:00,TS,21.9,87.2,28.0,989.0,5,310
2018202N21088,2018,UNNAMED,2018-07-21 18:00:00,TS,22.0,87.0,25.0,990.0,3,315
2018202N21088,2018,UNNAMED,2018-07-21 21:00:00,TS,22.0,87.0,25.0,991.0,3,315
2018202N21088,2018,UNNAMED,2018-07-22 00:00:00,TS,22.2,86.8,25.0,992.0,9,305
2018202N21088,2018,UNNAMED,2018-07-22 03:00:00,TS,22.6,86.2,25.0,992.0,8,310
2018202N21088,2018,UNNAMED,2018-07-22 06:00:00,TS,22.7,86.1,25.0,992.0,6,295
2018202N21088,2018,UNNAMED,2018-07-22 09:00:00,TS,22.8,85.7,25.0,992.0,10,290
2018202N21088,2018,UNNAMED,2018-07-22 12:00:00,TS,23.0,85.1,25.0,992.0,9,295
2018202N21088,2018,UNNAMED,2018-07-22 15:00:00,TS,23.2,84.8,23.0,993.0,7,310
2018202N21088,2018,UNNAMED,2018-07-22 18:00:00,TS,23.5,84.5,20.0,993.0,7,315
2018202N21088,2018,UNNAMED,2018-07-22 21:00:00,TS,23.7,84.3,20.0,993.0,6,310
2018202N21088,2018,UNNAMED,2018-07-23 00:00:00,TS,23.9,84.0,20.0,993.0,6,310
2018219N21088,2018,UNNAMED,2018-08-07 09:00:00,TS,21.5,87.5,25.0,992.0,9,270
2018219N21088,2018,UNNAMED,2018-08-07 12:00:00,TS,21.5,87.0,25.0,994.0,9,275
2018219N21088,2018,UNNAMED,2018-08-07 15:00:00,TS,21.5,86.5,25.0,995.0,9,275
2018219N21088,2018,UNNAMED,2018-08-07 18:00:00,TS,21.6,86.0,25.0,995.0,12,275
2018219N21088,2018,UNNAMED,2018-08-07 21:00:00,TS,21.7,85.3,23.0,996.0,14,275
2018219N21088,2018,UNNAMED,2018-08-08 00:00:00,TS,21.7,84.5,20.0,996.0,15,275
2018227N20086,2018,UNNAMED,2018-08-15 03:00:00,TS,20.0,86.0,25.0,993.0,8,285
2018227N20086,2018,UNNAMED,2018-08-15 06:00:00,TS,20.1,85.6,25.0,993.0,7,285
2018227N20086,2018,UNNAMED,2018-08-15 09:00:00,TS,20.2,85.3,25.0,993.0,6,280
2018227N20086,2018,UNNAMED,2018-08-15 12:00:00,TS,20.2,85.0,25.0,993.0,7,275
2018227N20086,2018,UNNAMED,2018-08-15 15:00:00,TS,20.2,84.6,25.0,993.0,9,275
2018227N20086,2018,UNNAMED,2018-08-15 18:00:00,TS,20.3,84.0,25.0,993.0,14,275
2018227N20086,2018,UNNAMED,2018-08-15 21:00:00,TS,20.4,83.1,25.0,994.0,19,275
2018227N20086,2018,UNNAMED,2018-08-16 00:00:00,TS,20.5,82.0,25.0,994.0,19,275
2018227N20086,2018,UNNAMED,2018-08-16 03:00:00,TS,20.6,81.0,20.0,994.0,14,280
2018227N20086,2018,UNNAMED,2018-08-16 06:00:00,TS,20.7,80.5,20.0,994.0,15,280
2018227N20086,2018,UNNAMED,2018-08-16 09:00:00,TS,20.9,79.4,20.0,994.0,21,280
2018227N20086,2018,UNNAMED,2018-08-16 12:00:00,TS,21.1,78.3,20.0,994.0,15,280
2018227N20086,2018,UNNAMED,2018-08-16 15:00:00,TS,21.1,77.9,20.0,994.0,8,280
2018227N20086,2018,UNNAMED,2018-08-16 18:00:00,TS,21.2,77.5,20.0,994.0,11,285
2018227N20086,2018,UNNAMED,2018-08-16 21:00:00,TS,21.4,76.8,20.0,994.0,17,290
2018227N20086,2018,UNNAMED,2018-08-17 00:00:00,TS,21.8,75.8,20.0,994.0,20,290
2018249N22088,2018,UNNAMED,2018-09-06 00:00:00,TS,21.8,88.0,25.0,992.0,2,270
2018249N22088,2018,UNNAMED,2018-09-06 03:00:00,TS,21.8,87.9,30.0,990.0,4,270
2018249N22088,2018,UNNAMED,2018-09-06 06:00:00,TS,21.8,87.6,30.0,990.0,6,265
2018249N22088,2018,UNNAMED,2018-09-06 09:00:00,TS,21.7,87.2,30.0,990.0,8,260
2018249N22088,2018,UNNAMED,2018-09-06 12:00:00,TS,21.7,86.8,30.0,990.0,7,270
2018249N22088,2018,UNNAMED,2018-09-06 15:00:00,TS,21.8,86.5,30.0,990.0,8,285
2018249N22088,2018,UNNAMED,2018-09-06 18:00:00,TS,21.9,86.0,30.0,990.0,14,275
2018249N22088,2018,UNNAMED,2018-09-06 21:00:00,TS,21.9,85.0,28.0,991.0,19,280
2018249N22088,2018,UNNAMED,2018-09-07 00:00:00,TS,22.2,84.0,25.0,991.0,19,300
2018249N22088,2018,UNNAMED,2018-09-07 03:00:00,TS,22.9,83.3,20.0,992.0,19,315
2018263N17089,2018,DAYE,2018-09-19 15:00:00,TS,17.2,89.0,25.0,997.0,13,275
2018263N17089,2018,DAYE,2018-09-19 18:00:00,TS,17.2,88.3,25.0,996.0,11,270
2018263N17089,2018,DAYE,2018-09-19 21:00:00,TS,17.2,87.8,25.0,996.0,9,270
2018263N17089,2018,DAYE,2018-09-20 00:00:00,TS,17.2,87.4,25.0,996.0,7,280
2018263N17089,2018,DAYE,2018-09-20 03:00:00,TS,17.3,87.1,30.0,995.0,5,315
2018263N17089,2018,DAYE,2018-09-20 06:00:00,TS,17.6,87.0,30.0,995.0,8,320
2018263N17089,2018,DAYE,2018-09-20 09:00:00,TS,17.9,86.6,30.0,995.0,11,310
2018263N17089,2018,DAYE,2018-09-20 12:00:00,TS,18.3,86.1,30.0,994.0,11,315
2018263N17089,2018,DAYE,2018-09-20 15:00:00,TS,18.6,85.8,35.0,992.0,12,310
2018263N17089,2018,DAYE,2018-09-20 18:00:00,TS,19.1,85.2,35.0,992.0,15,300
2018263N17089,2018,DAYE,2018-09-20 21:00:00,TS,19.4,84.4,35.0,993.0,17,295
2018263N17089,2018,DAYE,2018-09-21 00:00:00,TS,19.8,83.6,30.0,994.0,19,290
2018263N17089,2018,DAYE,2018-09-21 03:00:00,TS,20.1,82.5,30.0,994.0,20,290
2018263N17089,2018,DAYE,2018-09-21 06:00:00,TS,20.5,81.5,30.0,995.0,19,295
2018263N17089,2018,DAYE,2018-09-21 09:00:00,TS,20.9,80.7,28.0,996.0,16,300
2018263N17089,2018,DAYE,2018-09-21 12:00:00,TS,21.2,80.1,25.0,996.0,12,290
2018263N17089,2018,DAYE,2018-09-21 15:00:00,TS,21.4,79.5,25.0,996.0,13,275
2018263N17089,2018,DAYE,2018-09-21 18:00:00,TS,21.4,78.7,25.0,996.0,17,285
2018263N17089,2018,DAYE,2018-09-21 21:00:00,TS,21.8,77.8,25.0,997.0,19,300
2018263N17089,2018,DAYE,2018-09-22 00:00:00,TS,22.3,76.9,25.0,997.0,18,310
2018263N17089,2018,DAYE,2018-09-22 03:00:00,TS,22.9,76.3,20.0,998.0,8,315
2018263N17089,2018,DAYE,2018-09-22 06:00:00,TS,22.9,76.3,20.0,999.0,0,0
2018279N11069,2018,LUBAN,2018-10-05 18:00:00,DS,11.2,68.9,,,10,255
2018279N11069,2018,LUBAN,2018-10-05 21:00:00,DS,11.1,68.4,,,10,260
2018279N11069,2018,LUBAN,2018-10-06 00:00:00,DS,11.0,67.9,,,9,265
2018279N11069,2018,LUBAN,2018-10-06 03:00:00,DS,11.0,67.5,,,8,270
2018279N11069,2018,LUBAN,2018-10-06 06:00:00,TS,11.0,67.1,,,6,275
2018279N11069,2018,LUBAN,2018-10-06 09:00:00,TS,11.0,66.9,25.0,1003.0,3,285
2018279N11069,2018,LUBAN,2018-10-06 12:00:00,TS,11.1,66.8,25.0,1002.0,3,300
2018279N11069,2018,LUBAN,2018-10-06 15:00:00,TS,11.2,66.6,25.0,1002.0,4,305
2018279N11069,2018,LUBAN,2018-10-06 18:00:00,TS,11.4,66.4,25.0,1002.0,5,300
2018279N11069,2018,LUBAN,2018-10-06 21:00:00,TS,11.4,66.2,25.0,1002.0,5,295
2018279N11069,2018,LUBAN,2018-10-07 00:00:00,TS,11.5,66.0,25.0,1002.0,6,295
2018279N11069,2018,LUBAN,2018-10-07 03:00:00,TS,11.7,65.7,25.0,1002.0,7,285
2018279N11069,2018,LUBAN,2018-10-07 06:00:00,TS,11.8,65.3,25.0,1002.0,9,280
2018279N11069,2018,LUBAN,2018-10-07 09:00:00,TS,11.8,64.8,30.0,1001.0,10,280
2018279N11069,2018,LUBAN,2018-10-07 12:00:00,TS,12.0,64.3,30.0,1001.0,9,280
2018279N11069,2018,LUBAN,2018-10-07 15:00:00,TS,12.0,63.9,30.0,1001.0,8,275
2018279N11069,2018,LUBAN,2018-10-07 18:00:00,TS,12.0,63.5,30.0,1000.0,9,270
2018279N11069,2018,LUBAN,2018-10-07 21:00:00,TS,12.0,63.0,33.0,1000.0,9,275
2018279N11069,2018,LUBAN,2018-10-08 00:00:00,TS,12.1,62.5,35.0,999.0,8,275
2018279N11069,2018,LUBAN,2018-10-08 03:00:00,TS,12.1,62.1,40.0,998.0,6,280
2018279N11069,2018,LUBAN,2018-10-08 06:00:00,TS,12.2,61.9,40.0,997.0,5,290
2018279N11069,2018,LUBAN,2018-10-08 09:00:00,TS,12.3,61.6,45.0,996.0,6,290
2018279N11069,2018,LUBAN,2018-10-08 12:00:00,TS,12.4,61.3,45.0,996.0,5,290
2018279N11069,2018,LUBAN,2018-10-08 15:00:00,TS,12.5,61.1,45.0,996.0,5,295
2018279N11069,2018,LUBAN,2018-10-08 18:00:00,TS,12.6,60.9,45.0,994.0,5,295
2018279N11069,2018,LUBAN,2018-10-08 21:00:00,TS,12.7,60.6,45.0,994.0,4,305
2018279N11069,2018,LUBAN,2018-10-09 00:00:00,TS,12.8,60.5,45.0,994.0,3,320
2018279N11069,2018,LUBAN,2018-10-09 03:00:00,TS,12.9,60.4,45.0,994.0,2,325
2018279N11069,2018,LUBAN,2018-10-09 06:00:00,TS,13.0,60.4,45.0,994.0,2,325
2018279N11069,2018,LUBAN,2018-10-09 09:00:00,TS,13.1,60.3,50.0,992.0,4,305
2018279N11069,2018,LUBAN,2018-10-09 12:00:00,TS,13.2,60.1,55.0,990.0,5,305
2018279N11069,2018,LUBAN,2018-10-09 15:00:00,TS,13.4,59.8,55.0,990.0,6,310
2018279N11069,2018,LUBAN,2018-10-09 18:00:00,TS,13.6,59.6,55.0,990.0,6,305
2018279N11069,2018,LUBAN,2018-10-09 21:00:00,TS,13.7,59.3,60.0,988.0,6,315
2018279N11069,2018,LUBAN,2018-10-10 00:00:00,TS,14.0,59.2,65.0,985.0,4,325
2018279N11069,2018,LUBAN,2018-10-10 03:00:00,TS,14.1,59.1,65.0,984.0,3,315
2018279N11069,2018,LUBAN,2018-10-10 06:00:00,TS,14.2,59.0,75.0,978.0,4,310
2018279N11069,2018,LUBAN,2018-10-10 09:00:00,TS,14.4,58.7,75.0,978.0,4,300
2018279N11069,2018,LUBAN,2018-10-10 12:00:00,TS,14.4,58.6,75.0,978.0,3,290
2018279N11069,2018,LUBAN,2018-10-10 15:00:00,TS,14.5,58.5,75.0,978.0,2,295
2018279N11069,2018,LUBAN,2018-10-10 18:00:00,TS,14.5,58.4,75.0,978.0,1,285
2018279N11069,2018,LUBAN,2018-10-10 21:00:00,TS,14.5,58.4,75.0,978.0,2,280
2018279N11069,2018,LUBAN,2018-10-11 00:00:00,TS,14.6,58.2,75.0,978.0,3,260
2018279N11069,2018,LUBAN,2018-10-11 03:00:00,TS,14.4,58.0,70.0,980.0,3,245
2018279N11069,2018,LUBAN,2018-10-11 06:00:00,TS,14.5,57.9,70.0,980.0,2,280
2018279N11069,2018,LUBAN,2018-10-11 09:00:00,TS,14.5,57.9,70.0,980.0,1,295
2018279N11069,2018,LUBAN,2018-10-11 12:00:00,TS,14.5,57.8,70.0,980.0,1,305
2018279N11069,2018,LUBAN,2018-10-11 15:00:00,TS,14.5,57.8,70.0,980.0,1,315
2018279N11069,2018,LUBAN,2018-10-11 18:00:00,TS,14.6,57.7,70.0,980.0,2,315
2018279N11069,2018,LUBAN,2018-10-11 21:00:00,TS,14.7,57.7,65.0,980.0,1,295
2018279N11069,2018,LUBAN,2018-10-12 00:00:00,TS,14.7,57.6,60.0,984.0,2,270
2018279N11069,2018,LUBAN,2018-10-12 03:00:00,TS,14.6,57.5,55.0,987.0,2,270
2018279N11069,2018,LUBAN,2018-10-12 06:00:00,TS,14.7,57.4,50.0,990.0,3,270
2018279N11069,2018,LUBAN,2018-10-12 09:00:00,TS,14.6,57.2,50.0,990.0,3,270
2018279N11069,2018,LUBAN,2018-10-12 12:00:00,TS,14.7,57.0,50.0,991.0,4,275
2018279N11069,2018,LUBAN,2018-10-12 15:00:00,TS,14.7,56.8,50.0,992.0,5,280
2018279N11069,2018,LUBAN,2018-10-12 18:00:00,TS,14.8,56.5,45.0,994.0,6,280
2018279N11069,2018,LUBAN,2018-10-12 21:00:00,TS,14.8,56.2,45.0,994.0,6,270
2018279N11069,2018,LUBAN,2018-10-13 00:00:00,TS,14.8,55.9,45.0,994.0,6,270
2018279N11069,2018,LUBAN,2018-10-13 03:00:00,TS,14.8,55.6,40.0,994.0,6,280
2018279N11069,2018,LUBAN,2018-10-13 06:00:00,TS,14.9,55.3,40.0,994.0,7,280
2018279N11069,2018,LUBAN,2018-10-13 09:00:00,TS,14.9,54.9,40.0,994.0,7,275
2018279N11069,2018,LUBAN,2018-10-13 12:00:00,TS,14.9,54.5,40.0,994.0,8,275
2018279N11069,2018,LUBAN,2018-10-13 15:00:00,TS,14.9,54.1,40.0,994.0,8,280
2018279N11069,2018,LUBAN,2018-10-13 18:00:00,TS,15.1,53.7,40.0,996.0,8,290
2018279N11069,2018,LUBAN,2018-10-13 21:00:00,TS,15.2,53.3,40.0,996.0,9,290
2018279N11069,2018,LUBAN,2018-10-14 00:00:00,TS,15.4,52.8,40.0,998.0,9,300
2018279N11069,2018,LUBAN,2018-10-14 03:00:00,TS,15.6,52.5,40.0,998.0,8,305
2018279N11069,2018,LUBAN,2018-10-14 06:00:00,TS,15.9,52.2,35.0,999.0,7,295
2018279N11069,2018,LUBAN,2018-10-14 09:00:00,TS,15.9,51.8,30.0,1000.0,8,285
2018279N11069,2018,LUBAN,2018-10-14 12:00:00,TS,16.0,51.4,30.0,1001.0,7,285
2018279N11069,2018,LUBAN,2018-10-14 15:00:00,TS,16.1,51.1,28.0,1002.0,6,295
2018279N11069,2018,LUBAN,2018-10-14 18:00:00,TS,16.3,50.8,25.0,1002.0,11,275
2018279N11069,2018,LUBAN,2018-10-14 21:00:00,TS,16.2,50.0,25.0,1003.0,17,265
2018279N11069,2018,LUBAN,2018-10-15 00:00:00,TS,16.2,49.0,25.0,1003.0,19,265
2018281N14088,2018,TITLI,2018-10-08 00:00:00,DS,14.2,88.4,,,1,0
2018281N14088,2018,TITLI,2018-10-08 03:00:00,MX,14.1,88.4,25.0,1002.0,1,225
2018281N14088,2018,TITLI,2018-10-08 06:00:00,TS,14.1,88.3,25.0,1002.0,3,285
2018281N14088,2018,TITLI,2018-10-08 09:00:00,TS,14.2,88.1,25.0,1002.0,4,295
2018281N14088,2018,TITLI,2018-10-08 12:00:00,TS,14.3,87.9,25.0,1002.0,5,290
2018281N14088,2018,TITLI,2018-10-08 15:00:00,TS,14.4,87.7,28.0,1001.0,5,290
2018281N14088,2018,TITLI,2018-10-08 18:00:00,TS,14.5,87.5,30.0,1000.0,4,295
2018281N14088,2018,TITLI,2018-10-08 21:00:00,TS,14.6,87.3,30.0,1000.0,4,300
2018281N14088,2018,TITLI,2018-10-09 00:00:00,TS,14.7,87.1,30.0,1000.0,3,295
2018281N14088,2018,TITLI,2018-10-09 03:00:00,TS,14.7,86.9,30.0,999.0,3,295
2018281N14088,2018,TITLI,2018-10-09 06:00:00,TS,14.8,86.8,35.0,998.0,3,315
2018281N14088,2018,TITLI,2018-10-09 09:00:00,TS,14.9,86.7,35.0,997.0,4,325
2018281N14088,2018,TITLI,2018-10-09 12:00:00,TS,15.1,86.6,40.0,996.0,5,330
2018281N14088,2018,TITLI,2018-10-09 15:00:00,TS,15.3,86.5,40.0,995.0,5,325
2018281N14088,2018,TITLI,2018-10-09 18:00:00,TS,15.6,86.3,45.0,996.0,6,325
2018281N14088,2018,TITLI,2018-10-09 21:00:00,TS,15.8,86.1,50.0,994.0,6,330
2018281N14088,2018,TITLI,2018-10-10 00:00:00,TS,16.1,86.0,55.0,990.0,8,345
2018281N14088,2018,TITLI,2018-10-10 03:00:00,TS,16.5,85.9,60.0,988.0,10,340
2018281N14088,2018,TITLI,2018-10-10 06:00:00,TS,17.0,85.6,70.0,982.0,9,335
2018281N14088,2018,TITLI,2018-10-10 09:00:00,TS,17.3,85.4,75.0,976.0,7,330
2018281N14088,2018,TITLI,2018-10-10 12:00:00,TS,17.6,85.3,80.0,972.0,6,330
2018281N14088,2018,TITLI,2018-10-10 15:00:00,TS,17.8,85.1,80.0,972.0,8,335
2018281N14088,2018,TITLI,2018-10-10 18:00:00,TS,18.3,85.0,80.0,972.0,9,325
2018281N14088,2018,TITLI,2018-10-10 21:00:00,TS,18.6,84.6,80.0,972.0,8,310
2018281N14088,2018,TITLI,2018-10-11 00:00:00,TS,18.8,84.4,80.0,972.0,6,305
2018281N14088,2018,TITLI,2018-10-11 03:00:00,TS,18.9,84.1,65.0,985.0,6,310
2018281N14088,2018,TITLI,2018-10-11 06:00:00,TS,19.2,83.9,60.0,988.0,6,330
2018281N14088,2018,TITLI,2018-10-11 09:00:00,TS,19.4,83.8,50.0,994.0,6,350
2018281N14088,2018,TITLI,2018-10-11 12:00:00,TS,19.7,83.8,45.0,996.0,5,15
2018281N14088,2018,TITLI,2018-10-11 15:00:00,TS,19.9,83.9,40.0,998.0,6,45
2018281N14088,2018,TITLI,2018-10-11 18:00:00,TS,20.1,84.2,30.0,999.0,6,45
2018281N14088,2018,TITLI,2018-10-11 21:00:00,TS,20.3,84.4,30.0,1000.0,6,45
2018281N14088,2018,TITLI,2018-10-12 00:00:00,TS,20.5,84.7,30.0,1000.0,6,50
2018281N14088,2018,TITLI,2018-10-12 03:00:00,TS,20.7,85.0,30.0,1001.0,6,55
2018281N14088,2018,TITLI,2018-10-12 06:00:00,TS,20.9,85.3,30.0,1001.0,5,70
2018281N14088,2018,TITLI,2018-10-12 09:00:00,TS,20.9,85.5,25.0,1002.0,8,70
2018281N14088,2018,TITLI,2018-10-12 12:00:00,TS,21.2,86.1,25.0,1002.0,13,60
2018281N14088,2018,TITLI,2018-10-12 15:00:00,TS,21.6,86.7,25.0,1003.0,12,55
2018281N14088,2018,TITLI,2018-10-12 18:00:00,TS,21.9,87.2,25.0,1003.0,9,55
2018281N14088,2018,TITLI,2018-10-12 21:00:00,TS,22.1,87.5,20.0,1004.0,7,55
2018314N12093,2018,GAJA,2018-11-10 03:00:00,TS,11.7,92.5,25.0,1003.0,12,300
2018314N12093,2018,GAJA,2018-11-10 06:00:00,TS,12.0,92.0,25.0,1002.0,12,300
2018314N12093,2018,GAJA,2018-11-10 09:00:00,TS,12.3,91.4,28.0,1002.0,15,295
2018314N12093,2018,GAJA,2018-11-10 12:00:00,MX,12.7,90.7,30.0,1001.0,13,295
2018314N12093,2018,GAJA,2018-11-10 15:00:00,MX,12.9,90.2,30.0,1001.0,9,295
2018314N12093,2018,GAJA,2018-11-10 18:00:00,TS,13.1,89.8,30.0,1000.0,7,295
2018314N12093,2018,GAJA,2018-11-10 21:00:00,TS,13.2,89.5,33.0,1000.0,7,295
2018314N12093,2018,GAJA,2018-11-11 00:00:00,TS,13.4,89.2,35.0,999.0,7,285
2018314N12093,2018,GAJA,2018-11-11 03:00:00,TS,13.4,88.8,35.0,999.0,7,280
2018314N12093,2018,GAJA,2018-11-11 06:00:00,TS,13.4,88.5,40.0,998.0,8,265
2018314N12093,2018,GAJA,2018-11-11 09:00:00,TS,13.4,88.0,40.0,998.0,7,260
2018314N12093,2018,GAJA,2018-11-11 12:00:00,TS,13.3,87.7,40.0,998.0,6,255
2018314N12093,2018,GAJA,2018-11-11 15:00:00,TS,13.2,87.5,40.0,998.0,4,245
2018314N12093,2018,GAJA,2018-11-11 18:00:00,TS,13.1,87.3,40.0,998.0,3,240
2018314N12093,2018,GAJA,2018-11-11 21:00:00,TS,13.1,87.2,40.0,998.0,2,205
2018314N12093,2018,GAJA,2018-11-12 00:00:00,TS,12.9,87.2,40.0,998.0,4,0
2018314N12093,2018,GAJA,2018-11-12 03:00:00,TS,12.7,87.2,40.0,998.0,3,170
2018314N12093,2018,GAJA,2018-11-12 06:00:00,TS,12.6,87.3,40.0,998.0,1,85
2018314N12093,2018,GAJA,2018-11-12 09:00:00,TS,12.7,87.3,40.0,998.0,3,65
2018314N12093,2018,GAJA,2018-11-12 12:00:00,TS,12.8,87.6,40.0,998.0,4,45
2018314N12093,2018,GAJA,2018-11-12 15:00:00,TS,13.0,87.6,40.0,998.0,6,0
2018314N12093,2018,GAJA,2018-11-12 18:00:00,TS,13.3,87.6,45.0,996.0,5,330
2018314N12093,2018,GAJA,2018-11-12 21:00:00,TS,13.4,87.4,45.0,996.0,4,305
2018314N12093,2018,GAJA,2018-11-13 00:00:00,TS,13.6,87.2,40.0,998.0,4,290
2018314N12093,2018,GAJA,2018-11-13 03:00:00,TS,13.6,87.0,40.0,998.0,6,280
2018314N12093,2018,GAJA,2018-11-13 06:00:00,TS,13.7,86.6,40.0,998.0,6,265
2018314N12093,2018,GAJA,2018-11-13 09:00:00,TS,13.6,86.3,40.0,998.0,5,255
2018314N12093,2018,GAJA,2018-11-13 12:00:00,TS,13.5,86.1,40.0,998.0,5,245
2018314N12093,2018,GAJA,2018-11-13 15:00:00,TS,13.4,85.9,40.0,998.0,4,240
2018314N12093,2018,GAJA,2018-11-13 18:00:00,TS,13.3,85.7,40.0,998.0,4,240
2018314N12093,2018,GAJA,2018-11-13 21:00:00,TS,13.2,85.5,40.0,998.0,4,240
2018314N12093,2018,GAJA,2018-11-14 00:00:00,TS,13.1,85.4,40.0,998.0,4,240
2018314N12093,2018,GAJA,2018-11-14 03:00:00,TS,13.0,85.2,40.0,998.0,5,230
2018314N12093,2018,GAJA,2018-11-14 06:00:00,TS,12.8,85.0,45.0,996.0,6,230
2018314N12093,2018,GAJA,2018-11-14 09:00:00,TS,12.6,84.7,45.0,996.0,7,230
2018314N12093,2018,GAJA,2018-11-14 12:00:00,TS,12.4,84.4,45.0,996.0,6,230
2018314N12093,2018,GAJA,2018-11-14 15:00:00,TS,12.2,84.2,45.0,996.0,6,235
2018314N12093,2018,GAJA,2018-11-14 18:00:00,TS,12.0,83.9,45.0,996.0,8,245
2018314N12093,2018,GAJA,2018-11-14 21:00:00,TS,11.8,83.5,45.0,996.0,8,235
2018314N12093,2018,GAJA,2018-11-15 00:00:00,TS,11.5,83.1,45.0,996.0,9,240
2018314N12093,2018,GAJA,2018-11-15 03:00:00,TS,11.4,82.7,50.0,994.0,10,255
2018314N12093,2018,GAJA,2018-11-15 06:00:00,TS,11.3,82.2,55.0,990.0,11,250
2018314N12093,2018,GAJA,2018-11-15 09:00:00,TS,11.1,81.6,55.0,989.0,10,245
2018314N12093,2018,GAJA,2018-11-15 12:00:00,TS,10.9,81.2,60.0,988.0,10,245
2018314N12093,2018,GAJA,2018-11-15 15:00:00,TS,10.7,80.7,65.0,984.0,10,250
2018314N12093,2018,GAJA,2018-11-15 18:00:00,TS,10.6,80.3,70.0,976.0,10,260
2018314N12093,2018,GAJA,2018-11-15 21:00:00,TS,10.5,79.7,70.0,976.0,11,265
2018314N12093,2018,GAJA,2018-11-16 00:00:00,TS,10.5,79.1,55.0,990.0,12,270
2018314N12093,2018,GAJA,2018-11-16 03:00:00,TS,10.4,78.5,45.0,996.0,15,270
2018314N12093,2018,GAJA,2018-11-16 06:00:00,TS,10.5,77.6,30.0,1000.0,15,265
2018314N12093,2018,GAJA,2018-11-16 09:00:00,TS,10.3,76.9,28.0,1001.0,14,255
2018314N12093,2018,GAJA,2018-11-16 12:00:00,TS,10.0,76.3,25.0,1002.0,12,250
2018314N12093,2018,GAJA,2018-11-16 15:00:00,TS,9.9,75.8,25.0,1002.0,11,255
2018314N12093,2018,GAJA,2018-11-16 18:00:00,TS,9.8,75.3,25.0,1002.0,10,260
2018314N12093,2018,GAJA,2018-11-16 21:00:00,TS,9.7,74.7,28.0,1003.0,11,265
2018314N12093,2018,GAJA,2018-11-17 00:00:00,TS,9.7,74.2,30.0,1003.0,12,270
2018314N12093,2018,GAJA,2018-11-17 03:00:00,TS,9.7,73.5,30.0,1003.0,11,275
2018314N12093,2018,GAJA,2018-11-17 06:00:00,TS,9.8,73.0,30.0,1003.0,11,275
2018314N12093,2018,GAJA,2018-11-17 09:00:00,TS,9.9,72.4,30.0,1003.0,12,275
2018314N12093,2018,GAJA,2018-11-17 12:00:00,TS,10.0,71.8,30.0,1003.0,12,280
2018314N12093,2018,GAJA,2018-11-17 15:00:00,TS,10.1,71.2,30.0,1003.0,11,285
2018314N12093,2018,GAJA,2018-11-17 18:00:00,TS,10.2,70.7,30.0,1003.0,10,285
2018314N12093,2018,GAJA,2018-11-17 21:00:00,TS,10.3,70.2,30.0,1003.0,9,285
2018314N12093,2018,GAJA,2018-11-18 00:00:00,TS,10.4,69.8,30.0,1003.0,7,280
2018314N12093,2018,GAJA,2018-11-18 03:00:00,TS,10.5,69.5,30.0,1003.0,7,280
2018314N12093,2018,GAJA,2018-11-18 06:00:00,TS,10.5,69.1,30.0,1003.0,7,280
2018314N12093,2018,GAJA,2018-11-18 09:00:00,TS,10.6,68.8,30.0,1003.0,6,280
2018314N12093,2018,GAJA,2018-11-18 12:00:00,MX,10.6,68.5,30.0,1003.0,7,275
2018314N12093,2018,GAJA,2018-11-18 15:00:00,MX,10.6,68.0,30.0,1003.0,9,275
2018314N12093,2018,GAJA,2018-11-18 18:00:00,MX,10.7,67.5,30.0,1003.0,9,275
2018314N12093,2018,GAJA,2018-11-18 21:00:00,MX,10.7,67.1,30.0,1003.0,9,280
2018314N12093,2018,GAJA,2018-11-19 00:00:00,MX,10.8,66.6,30.0,1003.0,8,285
2018314N12093,2018,GAJA,2018-11-19 03:00:00,MX,10.9,66.3,30.0,1003.0,8,285
2018314N12093,2018,GAJA,2018-11-19 06:00:00,MX,11.0,65.8,25.0,1004.0,10,290
2018314N12093,2018,GAJA,2018-11-19 09:00:00,TS,11.2,65.4,25.0,1004.0,8,280
2018314N12093,2018,GAJA,2018-11-19 12:00:00,TS,11.2,65.0,25.0,1004.0,7,265
2018347N07089,2018,PHETHAI,2018-12-13 00:00:00,TS,6.5,88.7,25.0,1004.0,4,335
2018347N07089,2018,PHETHAI,2018-12-13 03:00:00,TS,6.7,88.6,25.0,1004.0,4,325
2018347N07089,2018,PHETHAI,2018-12-13 06:00:00,TS,6.8,88.5,25.0,1003.0,4,325
2018347N07089,2018,PHETHAI,2018-12-13 09:00:00,TS,7.0,88.4,25.0,1003.0,5,340
2018347N07089,2018,PHETHAI,2018-12-13 12:00:00,TS,7.2,88.3,25.0,1003.0,3,340
2018347N07089,2018,PHETHAI,2018-12-13 15:00:00,TS,7.4,88.2,28.0,1003.0,4,315
2018347N07089,2018,PHETHAI,2018-12-13 18:00:00,TS,7.5,88.0,30.0,1002.0,5,310
2018347N07089,2018,PHETHAI,2018-12-13 21:00:00,TS,7.7,87.8,30.0,1002.0,6,315
2018347N07089,2018,PHETHAI,2018-12-14 00:00:00,TS,7.9,87.6,30.0,1002.0,6,315
2018347N07089,2018,PHETHAI,2018-12-14 03:00:00,TS,8.1,87.5,30.0,1002.0,4,310
2018347N07089,2018,PHETHAI,2018-12-14 06:00:00,TS,8.2,87.4,30.0,1002.0,4,285
2018347N07089,2018,PHETHAI,2018-12-14 09:00:00,TS,8.2,87.1,30.0,1002.0,6,285
2018347N07089,2018,PHETHAI,2018-12-14 12:00:00,TS,8.3,86.8,30.0,1002.0,6,295
2018347N07089,2018,PHETHAI,2018-12-14 15:00:00,TS,8.5,86.5,30.0,1002.0,6,305
2018347N07089,2018,PHETHAI,2018-12-14 18:00:00,TS,8.7,86.3,30.0,1002.0,6,300
2018347N07089,2018,PHETHAI,2018-12-14 21:00:00,TS,8.8,86.0,30.0,1002.0,6,305
2018347N07089,2018,PHETHAI,2018-12-15 00:00:00,TS,9.0,85.7,30.0,1002.0,7,310
2018347N07089,2018,PHETHAI,2018-12-15 03:00:00,TS,9.3,85.4,30.0,1001.0,7,320
2018347N07089,2018,PHETHAI,2018-12-15 06:00:00,TS,9.5,85.3,30.0,1001.0,7,330
2018347N07089,2018,PHETHAI,2018-12-15 09:00:00,TS,9.9,85.1,33.0,1001.0,7,330
2018347N07089,2018,PHETHAI,2018-12-15 12:00:00,TS,10.2,84.9,35.0,1000.0,8,330
2018347N07089,2018,PHETHAI,2018-12-15 15:00:00,TS,10.5,84.7,35.0,1000.0,7,330
2018347N07089,2018,PHETHAI,2018-12-15 18:00:00,TS,10.8,84.6,35.0,1000.0,6,335
2018347N07089,2018,PHETHAI,2018-12-15 21:00:00,TS,11.0,84.4,35.0,1000.0,6,335
2018347N07089,2018,PHETHAI,2018-12-16 00:00:00,TS,11.3,84.3,40.0,998.0,8,340
2018347N07089,2018,PHETHAI,2018-12-16 03:00:00,TS,11.8,84.1,45.0,996.0,10,335
2018347N07089,2018,PHETHAI,2018-12-16 06:00:00,TS,12.3,83.9,45.0,996.0,8,320
2018347N07089,2018,PHETHAI,2018-12-16 09:00:00,TS,12.4,83.5,50.0,994.0,14,325
2018347N07089,2018,PHETHAI,2018-12-16 12:00:00,TS,13.4,83.1,55.0,992.0,15,330
2018347N07089,2018,PHETHAI,2018-12-16 15:00:00,TS,13.8,82.8,55.0,992.0,8,330
2018347N07089,2018,PHETHAI,2018-12-16 18:00:00,TS,14.1,82.7,55.0,992.0,8,335
2018347N07089,2018,PHETHAI,2018-12-16 21:00:00,TS,14.5,82.4,55.0,992.0,10,345
2018347N07089,2018,PHETHAI,2018-12-17 00:00:00,TS,15.0,82.4,50.0,994.0,11,355
2018347N07089,2018,PHETHAI,2018-12-17 03:00:00,TS,15.5,82.3,45.0,997.0,10,355
2018347N07089,2018,PHETHAI,2018-12-17 06:00:00,TS,16.0,82.3,45.0,997.0,10,0
2018347N07089,2018,PHETHAI,2018-12-17 09:00:00,TS,16.5,82.3,40.0,998.0,9,10
2018347N07089,2018,PHETHAI,2018-12-17 12:00:00,TS,16.8,82.5,30.0,1001.0,9,15
2018347N07089,2018,PHETHAI,2018-12-17 15:00:00,TS,17.4,82.6,30.0,1004.0,10,15
2018347N07089,2018,PHETHAI,2018-12-17 18:00:00,TS,17.8,82.8,25.0,1006.0,9,20
2018365N08115,2018,PABUK,2018-12-30 12:00:00,DS,8.3,115.1,,,8,285
2018365N08115,2018,PABUK,2018-12-30 15:00:00,DS,8.4,114.7,,,8,285
2018365N08115,2018,PABUK,2018-12-30 18:00:00,DS,8.5,114.3,,,9,285
2018365N08115,2018,PABUK,2018-12-30 21:00:00,DS,8.6,113.8,,,10,275
2018365N08115,2018,PABUK,2018-12-31 00:00:00,DS,8.6,113.3,,,12,260
2018365N08115,2018,PABUK,2018-12-31 03:00:00,DS,8.4,112.7,,,13,240
2018365N08115,2018,PABUK,2018-12-31 06:00:00,TS,7.9,112.1,,,12,235
2018365N08115,2018,PABUK,2018-12-31 09:00:00,TS,7.6,111.7,,,8,230
2018365N08115,2018,PABUK,2018-12-31 12:00:00,TS,7.4,111.5,,,6,230
2018365N08115,2018,PABUK,2018-12-31 15:00:00,TS,7.2,111.3,,,5,225
2018365N08115,2018,PABUK,2018-12-31 18:00:00,TS,7.1,111.1,,,5,215
2018365N08115,2018,PABUK,2018-12-31 21:00:00,TS,6.8,111.0,,,5,215
2018365N08115,2018,PABUK,2019-01-01 00:00:00,TS,6.6,110.8,,,6,225
2018365N08115,2018,PABUK,2019-01-01 03:00:00,TS,6.4,110.5,,,7,235
2018365N08115,2018,PABUK,2019-01-01 06:00:00,TS,6.2,110.2,,,6,235
2018365N08115,2018,PABUK,2019-01-01 09:00:00,TS,6.0,110.0,,,5,240
2018365N08115,2018,PABUK,2019-01-01 12:00:00,TS,5.9,109.8,,,5,250
2018365N08115,2018,PABUK,2019-01-01 15:00:00,TS,5.9,109.5,,,5,255
2018365N08115,2018,PABUK,2019-01-01 18:00:00,TS,5.8,109.3,,,6,270
2018365N08115,2018,PABUK,2019-01-01 21:00:00,TS,5.8,109.0,,,6,275
2018365N08115,2018,PABUK,2019-01-02 00:00:00,TS,5.9,108.6,,,7,285
2018365N08115,2018,PABUK,2019-01-02 03:00:00,TS,6.0,108.3,,,7,285
2018365N08115,2018,PABUK,2019-01-02 06:00:00,TS,6.1,107.9,,,8,280
2018365N08115,2018,PABUK,2019-01-02 09:00:00,TS,6.2,107.5,,,9,275
2018365N08115,2018,PABUK,2019-01-02 12:00:00,TS,6.2,107.0,,,10,270
2018365N08115,2018,PABUK,2019-01-02 15:00:00,TS,6.1,106.5,,,11,265
2018365N08115,2018,PABUK,2019-01-02 18:00:00,TS,6.1,105.9,,,10,265
2018365N08115,2018,PABUK,2019-01-02 21:00:00,TS,6.1,105.4,,,9,270
2018365N08115,2018,PABUK,2019-01-03 00:00:00,TS,6.1,105.0,,,8,275
2018365N08115,2018,PABUK,2019-01-03 03:00:00,TS,6.1,104.6,,,7,280
2018365N08115,2018,PABUK,2019-01-03 06:00:00,TS,6.2,104.3,,,7,290
2018365N08115,2018,PABUK,2019-01-03 09:00:00,TS,6.3,104.0,,,8,295
2018365N08115,2018,PABUK,2019-01-03 12:00:00,TS,6.5,103.6,,,9,305
2018365N08115,2018,PABUK,2019-01-03 15:00:00,TS,6.8,103.2,,,11,310
2018365N08115,2018,PABUK,2019-01-03 18:00:00,TS,7.2,102.7,,,12,305
2018365N08115,2018,PABUK,2019-01-03 21:00:00,TS,7.6,102.2,,,13,300
2018365N08115,2018,PABUK,2019-01-04 00:00:00,TS,7.9,101.6,,,12,295
2018365N08115,2018,PABUK,2019-01-04 03:00:00,TS,8.1,101.1,,,10,290
2018365N08115,2018,PABUK,2019-01-04 06:00:00,TS,8.2,100.6,,,9,280
2018365N08115,2018,PABUK,2019-01-04 09:00:00,TS,8.3,100.2,,,8,280
2018365N08115,2018,PABUK,2019-01-04 12:00:00,TS,8.3,99.8,45.0,998.0,9,280
2018365N08115,2018,PABUK,2019-01-04 15:00:00,TS,8.4,99.3,45.0,998.0,9,285
2018365N08115,2018,PABUK,2019-01-04 18:00:00,TS,8.5,98.9,45.0,998.0,7,295
2018365N08115,2018,PABUK,2019-01-04 21:00:00,TS,8.7,98.7,45.0,998.0,5,305
2018365N08115,2018,PABUK,2019-01-05 00:00:00,TS,8.8,98.5,40.0,1000.0,6,310
2018365N08115,2018,PABUK,2019-01-05 03:00:00,TS,9.1,98.2,40.0,1000.0,7,310
2018365N08115,2018,PABUK,2019-01-05 06:00:00,TS,9.3,98.0,40.0,1000.0,7,310
2018365N08115,2018,PABUK,2019-01-05 09:00:00,TS,9.5,97.7,40.0,1000.0,8,310
2018365N08115,2018,PABUK,2019-01-05 12:00:00,TS,9.8,97.4,40.0,1000.0,10,305
2018365N08115,2018,PABUK,2019-01-05 15:00:00,TS,10.1,96.9,40.0,1000.0,11,300
2018365N08115,2018,PABUK,2019-01-05 18:00:00,TS,10.4,96.4,35.0,1001.0,11,295
2018365N08115,2018,PABUK,2019-01-05 21:00:00,TS,10.5,95.9,35.0,1001.0,11,285
2018365N08115,2018,PABUK,2019-01-06 00:00:00,TS,10.7,95.3,35.0,1001.0,15,280
2018365N08115,2018,PABUK,2019-01-06 03:00:00,TS,10.8,94.4,35.0,1001.0,17,280
2018365N08115,2018,PABUK,2019-01-06 06:00:00,TS,11.0,93.6,30.0,1002.0,15,280
2018365N08115,2018,PABUK,2019-01-06 09:00:00,TS,11.1,92.9,30.0,1003.0,11,285
2018365N08115,2018,PABUK,2019-01-06 12:00:00,MX,11.3,92.4,30.0,1003.0,10,290
2018365N08115,2018,PABUK,2019-01-06 15:00:00,MX,11.5,92.0,30.0,1003.0,9,300
2018365N08115,2018,PABUK,2019-01-06 18:00:00,MX,11.7,91.7,30.0,1003.0,10,305
2018365N08115,2018,PABUK,2019-01-06 21:00:00,MX,12.0,91.2,28.0,1004.0,9,315
2018365N08115,2018,PABUK,2019-01-07 00:00:00,MX,12.3,91.0,25.0,1004.0,5,345
2018365N08115,2018,PABUK,2019-01-07 03:00:00,MX,12.5,91.1,25.0,1004.0,5,50
2018365N08115,2018,PABUK,2019-01-07 06:00:00,MX,12.6,91.4,25.0,1004.0,10,65
2018365N08115,2018,PABUK,2019-01-07 09:00:00,TS,12.9,92.0,25.0,1004.0,8,50
2018365N08115,2018,PABUK,2019-01-07 12:00:00,TS,13.1,92.0,25.0,1004.0,2,5
2018365N08115,2018,PABUK,2019-01-07 15:00:00,TS,13.1,92.0,23.0,1005.0,0,0
2018365N08115,2018,PABUK,2019-01-07 18:00:00,TS,13.1,92.0,20.0,1005.0,1,0
2019116N02090,2019,FANI,2019-04-25 18:00:00,TS,1.9,90.2,,,4,335
2019116N02090,2019,FANI,2019-04-25 21:00:00,TS,2.1,90.1,,,4,325
2019116N02090,2019,FANI,2019-04-26 00:00:00,TS,2.2,90.0,,,4,310
2019116N02090,2019,FANI,2019-04-26 03:00:00,TS,2.3,89.8,,,4,315
2019116N02090,2019,FANI,2019-04-26 06:00:00,TS,2.5,89.7,,,5,355
2019116N02090,2019,FANI,2019-04-26 09:00:00,TS,2.8,89.8,,,7,5
2019116N02090,2019,FANI,2019-04-26 12:00:00,TS,3.2,89.8,25.0,998.0,7,350
2019116N02090,2019,FANI,2019-04-26 15:00:00,TS,3.5,89.7,25.0,998.0,7,340
2019116N02090,2019,FANI,2019-04-26 18:00:00,TS,3.8,89.5,25.0,998.0,7,340
2019116N02090,2019,FANI,2019-04-26 21:00:00,TS,4.2,89.4,28.0,998.0,8,350
2019116N02090,2019,FANI,2019-04-27 00:00:00,TS,4.6,89.4,30.0,997.0,7,0
2019116N02090,2019,FANI,2019-04-27 03:00:00,TS,4.9,89.4,30.0,996.0,6,0
2019116N02090,2019,FANI,2019-04-27 06:00:00,TS,5.1,89.4,35.0,995.0,6,355
2019116N02090,2019,FANI,2019-04-27 09:00:00,TS,5.5,89.3,40.0,994.0,9,345
2019116N02090,2019,FANI,2019-04-27 12:00:00,TS,6.0,89.2,45.0,992.0,10,335
2019116N02090,2019,FANI,2019-04-27 15:00:00,TS,6.4,88.9,45.0,992.0,10,310
2019116N02090,2019,FANI,2019-04-27 18:00:00,TS,6.6,88.5,45.0,992.0,9,305
2019116N02090,2019,FANI,2019-04-27 21:00:00,TS,6.8,88.2,45.0,992.0,6,325
2019116N02090,2019,FANI,2019-04-28 00:00:00,TS,7.1,88.1,45.0,992.0,4,350
2019116N02090,2019,FANI,2019-04-28 03:00:00,TS,7.2,88.1,45.0,992.0,3,345
2019116N02090,2019,FANI,2019-04-28 06:00:00,TS,7.4,88.1,45.0,992.0,5,335
2019116N02090,2019,FANI,2019-04-28 09:00:00,TS,7.6,87.9,45.0,992.0,8,325
2019116N02090,2019,FANI,2019-04-28 12:00:00,TS,8.0,87.6,45.0,992.0,6,320
2019116N02090,2019,FANI,2019-04-28 15:00:00,TS,8.1,87.5,45.0,992.0,3,330
2019116N02090,2019,FANI,2019-04-28 18:00:00,TS,8.2,87.5,45.0,992.0,3,345
2019116N02090,2019,FANI,2019-04-28 21:00:00,TS,8.4,87.4,45.0,992.0,4,345
2019116N02090,2019,FANI,2019-04-29 00:00:00,TS,8.6,87.4,45.0,992.0,5,340
2019116N02090,2019,FANI,2019-04-29 03:00:00,TS,8.8,87.2,45.0,992.0,7,345
2019116N02090,2019,FANI,2019-04-29 06:00:00,TS,9.3,87.2,45.0,992.0,10,350
2019116N02090,2019,FANI,2019-04-29 09:00:00,TS,9.8,87.1,45.0,992.0,9,355
2019116N02090,2019,FANI,2019-04-29 12:00:00,TS,10.2,87.1,55.0,986.0,8,350
2019116N02090,2019,FANI,2019-04-29 15:00:00,TS,10.5,86.9,55.0,986.0,8,335
2019116N02090,2019,FANI,2019-04-29 18:00:00,TS,10.9,86.8,55.0,986.0,8,335
2019116N02090,2019,FANI,2019-04-29 21:00:00,TS,11.3,86.6,65.0,982.0,9,345
2019116N02090,2019,FANI,2019-04-30 00:00:00,TS,11.8,86.5,70.0,980.0,12,340
2019116N02090,2019,FANI,2019-04-30 03:00:00,TS,12.3,86.2,75.0,974.0,12,320
2019116N02090,2019,FANI,2019-04-30 06:00:00,TS,12.7,85.8,80.0,970.0,11,310
2019116N02090,2019,FANI,2019-04-30 09:00:00,TS,13.0,85.3,85.0,966.0,11,300
2019116N02090,2019,FANI,2019-04-30 12:00:00,TS,13.3,84.8,90.0,962.0,8,295
2019116N02090,2019,FANI,2019-04-30 15:00:00,TS,13.4,84.6,95.0,957.0,5,305
2019116N02090,2019,FANI,2019-04-30 18:00:00,TS,13.5,84.4,95.0,957.0,4,310
2019116N02090,2019,FANI,2019-04-30 21:00:00,TS,13.6,84.2,95.0,957.0,5,320
2019116N02090,2019,FANI,2019-05-01 00:00:00,TS,13.9,84.1,95.0,957.0,5,335
2019116N02090,2019,FANI,2019-05-01 03:00:00,TS,14.1,84.0,95.0,957.0,3,350
2019116N02090,2019,FANI,2019-05-01 06:00:00,TS,14.2,84.0,95.0,957.0,5,15
2019116N02090,2019,FANI,2019-05-01 09:00:00,TS,14.5,84.1,95.0,955.0,7,10
2019116N02090,2019,FANI,2019-05-01 12:00:00,TS,14.9,84.1,100.0,950.0,6,5
2019116N02090,2019,FANI,2019-05-01 15:00:00,TS,15.0,84.2,100.0,950.0,4,5
2019116N02090,2019,FANI,2019-05-01 18:00:00,TS,15.2,84.2,100.0,950.0,5,20
2019116N02090,2019,FANI,2019-05-01 21:00:00,TS,15.5,84.3,100.0,950.0,7,25
2019116N02090,2019,FANI,2019-05-02 00:00:00,TS,15.9,84.6,105.0,945.0,8,25
2019116N02090,2019,FANI,2019-05-02 03:00:00,TS,16.2,84.7,105.0,945.0,9,15
2019116N02090,2019,FANI,2019-05-02 06:00:00,TS,16.8,84.8,110.0,940.0,9,10
2019116N02090,2019,FANI,2019-05-02 09:00:00,TS,17.2,84.8,115.0,932.0,8,0
2019116N02090,2019,FANI,2019-05-02 12:00:00,TS,17.6,84.8,115.0,932.0,7,5
2019116N02090,2019,FANI,2019-05-02 15:00:00,TS,17.9,84.9,115.0,934.0,7,15
2019116N02090,2019,FANI,2019-05-02 18:00:00,TS,18.3,85.0,115.0,934.0,8,25
2019116N02090,2019,FANI,2019-05-02 21:00:00,TS,18.6,85.2,115.0,934.0,10,30
2019116N02090,2019,FANI,2019-05-03 00:00:00,TS,19.1,85.5,105.0,945.0,11,25
2019116N02090,2019,FANI,2019-05-03 03:00:00,TS,19.6,85.7,100.0,952.0,12,20
2019116N02090,2019,FANI,2019-05-03 06:00:00,TS,20.2,85.9,85.0,966.0,11,20
2019116N02090,2019,FANI,2019-05-03 09:00:00,TS,20.7,86.1,75.0,970.0,12,30
2019116N02090,2019,FANI,2019-05-03 12:00:00,TS,21.2,86.5,70.0,976.0,12,40
2019116N02090,2019,FANI,2019-05-03 15:00:00,TS,21.6,86.9,60.0,980.0,12,45
2019116N02090,2019,FANI,2019-05-03 18:00:00,TS,22.1,87.4,55.0,984.0,15,45
2019116N02090,2019,FANI,2019-05-03 21:00:00,TS,22.6,88.1,50.0,986.0,15,40
2019116N02090,2019,FANI,2019-05-04 00:00:00,TS,23.2,88.5,40.0,994.0,14,40
2019116N02090,2019,FANI,2019-05-04 03:00:00,TS,23.7,89.0,30.0,996.0,15,40
2019116N02090,2019,FANI,2019-05-04 06:00:00,TS,24.4,89.5,25.0,998.0,14,40
2019116N02090,2019,FANI,2019-05-04 09:00:00,TS,24.8,89.9,23.0,999.0,14,55
2019116N02090,2019,FANI,2019-05-04 12:00:00,TS,25.2,90.7,20.0,1000.0,16,60
2019160N11073,2019,VAYU,2019-06-08 18:00:00,DS,10.5,72.7,,,10,240
2019160N11073,2019,VAYU,2019-06-08 21:00:00,DS,10.2,72.3,,,9,245
2019160N11073,2019,VAYU,2019-06-09 00:00:00,DS,10.1,71.9,,,7,265
2019160N11073,2019,VAYU,2019-06-09 03:00:00,DS,10.2,71.6,,,6,300
2019160N11073,2019,VAYU,2019-06-09 06:00:00,DS,10.4,71.4,,,6,320
2019160N11073,2019,VAYU,2019-06-09 09:00:00,DS,10.6,71.2,,,6,330
2019160N11073,2019,VAYU,2019-06-09 12:00:00,TS,10.9,71.1,,,6,355
2019160N11073,2019,VAYU,2019-06-09 15:00:00,TS,11.2,71.1,,,6,10
2019160N11073,2019,VAYU,2019-06-09 18:00:00,TS,11.5,71.2,,,6,360
2019160N11073,2019,VAYU,2019-06-09 21:00:00,TS,11.8,71.1,,,6,340
2019160N11073,2019,VAYU,2019-06-10 00:00:00,TS,12.0,71.0,25.0,998.0,7,345
2019160N11073,2019,VAYU,2019-06-10 03:00:00,TS,12.4,70.9,25.0,998.0,6,345
2019160N11073,2019,VAYU,2019-06-10 06:00:00,TS,12.6,70.8,30.0,997.0,5,340
2019160N11073,2019,VAYU,2019-06-10 09:00:00,TS,12.9,70.8,30.0,997.0,7,350
2019160N11073,2019,VAYU,2019-06-10 12:00:00,TS,13.3,70.7,30.0,996.0,7,345
2019160N11073,2019,VAYU,2019-06-10 15:00:00,TS,13.6,70.6,33.0,996.0,6,345
2019160N11073,2019,VAYU,2019-06-10 18:00:00,TS,13.9,70.6,35.0,995.0,6,0
2019160N11073,2019,VAYU,2019-06-10 21:00:00,TS,14.2,70.6,35.0,994.0,7,10
2019160N11073,2019,VAYU,2019-06-11 00:00:00,TS,14.6,70.7,40.0,993.0,7,10
2019160N11073,2019,VAYU,2019-06-11 03:00:00,TS,14.9,70.7,40.0,992.0,6,5
2019160N11073,2019,VAYU,2019-06-11 06:00:00,TS,15.2,70.8,45.0,990.0,7,0
2019160N11073,2019,VAYU,2019-06-11 09:00:00,TS,15.6,70.8,45.0,988.0,9,0
2019160N11073,2019,VAYU,2019-06-11 12:00:00,TS,16.1,70.8,55.0,986.0,9,355
2019160N11073,2019,VAYU,2019-06-11 15:00:00,TS,16.6,70.7,60.0,983.0,10,350
2019160N11073,2019,VAYU,2019-06-11 18:00:00,TS,17.0,70.6,65.0,980.0,8,345
2019160N11073,2019,VAYU,2019-06-11 21:00:00,TS,17.4,70.5,70.0,977.0,8,340
2019160N11073,2019,VAYU,2019-06-12 00:00:00,TS,17.7,70.3,75.0,975.0,7,335
2019160N11073,2019,VAYU,2019-06-12 03:00:00,TS,18.0,70.2,75.0,973.0,8,340
2019160N11073,2019,VAYU,2019-06-12 06:00:00,TS,18.4,70.0,75.0,971.0,8,340
2019160N11073,2019,VAYU,2019-06-12 09:00:00,TS,18.8,69.9,80.0,970.0,7,350
2019160N11073,2019,VAYU,2019-06-12 12:00:00,TS,19.1,69.9,80.0,970.0,7,350
2019160N11073,2019,VAYU,2019-06-12 15:00:00,TS,19.4,69.8,80.0,970.0,6,345
2019160N11073,2019,VAYU,2019-06-12 18:00:00,TS,19.7,69.7,80.0,970.0,5,345
2019160N11073,2019,VAYU,2019-06-12 21:00:00,TS,19.9,69.6,80.0,970.0,5,345
2019160N11073,2019,VAYU,2019-06-13 00:00:00,TS,20.1,69.6,80.0,970.0,5,340
2019160N11073,2019,VAYU,2019-06-13 03:00:00,TS,20.3,69.5,80.0,970.0,4,330
2019160N11073,2019,VAYU,2019-06-13 06:00:00,TS,20.5,69.4,80.0,970.0,4,325
2019160N11073,2019,VAYU,2019-06-13 09:00:00,TS,20.7,69.2,80.0,970.0,5,320
2019160N11073,2019,VAYU,2019-06-13 12:00:00,TS,20.8,69.1,80.0,970.0,3,305
2019160N11073,2019,VAYU,2019-06-13 15:00:00,TS,20.9,68.9,80.0,970.0,2,285
2019160N11073,2019,VAYU,2019-06-13 18:00:00,TS,20.9,68.9,80.0,970.0,2,285
2019160N11073,2019,VAYU,2019-06-13 21:00:00,TS,20.9,68.7,80.0,970.0,3,290
2019160N11073,2019,VAYU,2019-06-14 00:00:00,TS,21.0,68.6,80.0,970.0,2,280
2019160N11073,2019,VAYU,2019-06-14 03:00:00,TS,21.0,68.4,75.0,973.0,2,255
2019160N11073,2019,VAYU,2019-06-14 06:00:00,TS,21.0,68.4,75.0,973.0,2,230
2019160N11073,2019,VAYU,2019-06-14 09:00:00,TS,20.9,68.3,75.0,973.0,2,225
2019160N11073,2019,VAYU,2019-06-14 12:00:00,TS,20.8,68.2,70.0,976.0,2,245
2019160N11073,2019,VAYU,2019-06-14 15:00:00,TS,20.8,68.1,70.0,976.0,3,260
2019160N11073,2019,VAYU,2019-06-14 18:00:00,TS,20.8,67.9,65.0,978.0,4,260
2019160N11073,2019,VAYU,2019-06-14 21:00:00,TS,20.7,67.7,65.0,978.0,4,255
2019160N11073,2019,VAYU,2019-06-15 00:00:00,TS,20.7,67.5,65.0,978.0,3,250
2019160N11073,2019,VAYU,2019-06-15 03:00:00,TS,20.6,67.3,65.0,979.0,6,265
2019160N11073,2019,VAYU,2019-06-15 06:00:00,TS,20.6,66.9,65.0,979.0,6,270
2019160N11073,2019,VAYU,2019-06-15 09:00:00,TS,20.6,66.7,65.0,980.0,5,275
2019160N11073,2019,VAYU,2019-06-15 12:00:00,TS,20.7,66.4,65.0,980.0,4,280
2019160N11073,2019,VAYU,2019-06-15 15:00:00,TS,20.7,66.2,65.0,980.0,4,275
2019160N11073,2019,VAYU,2019-06-15 18:00:00,TS,20.7,66.0,65.0,981.0,4,280
2019160N11073,2019,VAYU,2019-06-15 21:00:00,TS,20.7,65.8,65.0,981.0,5,275
2019160N11073,2019,VAYU,2019-06-16 00:00:00,TS,20.8,65.5,60.0,983.0,5,275
2019160N11073,2019,VAYU,2019-06-16 03:00:00,TS,20.8,65.2,55.0,985.0,3,280
2019160N11073,2019,VAYU,2019-06-16 06:00:00,TS,20.8,65.1,55.0,985.0,1,250
2019160N11073,2019,VAYU,2019-06-16 09:00:00,TS,20.7,65.1,55.0,986.0,1,135
2019160N11073,2019,VAYU,2019-06-16 12:00:00,TS,20.8,65.2,50.0,988.0,5,80
2019160N11073,2019,VAYU,2019-06-16 15:00:00,TS,20.8,65.6,45.0,990.0,9,70
2019160N11073,2019,VAYU,2019-06-16 18:00:00,TS,21.1,66.1,40.0,992.0,9,55
2019160N11073,2019,VAYU,2019-06-16 21:00:00,TS,21.4,66.4,40.0,993.0,8,45
2019160N11073,2019,VAYU,2019-06-17 00:00:00,TS,21.7,66.6,35.0,995.0,6,40
2019160N11073,2019,VAYU,2019-06-17 03:00:00,TS,21.8,66.8,30.0,996.0,4,50
2019160N11073,2019,VAYU,2019-06-17 06:00:00,TS,21.9,67.0,30.0,997.0,7,55
2019160N11073,2019,VAYU,2019-06-17 09:00:00,TS,22.2,67.4,25.0,998.0,10,55
2019160N11073,2019,VAYU,2019-06-17 12:00:00,TS,22.5,67.9,20.0,998.0,9,45
2019160N11073,2019,VAYU,2019-06-17 15:00:00,TS,22.8,68.1,,,7,35
2019160N11073,2019,VAYU,2019-06-17 18:00:00,DS,23.1,68.3,,,6,50
2019160N11073,2019,VAYU,2019-06-17 21:00:00,DS,23.2,68.6,,,7,80
2019160N11073,2019,VAYU,2019-06-18 00:00:00,DS,23.2,69.0,,,9,95
2019160N11073,2019,VAYU,2019-06-18 03:00:00,DS,23.1,69.6,,,11,100
2019160N11073,2019,VAYU,2019-06-18 06:00:00,DS,23.0,70.2,,,12,100
2019218N21088,2019,UNNAMED,2019-08-06 03:00:00,TS,20.5,88.0,25.0,990.0,0,0
2019218N21088,2019,UNNAMED,2019-08-06 06:00:00,TS,20.5,88.0,25.0,990.0,1,315
2019218N21088,2019,UNNAMED,2019-08-06 09:00:00,TS,20.6,87.9,25.0,990.0,3,315
2019218N21088,2019,UNNAMED,2019-08-06 12:00:00,TS,20.7,87.8,25.0,990.0,3,310
2019218N21088,2019,UNNAMED,2019-08-06 15:00:00,TS,20.7,87.7,25.0,990.0,2,300
2019218N21088,2019,UNNAMED,2019-08-06 18:00:00,TS,20.8,87.6,25.0,990.0,3,305
2019218N21088,2019,UNNAMED,2019-08-06 21:00:00,TS,20.9,87.5,28.0,989.0,3,315
2019218N21088,2019,UNNAMED,2019-08-07 00:00:00,TS,21.0,87.4,30.0,988.0,2,340
2019218N21088,2019,UNNAMED,2019-08-07 03:00:00,TS,21.1,87.4,30.0,988.0,3,315
2019218N21088,2019,UNNAMED,2019-08-07 06:00:00,TS,21.2,87.2,30.0,988.0,6,310
2019218N21088,2019,UNNAMED,2019-08-07 09:00:00,TS,21.5,86.9,30.0,988.0,10,315
2019218N21088,2019,UNNAMED,2019-08-07 12:00:00,TS,21.9,86.5,30.0,988.0,10,310
2019218N21088,2019,UNNAMED,2019-08-07 15:00:00,TS,22.2,86.1,30.0,988.0,10,300
2019218N21088,2019,UNNAMED,2019-08-07 18:00:00,TS,22.4,85.6,30.0,988.0,12,290
2019218N21088,2019,UNNAMED,2019-08-07 21:00:00,TS,22.6,84.9,28.0,994.0,15,285
2019218N21088,2019,UNNAMED,2019-08-08 00:00:00,TS,22.8,84.0,25.0,999.0,19,280
2019218N21088,2019,UNNAMED,2019-08-08 03:00:00,TS,23.0,82.9,25.0,999.0,20,285
2019218N21088,2019,UNNAMED,2019-08-08 06:00:00,TS,23.4,81.9,25.0,999.0,19,290
2019218N21088,2019,UNNAMED,2019-08-08 09:00:00,TS,23.6,80.9,25.0,999.0,16,275
2019218N21088,2019,UNNAMED,2019-08-08 12:00:00,TS,23.6,80.2,25.0,999.0,9,270
2019218N21088,2019,UNNAMED,2019-08-08 15:00:00,TS,23.6,80.0,25.0,1000.0,4,270
2019218N21088,2019,UNNAMED,2019-08-08 18:00:00,TS,23.6,79.8,25.0,1000.0,5,265
2019218N21088,2019,UNNAMED,2019-08-08 21:00:00,TS,23.6,79.4,25.0,1000.0,11,270
2019218N21088,2019,UNNAMED,2019-08-09 00:00:00,TS,23.6,78.6,25.0,1000.0,19,275
2019218N21088,2019,UNNAMED,2019-08-09 03:00:00,TS,23.8,77.3,25.0,1000.0,23,280
2019218N21088,2019,UNNAMED,2019-08-09 06:00:00,TS,24.0,76.1,25.0,1000.0,22,280
2019264N19071,2019,HIKAA:HIKKA,2019-09-20 18:00:00,DS,19.3,71.3,,,5,240
2019264N19071,2019,HIKAA:HIKKA,2019-09-20 21:00:00,DS,19.2,71.1,,,4,240
2019264N19071,2019,HIKAA:HIKKA,2019-09-21 00:00:00,DS,19.1,70.9,,,3,250
2019264N19071,2019,HIKAA:HIKKA,2019-09-21 03:00:00,DS,19.1,70.7,,,3,270
2019264N19071,2019,HIKAA:HIKKA,2019-09-21 06:00:00,DS,19.1,70.6,,,3,285
2019264N19071,2019,HIKAA:HIKKA,2019-09-21 09:00:00,DS,19.1,70.5,,,3,290
2019264N19071,2019,HIKAA:HIKKA,2019-09-21 12:00:00,DS,19.2,70.3,,,3,285
2019264N19071,2019,HIKAA:HIKKA,2019-09-21 15:00:00,DS,19.2,70.1,,,4,285
2019264N19071,2019,HIKAA:HIKKA,2019-09-21 18:00:00,DS,19.3,69.9,,,4,300
2019264N19071,2019,HIKAA:HIKKA,2019-09-21 21:00:00,DS,19.4,69.7,,,5,310
2019264N19071,2019,HIKAA:HIKKA,2019-09-22 00:00:00,TS,19.6,69.5,,,6,310
2019264N19071,2019,HIKAA:HIKKA,2019-09-22 03:00:00,TS,19.8,69.2,25.0,1002.0,7,305
2019264N19071,2019,HIKAA:HIKKA,2019-09-22 06:00:00,TS,20.0,68.9,25.0,1000.0,8,305
2019264N19071,2019,HIKAA:HIKKA,2019-09-22 09:00:00,TS,20.2,68.5,28.0,1000.0,8,300
2019264N19071,2019,HIKAA:HIKKA,2019-09-22 12:00:00,TS,20.4,68.1,30.0,999.0,9,285
2019264N19071,2019,HIKAA:HIKKA,2019-09-22 15:00:00,TS,20.5,67.6,30.0,999.0,9,275
2019264N19071,2019,HIKAA:HIKKA,2019-09-22 18:00:00,TS,20.4,67.1,30.0,998.0,10,265
2019264N19071,2019,HIKAA:HIKKA,2019-09-22 21:00:00,TS,20.4,66.6,33.0,998.0,10,265
2019264N19071,2019,HIKAA:HIKKA,2019-09-23 00:00:00,TS,20.4,66.1,35.0,997.0,10,265
2019264N19071,2019,HIKAA:HIKKA,2019-09-23 03:00:00,TS,20.3,65.5,40.0,996.0,11,265
2019264N19071,2019,HIKAA:HIKKA,2019-09-23 06:00:00,TS,20.3,64.9,45.0,994.0,13,265
2019264N19071,2019,HIKAA:HIKKA,2019-09-23 09:00:00,TS,20.2,64.1,55.0,988.0,12,270
2019264N19071,2019,HIKAA:HIKKA,2019-09-23 12:00:00,TS,20.2,63.6,55.0,988.0,12,270
2019264N19071,2019,HIKAA:HIKKA,2019-09-23 15:00:00,TS,20.2,62.9,55.0,988.0,12,270
2019264N19071,2019,HIKAA:HIKKA,2019-09-23 18:00:00,TS,20.2,62.3,60.0,986.0,13,270
2019264N19071,2019,HIKAA:HIKKA,2019-09-23 21:00:00,TS,20.2,61.6,60.0,986.0,13,265
2019264N19071,2019,HIKAA:HIKKA,2019-09-24 00:00:00,TS,20.1,61.0,70.0,980.0,12,265
2019264N19071,2019,HIKAA:HIKKA,2019-09-24 03:00:00,TS,20.1,60.3,75.0,978.0,13,265
2019264N19071,2019,HIKAA:HIKKA,2019-09-24 06:00:00,TS,20.0,59.6,75.0,978.0,13,260
2019264N19071,2019,HIKAA:HIKKA,2019-09-24 09:00:00,TS,19.9,58.9,75.0,978.0,12,260
2019264N19071,2019,HIKAA:HIKKA,2019-09-24 12:00:00,TS,19.8,58.3,75.0,978.0,12,260
2019264N19071,2019,HIKAA:HIKKA,2019-09-24 15:00:00,TS,19.7,57.6,60.0,986.0,12,265
2019264N19071,2019,HIKAA:HIKKA,2019-09-24 18:00:00,TS,19.7,57.1,55.0,989.0,10,265
2019264N19071,2019,HIKAA:HIKKA,2019-09-24 21:00:00,TS,19.6,56.5,45.0,994.0,10,265
2019264N19071,2019,HIKAA:HIKKA,2019-09-25 00:00:00,TS,19.6,56.0,35.0,997.0,10,260
2019264N19071,2019,HIKAA:HIKKA,2019-09-25 03:00:00,TS,19.4,55.5,30.0,999.0,10,245
2019264N19071,2019,HIKAA:HIKKA,2019-09-25 06:00:00,TS,19.2,55.0,25.0,1002.0,10,255
2019264N19071,2019,HIKAA:HIKKA,2019-09-25 09:00:00,TS,19.2,54.5,,,9,270
2019264N19071,2019,HIKAA:HIKKA,2019-09-25 12:00:00,TS,19.2,54.0,,,11,265
2019264N19071,2019,HIKAA:HIKKA,2019-09-25 15:00:00,TS,19.1,53.4,,,12,260
2019264N19071,2019,HIKAA:HIKKA,2019-09-25 18:00:00,DS,19.0,52.8,,,11,260
2019264N19071,2019,HIKAA:HIKKA,2019-09-25 21:00:00,DS,18.9,52.3,,,10,265
2019264N19071,2019,HIKAA:HIKKA,2019-09-26 00:00:00,DS,18.9,51.7,,,11,265
2019264N19071,2019,HIKAA:HIKKA,2019-09-26 03:00:00,DS,18.9,51.1,,,11,265
2019264N19071,2019,HIKAA:HIKKA,2019-09-26 06:00:00,DS,18.8,50.5,,,12,265
2019273N23070,2019,UNNAMED,2019-09-29 12:00:00,TS,23.1,70.2,25.0,1002.0,1,0
2019273N23070,2019,UNNAMED,2019-09-29 15:00:00,TS,23.1,70.2,25.0,1002.0,0,0
2019273N23070,2019,UNNAMED,2019-09-29 18:00:00,TS,23.1,70.2,25.0,1002.0,1,85
2019273N23070,2019,UNNAMED,2019-09-29 21:00:00,TS,23.1,70.3,25.0,1002.0,3,70
2019273N23070,2019,UNNAMED,2019-09-30 00:00:00,TS,23.2,70.5,25.0,1002.0,5,50
2019273N23070,2019,UNNAMED,2019-09-30 03:00:00,TS,23.4,70.7,25.0,1002.0,8,70
2019273N23070,2019,UNNAMED,2019-09-30 06:00:00,TS,23.5,71.3,25.0,1002.0,9,85
2019273N23070,2019,UNNAMED,2019-09-30 09:00:00,TS,23.5,71.6,25.0,1002.0,6,90
2019273N23070,2019,UNNAMED,2019-09-30 12:00:00,TS,23.5,71.9,25.0,1002.0,5,85
2019273N23070,2019,UNNAMED,2019-09-30 15:00:00,TS,23.6,72.2,25.0,1002.0,8,75
2019273N23070,2019,UNNAMED,2019-09-30 18:00:00,TS,23.7,72.7,25.0,1002.0,10,75
2019273N23070,2019,UNNAMED,2019-09-30 21:00:00,TS,23.8,73.3,25.0,1002.0,13,75
2019273N23070,2019,UNNAMED,2019-10-01 00:00:00,TS,24.0,74.1,25.0,1002.0,14,75
2019296N15066,2019,KYAAR:KYARR,2019-10-22 18:00:00,DS,14.7,66.4,,,9,60
2019296N15066,2019,KYAAR:KYARR,2019-10-22 21:00:00,DS,14.9,66.8,,,9,65
2019296N15066,2019,KYAAR:KYARR,2019-10-23 00:00:00,DS,15.1,67.2,,,9,70
2019296N15066,2019,KYAAR:KYARR,2019-10-23 03:00:00,DS,15.2,67.6,,,9,75
2019296N15066,2019,KYAAR:KYARR,2019-10-23 06:00:00,DS,15.3,68.1,,,9,75
2019296N15066,2019,KYAAR:KYARR,2019-10-23 09:00:00,DS,15.4,68.5,,,9,75
2019296N15066,2019,KYAAR:KYARR,2019-10-23 12:00:00,DS,15.5,69.0,,,10,80
2019296N15066,2019,KYAAR:KYARR,2019-10-23 15:00:00,DS,15.6,69.6,,,11,85
2019296N15066,2019,KYAAR:KYARR,2019-10-23 18:00:00,TS,15.6,70.1,,,7,90
2019296N15066,2019,KYAAR:KYARR,2019-10-23 21:00:00,TS,15.6,70.4,,,4,105
2019296N15066,2019,KYAAR:KYARR,2019-10-24 00:00:00,TS,15.5,70.5,,,4,140
2019296N15066,2019,KYAAR:KYARR,2019-10-24 03:00:00,TS,15.3,70.6,25.0,1000.0,3,150
2019296N15066,2019,KYAAR:KYARR,2019-10-24 06:00:00,TS,15.2,70.7,25.0,1000.0,2,85
2019296N15066,2019,KYAAR:KYARR,2019-10-24 09:00:00,TS,15.3,70.8,28.0,999.0,4,50
2019296N15066,2019,KYAAR:KYARR,2019-10-24 12:00:00,TS,15.5,71.0,30.0,998.0,4,60
2019296N15066,2019,KYAAR:KYARR,2019-10-24 15:00:00,TS,15.5,71.1,30.0,998.0,4,75
2019296N15066,2019,KYAAR:KYARR,2019-10-24 18:00:00,TS,15.6,71.3,30.0,997.0,3,65
2019296N15066,2019,KYAAR:KYARR,2019-10-24 21:00:00,TS,15.6,71.4,35.0,997.0,3,50
2019296N15066,2019,KYAAR:KYARR,2019-10-25 00:00:00,TS,15.8,71.6,40.0,996.0,3,45
2019296N15066,2019,KYAAR:KYARR,2019-10-25 03:00:00,TS,15.9,71.7,40.0,996.0,3,45
2019296N15066,2019,KYAAR:KYARR,2019-10-25 06:00:00,TS,16.0,71.8,45.0,994.0,3,30
2019296N15066,2019,KYAAR:KYARR,2019-10-25 09:00:00,TS,16.1,71.8,45.0,994.0,3,0
2019296N15066,2019,KYAAR:KYARR,2019-10-25 12:00:00,TS,16.3,71.8,50.0,992.0,2,335
2019296N15066,2019,KYAAR:KYARR,2019-10-25 15:00:00,TS,16.3,71.7,55.0,991.0,4,300
2019296N15066,2019,KYAAR:KYARR,2019-10-25 18:00:00,TS,16.5,71.5,55.0,990.0,6,290
2019296N15066,2019,KYAAR:KYARR,2019-10-25 21:00:00,TS,16.5,71.1,60.0,988.0,7,280
2019296N15066,2019,KYAAR:KYARR,2019-10-26 00:00:00,TS,16.6,70.8,65.0,984.0,7,275
2019296N15066,2019,KYAAR:KYARR,2019-10-26 03:00:00,TS,16.6,70.4,65.0,984.0,7,275
2019296N15066,2019,KYAAR:KYARR,2019-10-26 06:00:00,TS,16.6,70.0,75.0,978.0,7,270
2019296N15066,2019,KYAAR:KYARR,2019-10-26 09:00:00,TS,16.6,69.7,80.0,974.0,6,280
2019296N15066,2019,KYAAR:KYARR,2019-10-26 12:00:00,TS,16.7,69.4,85.0,970.0,6,280
2019296N15066,2019,KYAAR:KYARR,2019-10-26 15:00:00,TS,16.7,69.1,90.0,966.0,5,280
2019296N15066,2019,KYAAR:KYARR,2019-10-26 18:00:00,TS,16.8,68.9,105.0,950.0,6,285
2019296N15066,2019,KYAAR:KYARR,2019-10-26 21:00:00,TS,16.9,68.5,110.0,946.0,7,285
2019296N15066,2019,KYAAR:KYARR,2019-10-27 00:00:00,TS,17.0,68.2,120.0,934.0,7,290
2019296N15066,2019,KYAAR:KYARR,2019-10-27 03:00:00,TS,17.1,67.8,125.0,928.0,8,290
2019296N15066,2019,KYAAR:KYARR,2019-10-27 06:00:00,TS,17.3,67.4,125.0,928.0,7,290
2019296N15066,2019,KYAAR:KYARR,2019-10-27 09:00:00,TS,17.4,67.1,130.0,922.0,6,295
2019296N15066,2019,KYAAR:KYARR,2019-10-27 12:00:00,TS,17.5,66.8,130.0,922.0,6,290
2019296N15066,2019,KYAAR:KYARR,2019-10-27 15:00:00,TS,17.6,66.5,130.0,922.0,6,305
2019296N15066,2019,KYAAR:KYARR,2019-10-27 18:00:00,TS,17.8,66.3,130.0,922.0,8,300
2019296N15066,2019,KYAAR:KYARR,2019-10-27 21:00:00,TS,18.0,65.8,125.0,926.0,8,290
2019296N15066,2019,KYAAR:KYARR,2019-10-28 00:00:00,TS,18.2,65.5,125.0,928.0,7,285
2019296N15066,2019,KYAAR:KYARR,2019-10-28 03:00:00,TS,18.2,65.1,125.0,928.0,7,285
2019296N15066,2019,KYAAR:KYARR,2019-10-28 06:00:00,TS,18.3,64.8,125.0,928.0,5,290
2019296N15066,2019,KYAAR:KYARR,2019-10-28 09:00:00,TS,18.4,64.5,125.0,928.0,4,300
2019296N15066,2019,KYAAR:KYARR,2019-10-28 12:00:00,TS,18.5,64.4,125.0,928.0,5,305
2019296N15066,2019,KYAAR:KYARR,2019-10-28 15:00:00,TS,18.7,64.1,125.0,928.0,5,310
2019296N15066,2019,KYAAR:KYARR,2019-10-28 18:00:00,TS,18.8,64.0,125.0,930.0,4,305
2019296N15066,2019,KYAAR:KYARR,2019-10-28 21:00:00,TS,18.9,63.8,125.0,930.0,5,310
2019296N15066,2019,KYAAR:KYARR,2019-10-29 00:00:00,TS,19.1,63.6,120.0,934.0,5,310
2019296N15066,2019,KYAAR:KYARR,2019-10-29 03:00:00,TS,19.2,63.4,115.0,940.0,4,315
2019296N15066,2019,KYAAR:KYARR,2019-10-29 06:00:00,TS,19.4,63.3,110.0,946.0,4,310
2019296N15066,2019,KYAAR:KYARR,2019-10-29 09:00:00,TS,19.5,63.1,105.0,950.0,2,310
2019296N15066,2019,KYAAR:KYARR,2019-10-29 12:00:00,TS,19.6,63.1,100.0,956.0,2,295
2019296N15066,2019,KYAAR:KYARR,2019-10-29 15:00:00,TS,19.6,62.9,100.0,956.0,3,280
2019296N15066,2019,KYAAR:KYARR,2019-10-29 18:00:00,TS,19.6,62.8,95.0,960.0,3,275
2019296N15066,2019,KYAAR:KYARR,2019-10-29 21:00:00,TS,19.6,62.5,90.0,966.0,5,265
2019296N15066,2019,KYAAR:KYARR,2019-10-30 00:00:00,TS,19.6,62.3,85.0,970.0,5,255
2019296N15066,2019,KYAAR:KYARR,2019-10-30 03:00:00,TS,19.5,62.1,80.0,974.0,5,240
2019296N15066,2019,KYAAR:KYARR,2019-10-30 06:00:00,TS,19.3,61.8,75.0,978.0,5,230
2019296N15066,2019,KYAAR:KYARR,2019-10-30 09:00:00,TS,19.2,61.6,70.0,982.0,5,225
2019296N15066,2019,KYAAR:KYARR,2019-10-30 12:00:00,TS,18.9,61.4,65.0,984.0,6,240
2019296N15066,2019,KYAAR:KYARR,2019-10-30 15:00:00,TS,18.9,61.1,60.0,988.0,6,245
2019296N15066,2019,KYAAR:KYARR,2019-10-30 18:00:00,TS,18.7,60.8,55.0,990.0,6,235
2019296N15066,2019,KYAAR:KYARR,2019-10-30 21:00:00,TS,18.5,60.5,55.0,991.0,6,225
2019296N15066,2019,KYAAR:KYARR,2019-10-31 00:00:00,TS,18.3,60.4,50.0,994.0,7,220
2019296N15066,2019,KYAAR:KYARR,2019-10-31 03:00:00,TS,18.0,60.1,45.0,996.0,7,210
2019296N15066,2019,KYAAR:KYARR,2019-10-31 06:00:00,TS,17.7,60.0,40.0,998.0,5,200
2019296N15066,2019,KYAAR:KYARR,2019-10-31 09:00:00,TS,17.5,59.9,40.0,998.0,3,205
2019296N15066,2019,KYAAR:KYARR,2019-10-31 12:00:00,TS,17.4,59.9,35.0,999.0,4,220
2019296N15066,2019,KYAAR:KYARR,2019-10-31 15:00:00,TS,17.2,59.7,30.0,1001.0,6,205
2019296N15066,2019,KYAAR:KYARR,2019-10-31 18:00:00,TS,16.9,59.6,30.0,1001.0,5,195
2019296N15066,2019,KYAAR:KYARR,2019-10-31 21:00:00,TS,16.7,59.5,30.0,1001.0,5,215
2019296N15066,2019,KYAAR:KYARR,2019-11-01 00:00:00,TS,16.5,59.3,25.0,1002.0,7,225
2019296N15066,2019,KYAAR:KYARR,2019-11-01 03:00:00,TS,16.2,59.0,25.0,1002.0,8,235
2019296N15066,2019,KYAAR:KYARR,2019-11-01 06:00:00,TS,16.0,58.6,25.0,1002.0,9,235
2019296N15066,2019,KYAAR:KYARR,2019-11-01 09:00:00,TS,15.7,58.2,25.0,1002.0,11,240
2019296N15066,2019,KYAAR:KYARR,2019-11-01 12:00:00,TS,15.4,57.6,25.0,1002.0,11,225
2019296N15066,2019,KYAAR:KYARR,2019-11-01 15:00:00,TS,14.9,57.4,25.0,1002.0,11,205
2019296N15066,2019,KYAAR:KYARR,2019-11-01 18:00:00,TS,14.4,57.1,25.0,1002.0,12,220
2019296N15066,2019,KYAAR:KYARR,2019-11-01 21:00:00,TS,14.0,56.6,25.0,1002.0,12,235
2019296N15066,2019,KYAAR:KYARR,2019-11-02 00:00:00,TS,13.8,56.1,25.0,1002.0,14,250
2019296N15066,2019,KYAAR:KYARR,2019-11-02 03:00:00,TS,13.6,55.2,25.0,1003.0,18,255
2019296N15066,2019,KYAAR:KYARR,2019-11-02 06:00:00,TS,13.3,54.3,25.0,1003.0,16,245
2019296N15066,2019,KYAAR:KYARR,2019-11-02 09:00:00,TS,12.9,53.8,25.0,1003.0,14,245
2019296N15066,2019,KYAAR:KYARR,2019-11-02 12:00:00,TS,12.6,53.0,20.0,1003.0,17,240
2019296N15066,2019,KYAAR:KYARR,2019-11-02 15:00:00,MX,12.1,52.3,20.0,1003.0,19,215
2019296N15066,2019,KYAAR:KYARR,2019-11-02 18:00:00,DS,11.1,51.9,,,18,190
2019296N15066,2019,KYAAR:KYARR,2019-11-02 21:00:00,DS,10.3,51.9,,,13,170
2019296N15066,2019,KYAAR:KYARR,2019-11-03 00:00:00,DS,9.8,52.1,,,9,165
2019296N15066,2019,KYAAR:KYARR,2019-11-03 03:00:00,DS,9.5,52.2,,,6,170
2019296N15066,2019,KYAAR:KYARR,2019-11-03 06:00:00,DS,9.2,52.2,,,5,175
2019301N05081,2019,MAHA,2019-10-28 06:00:00,DS,4.9,81.2,,,12,265
2019301N05081,2019,MAHA,2019-10-28 09:00:00,DS,4.9,80.6,,,12,265
2019301N05081,2019,MAHA,2019-10-28 12:00:00,DS,4.8,80.0,,,12,260
2019301N05081,2019,MAHA,2019-10-28 15:00:00,DS,4.7,79.4,,,12,260
2019301N05081,2019,MAHA,2019-10-28 18:00:00,DS,4.6,78.8,,,13,260
2019301N05081,2019,MAHA,2019-10-28 21:00:00,DS,4.5,78.1,,,13,265
2019301N05081,2019,MAHA,2019-10-29 00:00:00,DS,4.5,77.5,,,11,285
2019301N05081,2019,MAHA,2019-10-29 03:00:00,DS,4.7,77.1,,,9,310
2019301N05081,2019,MAHA,2019-10-29 06:00:00,TS,5.1,76.8,,,8,340
2019301N05081,2019,MAHA,2019-10-29 09:00:00,TS,5.5,76.8,,,8,0
2019301N05081,2019,MAHA,2019-10-29 12:00:00,TS,5.9,76.8,,,8,350
2019301N05081,2019,MAHA,2019-10-29 15:00:00,TS,6.3,76.7,,,9,335
2019301N05081,2019,MAHA,2019-10-29 18:00:00,TS,6.7,76.4,,,11,325
2019301N05081,2019,MAHA,2019-10-29 21:00:00,TS,7.1,76.0,,,10,315
2019301N05081,2019,MAHA,2019-10-30 00:00:00,TS,7.4,75.7,25.0,1003.0,13,315
2019301N05081,2019,MAHA,2019-10-30 03:00:00,TS,8.0,75.1,25.0,1003.0,12,320
2019301N05081,2019,MAHA,2019-10-30 06:00:00,TS,8.3,74.9,25.0,1002.0,10,320
2019301N05081,2019,MAHA,2019-10-30 09:00:00,TS,8.7,74.5,30.0,1001.0,12,325
2019301N05081,2019,MAHA,2019-10-30 12:00:00,TS,9.3,74.1,35.0,1000.0,12,325
2019301N05081,2019,MAHA,2019-10-30 15:00:00,TS,9.8,73.8,40.0,998.0,13,325
2019301N05081,2019,MAHA,2019-10-30 18:00:00,TS,10.3,73.4,40.0,998.0,11,330
2019301N05081,2019,MAHA,2019-10-30 21:00:00,TS,10.7,73.3,40.0,998.0,8,350
2019301N05081,2019,MAHA,2019-10-31 00:00:00,TS,11.1,73.3,45.0,996.0,9,350
2019301N05081,2019,MAHA,2019-10-31 03:00:00,TS,11.6,73.1,45.0,996.0,10,350
2019301N05081,2019,MAHA,2019-10-31 06:00:00,TS,12.0,73.1,50.0,994.0,9,0
2019301N05081,2019,MAHA,2019-10-31 09:00:00,TS,12.5,73.1,50.0,994.0,10,350
2019301N05081,2019,MAHA,2019-10-31 12:00:00,TS,13.0,72.9,50.0,992.0,11,330
2019301N05081,2019,MAHA,2019-10-31 15:00:00,TS,13.5,72.6,55.0,990.0,11,325
2019301N05081,2019,MAHA,2019-10-31 18:00:00,TS,13.9,72.3,55.0,990.0,9,315
2019301N05081,2019,MAHA,2019-10-31 21:00:00,TS,14.1,72.0,55.0,990.0,10,315
2019301N05081,2019,MAHA,2019-11-01 00:00:00,TS,14.6,71.6,55.0,990.0,12,305
2019301N05081,2019,MAHA,2019-11-01 03:00:00,TS,14.8,70.9,55.0,990.0,12,295
2019301N05081,2019,MAHA,2019-11-01 06:00:00,TS,15.2,70.4,55.0,990.0,10,300
2019301N05081,2019,MAHA,2019-11-01 09:00:00,TS,15.3,70.0,55.0,990.0,8,295
2019301N05081,2019,MAHA,2019-11-01 12:00:00,TS,15.5,69.7,50.0,992.0,7,295
2019301N05081,2019,MAHA,2019-11-01 15:00:00,TS,15.7,69.4,50.0,992.0,6,305
2019301N05081,2019,MAHA,2019-11-01 18:00:00,TS,15.9,69.1,50.0,992.0,6,310
2019301N05081,2019,MAHA,2019-11-01 21:00:00,TS,16.0,68.9,50.0,992.0,6,300
2019301N05081,2019,MAHA,2019-11-02 00:00:00,TS,16.2,68.6,50.0,992.0,6,300
2019301N05081,2019,MAHA,2019-11-02 03:00:00,TS,16.3,68.4,50.0,992.0,6,315
2019301N05081,2019,MAHA,2019-11-02 06:00:00,TS,16.6,68.2,50.0,992.0,7,315
2019301N05081,2019,MAHA,2019-11-02 09:00:00,TS,16.8,67.9,50.0,992.0,7,310
2019301N05081,2019,MAHA,2019-11-02 12:00:00,TS,17.0,67.6,55.0,990.0,6,300
2019301N05081,2019,MAHA,2019-11-02 15:00:00,TS,17.1,67.3,55.0,990.0,6,290
2019301N05081,2019,MAHA,2019-11-02 18:00:00,TS,17.2,67.1,60.0,988.0,5,305
2019301N05081,2019,MAHA,2019-11-02 21:00:00,TS,17.4,66.8,60.0,988.0,5,305
2019301N05081,2019,MAHA,2019-11-03 00:00:00,TS,17.5,66.6,60.0,988.0,4,285
2019301N05081,2019,MAHA,2019-11-03 03:00:00,TS,17.5,66.4,60.0,988.0,4,275
2019301N05081,2019,MAHA,2019-11-03 06:00:00,TS,17.6,66.2,60.0,988.0,5,280
2019301N05081,2019,MAHA,2019-11-03 09:00:00,TS,17.6,65.9,65.0,984.0,5,285
2019301N05081,2019,MAHA,2019-11-03 12:00:00,TS,17.7,65.7,70.0,982.0,4,300
2019301N05081,2019,MAHA,2019-11-03 15:00:00,TS,17.8,65.5,75.0,978.0,4,300
2019301N05081,2019,MAHA,2019-11-03 18:00:00,TS,17.9,65.4,80.0,974.0,5,290
2019301N05081,2019,MAHA,2019-11-03 21:00:00,TS,18.0,65.1,85.0,970.0,5,295
2019301N05081,2019,MAHA,2019-11-04 00:00:00,TS,18.1,64.9,90.0,966.0,5,305
2019301N05081,2019,MAHA,2019-11-04 03:00:00,TS,18.3,64.6,90.0,966.0,7,315
2019301N05081,2019,MAHA,2019-11-04 06:00:00,TS,18.6,64.4,90.0,966.0,5,320
2019301N05081,2019,MAHA,2019-11-04 09:00:00,TS,18.7,64.2,95.0,962.0,4,330
2019301N05081,2019,MAHA,2019-11-04 12:00:00,TS,18.9,64.1,100.0,956.0,6,325
2019301N05081,2019,MAHA,2019-11-04 15:00:00,TS,19.2,63.9,100.0,956.0,6,315
2019301N05081,2019,MAHA,2019-11-04 18:00:00,TS,19.3,63.7,100.0,956.0,4,305
2019301N05081,2019,MAHA,2019-11-04 21:00:00,TS,19.4,63.6,100.0,956.0,3,315
2019301N05081,2019,MAHA,2019-11-05 00:00:00,TS,19.5,63.5,90.0,966.0,2,340
2019301N05081,2019,MAHA,2019-11-05 03:00:00,TS,19.6,63.5,85.0,970.0,2,25
2019301N05081,2019,MAHA,2019-11-05 06:00:00,TS,19.7,63.6,80.0,974.0,3,60
2019301N05081,2019,MAHA,2019-11-05 09:00:00,TS,19.7,63.7,80.0,974.0,4,80
2019301N05081,2019,MAHA,2019-11-05 12:00:00,TS,19.8,64.0,70.0,982.0,5,90
2019301N05081,2019,MAHA,2019-11-05 15:00:00,TS,19.8,64.3,70.0,982.0,8,90
2019301N05081,2019,MAHA,2019-11-05 18:00:00,TS,19.8,64.8,70.0,982.0,9,90
2019301N05081,2019,MAHA,2019-11-05 21:00:00,TS,19.8,65.3,70.0,982.0,8,90
2019301N05081,2019,MAHA,2019-11-06 00:00:00,TS,19.8,65.6,60.0,988.0,7,90
2019301N05081,2019,MAHA,2019-11-06 03:00:00,TS,19.7,66.0,55.0,990.0,7,100
2019301N05081,2019,MAHA,2019-11-06 06:00:00,TS,19.7,66.4,50.0,994.0,8,100
2019301N05081,2019,MAHA,2019-11-06 09:00:00,TS,19.6,66.9,50.0,994.0,11,95
2019301N05081,2019,MAHA,2019-11-06 12:00:00,TS,19.6,67.5,45.0,996.0,11,90
2019301N05081,2019,MAHA,2019-11-06 15:00:00,TS,19.6,68.1,40.0,998.0,9,95
2019301N05081,2019,MAHA,2019-11-06 18:00:00,TS,19.6,68.5,40.0,998.0,9,90
2019301N05081,2019,MAHA,2019-11-06 21:00:00,TS,19.6,69.0,35.0,1000.0,11,80
2019301N05081,2019,MAHA,2019-11-07 00:00:00,TS,19.7,69.6,30.0,1003.0,10,70
2019301N05081,2019,MAHA,2019-11-07 03:00:00,TS,19.9,70.1,30.0,1003.0,8,65
2019301N05081,2019,MAHA,2019-11-07 06:00:00,TS,20.1,70.4,25.0,1005.0,7,70
2019301N05081,2019,MAHA,2019-11-07 09:00:00,TS,20.2,70.8,20.0,1005.0,9,80
2019301N05081,2019,MAHA,2019-11-07 12:00:00,TS,20.2,71.3,,,9,80
2019301N05081,2019,MAHA,2019-11-07 15:00:00,TS,20.3,71.7,,,7,75
2019301N05081,2019,MAHA,2019-11-07 18:00:00,TS,20.4,72.0,,,5,90
2019301N05081,2019,MAHA,2019-11-07 21:00:00,TS,20.3,72.2,,,3,125
2019301N05081,2019,MAHA,2019-11-08 00:00:00,TS,20.2,72.3,,,3,135
2019301N05081,2019,MAHA,2019-11-08 03:00:00,TS,20.1,72.4,,,2,120
2019301N05081,2019,MAHA,2019-11-08 06:00:00,TS,20.1,72.5,,,1,55
2019301N05081,2019,MAHA,2019-11-08 09:00:00,TS,20.2,72.5,,,2,10
2019301N05081,2019,MAHA,2019-11-08 12:00:00,TS,20.3,72.5,,,2,315
2019301N05081,2019,MAHA,2019-11-08 15:00:00,TS,20.3,72.4,,,2,270
2019301N05081,2019,MAHA,2019-11-08 18:00:00,TS,20.3,72.3,,,1,240
2019301N05081,2019,MAHA,2019-11-08 21:00:00,TS,20.3,72.3,,,1,0
2019301N05081,2019,MAHA,2019-11-09 00:00:00,TS,20.2,72.3,,,3,215
2019301N05081,2019,MAHA,2019-11-09 03:00:00,TS,20.1,72.1,,,5,230
2019301N05081,2019,MAHA,2019-11-09 06:00:00,DS,19.9,71.9,,,5,245
2019301N05081,2019,MAHA,2019-11-09 09:00:00,DS,19.8,71.7,,,5,260
2019301N05081,2019,MAHA,2019-11-09 12:00:00,DS,19.8,71.4,,,5,245
2019301N05081,2019,MAHA,2019-11-09 15:00:00,DS,19.7,71.2,,,6,235
2019301N05081,2019,MAHA,2019-11-09 18:00:00,DS,19.5,70.9,,,7,245
2019301N05081,2019,MAHA,2019-11-09 21:00:00,DS,19.4,70.5,,,8,255
2019301N05081,2019,MAHA,2019-11-10 00:00:00,DS,19.3,70.1,,,8,260
2019301N05081,2019,MAHA,2019-11-10 03:00:00,DS,19.2,69.7,,,8,260
2019301N05081,2019,MAHA,2019-11-10 06:00:00,DS,19.2,69.3,,,8,260
2019301N05081,2019,MAHA,2019-11-10 09:00:00,DS,19.1,68.9,,,8,255
2019301N05081,2019,MAHA,2019-11-10 12:00:00,DS,19.0,68.5,,,8,240
2019301N05081,2019,MAHA,2019-11-10 15:00:00,DS,18.7,68.2,,,8,225
2019301N05081,2019,MAHA,2019-11-10 18:00:00,DS,18.4,67.9,,,6,215
2019301N05081,2019,MAHA,2019-11-10 21:00:00,DS,18.2,67.8,,,4,210
2019301N05081,2019,MAHA,2019-11-11 00:00:00,DS,18.1,67.7,,,3,210
2019302N11118,2019,BULBUL:MATMO,2019-10-28 12:00:00,DS,10.6,118.2,,,6,270
2019302N11118,2019,BULBUL:MATMO,2019-10-28 15:00:00,DS,10.6,117.9,,,11,295
2019302N11118,2019,BULBUL:MATMO,2019-10-28 18:00:00,MX,11.1,117.2,,,14,305
2019302N11118,2019,BULBUL:MATMO,2019-10-28 21:00:00,MX,11.4,116.7,,,13,300
2019302N11118,2019,BULBUL:MATMO,2019-10-29 00:00:00,MX,11.7,116.1,,,13,300
2019302N11118,2019,BULBUL:MATMO,2019-10-29 03:00:00,MX,12.0,115.5,,,12,295
2019302N11118,2019,BULBUL:MATMO,2019-10-29 06:00:00,TS,12.2,115.0,,,11,295
2019302N11118,2019,BULBUL:MATMO,2019-10-29 09:00:00,TS,12.5,114.5,,,11,295
2019302N11118,2019,BULBUL:MATMO,2019-10-29 12:00:00,TS,12.7,114.0,,,12,285
2019302N11118,2019,BULBUL:MATMO,2019-10-29 15:00:00,TS,12.8,113.4,,,12,280
2019302N11118,2019,BULBUL:MATMO,2019-10-29 18:00:00,TS,12.9,112.8,,,10,280
2019302N11118,2019,BULBUL:MATMO,2019-10-29 21:00:00,TS,13.1,112.3,,,11,280
2019302N11118,2019,BULBUL:MATMO,2019-10-30 00:00:00,TS,13.1,111.7,,,10,275
2019302N11118,2019,BULBUL:MATMO,2019-10-30 03:00:00,TS,13.2,111.2,,,9,270
2019302N11118,2019,BULBUL:MATMO,2019-10-30 06:00:00,TS,13.2,110.8,,,7,275
2019302N11118,2019,BULBUL:MATMO,2019-10-30 09:00:00,TS,13.2,110.5,,,7,280
2019302N11118,2019,BULBUL:MATMO,2019-10-30 12:00:00,TS,13.3,110.1,,,10,280
2019302N11118,2019,BULBUL:MATMO,2019-10-30 15:00:00,TS,13.4,109.5,,,13,280
2019302N11118,2019,BULBUL:MATMO,2019-10-30 18:00:00,TS,13.5,108.8,,,15,275
2019302N11118,2019,BULBUL:MATMO,2019-10-30 21:00:00,TS,13.5,108.0,,,16,275
2019302N11118,2019,BULBUL:MATMO,2019-10-31 00:00:00,TS,13.6,107.2,,,14,275
2019302N11118,2019,BULBUL:MATMO,2019-10-31 03:00:00,TS,13.6,106.5,,,12,275
2019302N11118,2019,BULBUL:MATMO,2019-10-31 06:00:00,TS,13.7,105.9,,,10,280
2019302N11118,2019,BULBUL:MATMO,2019-10-31 09:00:00,TS,13.8,105.4,,,10,280
2019302N11118,2019,BULBUL:MATMO,2019-10-31 12:00:00,TS,13.9,104.9,,,11,275
2019302N11118,2019,BULBUL:MATMO,2019-10-31 15:00:00,TS,13.9,104.3,,,13,275
2019302N11118,2019,BULBUL:MATMO,2019-10-31 18:00:00,MX,14.0,103.6,,,15,280
2019302N11118,2019,BULBUL:MATMO,2019-10-31 21:00:00,DS,14.2,102.8,,,14,285
2019302N11118,2019,BULBUL:MATMO,2019-11-01 00:00:00,DS,14.3,102.2,,,10,285
2019302N11118,2019,BULBUL:MATMO,2019-11-01 03:00:00,DS,14.4,101.8,,,8,285
2019302N11118,2019,BULBUL:MATMO,2019-11-01 06:00:00,DS,14.5,101.4,,,7,275
2019302N11118,2019,BULBUL:MATMO,2019-11-01 09:00:00,DS,14.5,101.0,,,7,260
2019302N11118,2019,BULBUL:MATMO,2019-11-01 12:00:00,DS,14.4,100.7,,,7,255
2019302N11118,2019,BULBUL:MATMO,2019-11-01 15:00:00,DS,14.3,100.4,,,7,255
2019302N11118,2019,BULBUL:MATMO,2019-11-01 18:00:00,DS,14.2,100.0,,,7,255
2019302N11118,2019,BULBUL:MATMO,2019-11-01 21:00:00,DS,14.1,99.6,,,7,255
2019302N11118,2019,BULBUL:MATMO,2019-11-02 00:00:00,DS,14.0,99.3,,,6,250
2019302N11118,2019,BULBUL:MATMO,2019-11-02 03:00:00,DS,13.9,99.0,,,5,250
2019302N11118,2019,BULBUL:MATMO,2019-11-02 06:00:00,DS,13.8,98.8,,,5,245
2019302N11118,2019,BULBUL:MATMO,2019-11-02 09:00:00,DS,13.7,98.6,,,5,250
2019302N11118,2019,BULBUL:MATMO,2019-11-02 12:00:00,DS,13.6,98.3,,,6,250
2019302N11118,2019,BULBUL:MATMO,2019-11-02 15:00:00,DS,13.5,98.0,,,7,255
2019302N11118,2019,BULBUL:MATMO,2019-11-02 18:00:00,DS,13.4,97.6,,,8,260
2019302N11118,2019,BULBUL:MATMO,2019-11-02 21:00:00,DS,13.3,97.2,,,9,265
2019302N11118,2019,BULBUL:MATMO,2019-11-03 00:00:00,DS,13.3,96.7,,,8,265
2019302N11118,2019,BULBUL:MATMO,2019-11-03 03:00:00,DS,13.3,96.3,,,7,270
2019302N11118,2019,BULBUL:MATMO,2019-11-03 06:00:00,DS,13.3,96.0,,,6,270
2019302N11118,2019,BULBUL:MATMO,2019-11-03 09:00:00,DS,13.3,95.7,,,6,270
2019302N11118,2019,BULBUL:MATMO,2019-11-03 12:00:00,DS,13.3,95.4,,,6,265
2019302N11118,2019,BULBUL:MATMO,2019-11-03 15:00:00,DS,13.3,95.1,,,6,260
2019302N11118,2019,BULBUL:MATMO,2019-11-03 18:00:00,DS,13.2,94.8,,,6,255
2019302N11118,2019,BULBUL:MATMO,2019-11-03 21:00:00,DS,13.1,94.5,,,7,255
2019302N11118,2019,BULBUL:MATMO,2019-11-04 00:00:00,DS,13.0,94.1,,,8,255
2019302N11118,2019,BULBUL:MATMO,2019-11-04 03:00:00,DS,12.9,93.7,,,9,255
2019302N11118,2019,BULBUL:MATMO,2019-11-04 06:00:00,TS,12.8,93.2,,,9,265
2019302N11118,2019,BULBUL:MATMO,2019-11-04 09:00:00,TS,12.8,92.7,,,9,270
2019302N11118,2019,BULBUL:MATMO,2019-11-04 12:00:00,TS,12.8,92.3,,,8,270
2019302N11118,2019,BULBUL:MATMO,2019-11-04 15:00:00,TS,12.8,91.9,,,7,270
2019302N11118,2019,BULBUL:MATMO,2019-11-04 18:00:00,TS,12.8,91.6,,,6,270
2019302N11118,2019,BULBUL:MATMO,2019-11-04 21:00:00,TS,12.8,91.3,,,5,275
2019302N11118,2019,BULBUL:MATMO,2019-11-05 00:00:00,TS,12.9,91.1,20.0,1004.0,4,285
2019302N11118,2019,BULBUL:MATMO,2019-11-05 03:00:00,TS,12.9,90.9,25.0,1003.0,5,280
2019302N11118,2019,BULBUL:MATMO,2019-11-05 06:00:00,TS,12.9,90.6,25.0,1003.0,5,280
2019302N11118,2019,BULBUL:MATMO,2019-11-05 09:00:00,TS,13.0,90.4,25.0,1003.0,5,285
2019302N11118,2019,BULBUL:MATMO,2019-11-05 12:00:00,TS,13.1,90.1,25.0,1003.0,5,280
2019302N11118,2019,BULBUL:MATMO,2019-11-05 15:00:00,TS,13.1,89.9,25.0,1003.0,3,280
2019302N11118,2019,BULBUL:MATMO,2019-11-05 18:00:00,TS,13.1,89.8,25.0,1002.0,2,320
2019302N11118,2019,BULBUL:MATMO,2019-11-05 21:00:00,TS,13.2,89.8,28.0,1002.0,2,15
2019302N11118,2019,BULBUL:MATMO,2019-11-06 00:00:00,TS,13.3,89.8,30.0,1001.0,1,0
2019302N11118,2019,BULBUL:MATMO,2019-11-06 03:00:00,TS,13.3,89.8,30.0,1001.0,1,245
2019302N11118,2019,BULBUL:MATMO,2019-11-06 06:00:00,TS,13.3,89.7,30.0,1001.0,1,275
2019302N11118,2019,BULBUL:MATMO,2019-11-06 09:00:00,TS,13.3,89.7,30.0,1001.0,2,340
2019302N11118,2019,BULBUL:MATMO,2019-11-06 12:00:00,TS,13.4,89.7,30.0,1000.0,3,355
2019302N11118,2019,BULBUL:MATMO,2019-11-06 15:00:00,TS,13.6,89.6,33.0,999.0,5,350
2019302N11118,2019,BULBUL:MATMO,2019-11-06 18:00:00,TS,13.9,89.6,35.0,998.0,5,335
2019302N11118,2019,BULBUL:MATMO,2019-11-06 21:00:00,TS,14.1,89.4,35.0,998.0,6,330
2019302N11118,2019,BULBUL:MATMO,2019-11-07 00:00:00,TS,14.4,89.3,35.0,998.0,7,340
2019302N11118,2019,BULBUL:MATMO,2019-11-07 03:00:00,TS,14.8,89.1,35.0,998.0,10,330
2019302N11118,2019,BULBUL:MATMO,2019-11-07 06:00:00,TS,15.2,88.7,40.0,996.0,9,315
2019302N11118,2019,BULBUL:MATMO,2019-11-07 09:00:00,TS,15.4,88.4,45.0,995.0,8,315
2019302N11118,2019,BULBUL:MATMO,2019-11-07 12:00:00,TS,15.8,88.2,45.0,994.0,8,320
2019302N11118,2019,BULBUL:MATMO,2019-11-07 15:00:00,TS,16.0,88.0,50.0,992.0,6,330
2019302N11118,2019,BULBUL:MATMO,2019-11-07 18:00:00,TS,16.3,87.8,55.0,989.0,6,340
2019302N11118,2019,BULBUL:MATMO,2019-11-07 21:00:00,TS,16.6,87.7,60.0,986.0,7,350
2019302N11118,2019,BULBUL:MATMO,2019-11-08 00:00:00,TS,17.0,87.7,65.0,983.0,7,0
2019302N11118,2019,BULBUL:MATMO,2019-11-08 03:00:00,TS,17.3,87.7,65.0,982.0,8,0
2019302N11118,2019,BULBUL:MATMO,2019-11-08 06:00:00,TS,17.7,87.8,70.0,980.0,9,5
2019302N11118,2019,BULBUL:MATMO,2019-11-08 09:00:00,TS,18.2,87.8,70.0,980.0,9,0
2019302N11118,2019,BULBUL:MATMO,2019-11-08 12:00:00,TS,18.6,87.8,75.0,976.0,9,0
2019302N11118,2019,BULBUL:MATMO,2019-11-08 15:00:00,TS,19.1,87.8,75.0,976.0,7,355
2019302N11118,2019,BULBUL:MATMO,2019-11-08 18:00:00,TS,19.3,87.7,75.0,976.0,5,355
2019302N11118,2019,BULBUL:MATMO,2019-11-08 21:00:00,TS,19.6,87.7,75.0,976.0,7,355
2019302N11118,2019,BULBUL:MATMO,2019-11-09 00:00:00,TS,20.0,87.6,75.0,976.0,7,355
2019302N11118,2019,BULBUL:MATMO,2019-11-09 03:00:00,TS,20.4,87.6,70.0,980.0,6,10
2019302N11118,2019,BULBUL:MATMO,2019-11-09 06:00:00,TS,20.6,87.8,70.0,982.0,6,20
2019302N11118,2019,BULBUL:MATMO,2019-11-09 09:00:00,TS,20.9,87.9,70.0,982.0,6,25
2019302N11118,2019,BULBUL:MATMO,2019-11-09 12:00:00,TS,21.2,88.1,70.0,982.0,6,35
2019302N11118,2019,BULBUL:MATMO,2019-11-09 15:00:00,TS,21.4,88.3,60.0,986.0,7,50
2019302N11118,2019,BULBUL:MATMO,2019-11-09 18:00:00,TS,21.6,88.6,60.0,990.0,9,60
2019302N11118,2019,BULBUL:MATMO,2019-11-09 21:00:00,TS,21.8,89.1,50.0,996.0,9,65
2019302N11118,2019,BULBUL:MATMO,2019-11-10 00:00:00,TS,22.0,89.5,45.0,998.0,7,65
2019302N11118,2019,BULBUL:MATMO,2019-11-10 03:00:00,TS,22.2,89.8,40.0,1000.0,7,65
2019302N11118,2019,BULBUL:MATMO,2019-11-10 06:00:00,TS,22.3,90.1,40.0,1000.0,6,60
2019302N11118,2019,BULBUL:MATMO,2019-11-10 09:00:00,TS,22.4,90.3,30.0,1002.0,5,60
2019302N11118,2019,BULBUL:MATMO,2019-11-10 12:00:00,TS,22.6,90.6,30.0,1002.0,5,65
2019302N11118,2019,BULBUL:MATMO,2019-11-10 15:00:00,TS,22.6,90.8,30.0,1002.0,5,70
2019302N11118,2019,BULBUL:MATMO,2019-11-10 18:00:00,TS,22.8,91.1,30.0,1002.0,5,60
2019302N11118,2019,BULBUL:MATMO,2019-11-10 21:00:00,TS,22.9,91.3,25.0,1003.0,5,45
2019302N11118,2019,BULBUL:MATMO,2019-11-11 00:00:00,MX,23.1,91.5,20.0,1004.0,5,40
2019335N05058,2019,PAWAN,2019-11-30 18:00:00,DS,4.6,58.0,,,5,295
2019335N05058,2019,PAWAN,2019-11-30 21:00:00,DS,4.7,57.8,,,4,295
2019335N05058,2019,PAWAN,2019-12-01 00:00:00,DS,4.8,57.6,,,3,295
2019335N05058,2019,PAWAN,2019-12-01 03:00:00,DS,4.9,57.5,,,2,295
2019335N05058,2019,PAWAN,2019-12-01 06:00:00,DS,4.9,57.4,,,2,295
2019335N05058,2019,PAWAN,2019-12-01 09:00:00,DS,4.9,57.3,,,2,295
2019335N05058,2019,PAWAN,2019-12-01 12:00:00,DS,5.0,57.2,,,3,305
2019335N05058,2019,PAWAN,2019-12-01 15:00:00,DS,5.1,57.1,,,3,315
2019335N05058,2019,PAWAN,2019-12-01 18:00:00,DS,5.2,57.0,,,3,330
2019335N05058,2019,PAWAN,2019-12-01 21:00:00,DS,5.3,56.9,,,3,345
2019335N05058,2019,PAWAN,2019-12-02 00:00:00,TS,5.5,56.9,,,3,355
2019335N05058,2019,PAWAN,2019-12-02 03:00:00,TS,5.7,56.9,,,3,0
2019335N05058,2019,PAWAN,2019-12-02 06:00:00,TS,5.8,56.9,,,3,0
2019335N05058,2019,PAWAN,2019-12-02 09:00:00,TS,5.9,56.9,,,2,335
2019335N05058,2019,PAWAN,2019-12-02 12:00:00,TS,5.9,56.8,25.0,1003.0,2,325
2019335N05058,2019,PAWAN,2019-12-02 15:00:00,TS,6.0,56.8,25.0,1003.0,2,345
2019335N05058,2019,PAWAN,2019-12-02 18:00:00,TS,6.2,56.8,25.0,1002.0,3,0
2019335N05058,2019,PAWAN,2019-12-02 21:00:00,TS,6.3,56.8,28.0,1002.0,4,10
2019335N05058,2019,PAWAN,2019-12-03 00:00:00,TS,6.5,56.9,30.0,1001.0,4,5
2019335N05058,2019,PAWAN,2019-12-03 03:00:00,TS,6.7,56.9,30.0,1000.0,4,0
2019335N05058,2019,PAWAN,2019-12-03 06:00:00,TS,6.9,56.9,30.0,1000.0,3,10
2019335N05058,2019,PAWAN,2019-12-03 09:00:00,TS,7.0,56.9,30.0,1000.0,2,55
2019335N05058,2019,PAWAN,2019-12-03 12:00:00,TS,7.0,57.0,30.0,1000.0,1,60
2019335N05058,2019,PAWAN,2019-12-03 15:00:00,TS,7.0,57.0,30.0,1000.0,1,25
2019335N05058,2019,PAWAN,2019-12-03 18:00:00,TS,7.1,57.1,30.0,1000.0,1,15
2019335N05058,2019,PAWAN,2019-12-03 21:00:00,TS,7.2,57.1,30.0,1000.0,2,20
2019335N05058,2019,PAWAN,2019-12-04 00:00:00,TS,7.3,57.1,30.0,1000.0,3,10
2019335N05058,2019,PAWAN,2019-12-04 03:00:00,TS,7.4,57.1,30.0,1000.0,3,0
2019335N05058,2019,PAWAN,2019-12-04 06:00:00,TS,7.5,57.1,30.0,1000.0,2,325
2019335N05058,2019,PAWAN,2019-12-04 09:00:00,TS,7.6,57.0,30.0,1000.0,3,320
2019335N05058,2019,PAWAN,2019-12-04 12:00:00,TS,7.8,56.9,30.0,1000.0,6,350
2019335N05058,2019,PAWAN,2019-12-04 15:00:00,TS,8.1,56.9,30.0,1000.0,8,355
2019335N05058,2019,PAWAN,2019-12-04 18:00:00,TS,8.6,56.9,30.0,1000.0,9,350
2019335N05058,2019,PAWAN,2019-12-04 21:00:00,TS,9.0,56.7,33.0,1000.0,8,340
2019335N05058,2019,PAWAN,2019-12-05 00:00:00,TS,9.3,56.6,35.0,999.0,5,310
2019335N05058,2019,PAWAN,2019-12-05 03:00:00,TS,9.3,56.4,35.0,999.0,5,280
2019335N05058,2019,PAWAN,2019-12-05 06:00:00,TS,9.4,56.1,35.0,999.0,9,270
2019335N05058,2019,PAWAN,2019-12-05 09:00:00,TS,9.3,55.4,35.0,999.0,11,265
2019335N05058,2019,PAWAN,2019-12-05 12:00:00,TS,9.3,55.0,40.0,998.0,8,255
2019335N05058,2019,PAWAN,2019-12-05 15:00:00,TS,9.1,54.7,35.0,999.0,8,235
2019335N05058,2019,PAWAN,2019-12-05 18:00:00,TS,8.9,54.3,35.0,999.0,9,235
2019335N05058,2019,PAWAN,2019-12-05 21:00:00,TS,8.6,53.9,35.0,999.0,10,240
2019335N05058,2019,PAWAN,2019-12-06 00:00:00,TS,8.3,53.4,35.0,999.0,9,240
2019335N05058,2019,PAWAN,2019-12-06 03:00:00,TS,8.1,53.1,35.0,999.0,7,240
2019335N05058,2019,PAWAN,2019-12-06 06:00:00,TS,8.0,52.8,35.0,999.0,6,245
2019335N05058,2019,PAWAN,2019-12-06 09:00:00,TS,7.9,52.5,35.0,999.0,6,260
2019335N05058,2019,PAWAN,2019-12-06 12:00:00,TS,7.9,52.2,35.0,999.0,9,265
2019335N05058,2019,PAWAN,2019-12-06 15:00:00,TS,7.8,51.6,35.0,999.0,11,265
2019335N05058,2019,PAWAN,2019-12-06 18:00:00,TS,7.8,51.1,35.0,999.0,10,265
2019335N05058,2019,PAWAN,2019-12-06 21:00:00,TS,7.7,50.6,35.0,999.0,13,265
2019335N05058,2019,PAWAN,2019-12-07 00:00:00,TS,7.7,49.8,35.0,999.0,12,265
2019335N05058,2019,PAWAN,2019-12-07 03:00:00,TS,7.6,49.4,30.0,1000.0,9,260
2019335N05058,2019,PAWAN,2019-12-07 06:00:00,TS,7.5,48.9,30.0,1001.0,9,255
2019335N05058,2019,PAWAN,2019-12-07 09:00:00,TS,7.4,48.5,25.0,1003.0,8,245
2019335N05058,2019,PAWAN,2019-12-07 12:00:00,TS,7.2,48.2,,,7,250
2019335N05058,2019,PAWAN,2019-12-07 15:00:00,TS,7.1,47.8,,,8,265
2019335N05058,2019,PAWAN,2019-12-07 18:00:00,DS,7.1,47.4,,,8,270
2019337N11072,2019,UNNAMED,2019-12-02 12:00:00,DS,10.7,72.3,,,11,330
2019337N11072,2019,UNNAMED,2019-12-02 15:00:00,DS,11.2,72.0,,,11,325
2019337N11072,2019,UNNAMED,2019-12-02 18:00:00,DS,11.6,71.7,,,11,325
2019337N11072,2019,UNNAMED,2019-12-02 21:00:00,DS,12.0,71.3,,,11,320
2019337N11072,2019,UNNAMED,2019-12-03 00:00:00,TS,12.4,71.0,,,8,315
2019337N11072,2019,UNNAMED,2019-12-03 03:00:00,TS,12.6,70.8,,,6,315
2019337N11072,2019,UNNAMED,2019-12-03 06:00:00,TS,12.8,70.6,,,6,320
2019337N11072,2019,UNNAMED,2019-12-03 09:00:00,TS,13.1,70.4,,,6,320
2019337N11072,2019,UNNAMED,2019-12-03 12:00:00,TS,13.3,70.2,,,7,300
2019337N11072,2019,UNNAMED,2019-12-03 15:00:00,TS,13.4,69.8,,,3,290
2019337N11072,2019,UNNAMED,2019-12-03 18:00:00,TS,13.4,69.9,25.0,1002.0,4,20
2019337N11072,2019,UNNAMED,2019-12-03 21:00:00,TS,13.8,70.0,28.0,1001.0,8,0
2019337N11072,2019,UNNAMED,2019-12-04 00:00:00,TS,14.2,69.9,30.0,1000.0,10,335
2019337N11072,2019,UNNAMED,2019-12-04 03:00:00,TS,14.7,69.5,30.0,1000.0,10,305
2019337N11072,2019,UNNAMED,2019-12-04 06:00:00,TS,14.8,69.1,30.0,1000.0,8,285
2019337N11072,2019,UNNAMED,2019-12-04 09:00:00,TS,14.8,68.7,30.0,1000.0,6,275
2019337N11072,2019,UNNAMED,2019-12-04 12:00:00,TS,14.9,68.4,30.0,1000.0,4,280
2019337N11072,2019,UNNAMED,2019-12-04 15:00:00,TS,14.9,68.3,30.0,1000.0,2,315
2019337N11072,2019,UNNAMED,2019-12-04 18:00:00,TS,15.0,68.3,30.0,1000.0,2,325
2019337N11072,2019,UNNAMED,2019-12-04 21:00:00,TS,15.1,68.2,28.0,1001.0,3,305
2019337N11072,2019,UNNAMED,2019-12-05 00:00:00,TS,15.2,68.0,25.0,1002.0,6,300
2019337N11072,2019,UNNAMED,2019-12-05 03:00:00,TS,15.4,67.6,25.0,1002.0,9,300
2019337N11072,2019,UNNAMED,2019-12-05 06:00:00,TS,15.6,67.2,20.0,1004.0,11,305
2019337N11072,2019,UNNAMED,2019-12-05 09:00:00,TS,15.9,66.7,,,11,295
2019337N11072,2019,UNNAMED,2019-12-05 12:00:00,DS,16.1,66.2,,,10,280
2019337N11072,2019,UNNAMED,2019-12-05 15:00:00,DS,16.1,65.7,,,9,270
2019337N11072,2019,UNNAMED,2019-12-05 18:00:00,DS,16.1,65.3,,,7,265
2019337N11072,2019,UNNAMED,2019-12-05 21:00:00,DS,16.1,65.0,,,6,260
2019337N11072,2019,UNNAMED,2019-12-06 00:00:00,DS,16.0,64.7,,,7,260
2019337N11072,2019,UNNAMED,2019-12-06 03:00:00,DS,15.9,64.3,,,9,265
2019337N11072,2019,UNNAMED,2019-12-06 06:00:00,DS,15.9,63.8,,,9,265
2019342N09062,2019,UNNAMED,2019-12-08 09:00:00,TS,9.4,62.2,25.0,1002.0,13,290
2019342N09062,2019,UNNAMED,2019-12-08 12:00:00,TS,9.6,61.6,25.0,1002.0,10,295
2019342N09062,2019,UNNAMED,2019-12-08 15:00:00,TS,9.8,61.2,25.0,1002.0,7,305
2019342N09062,2019,UNNAMED,2019-12-08 18:00:00,TS,10.0,61.0,25.0,1002.0,7,310
2019342N09062,2019,UNNAMED,2019-12-08 21:00:00,TS,10.2,60.7,28.0,1001.0,7,305
2019342N09062,2019,UNNAMED,2019-12-09 00:00:00,TS,10.4,60.4,30.0,1000.0,8,290
2019342N09062,2019,UNNAMED,2019-12-09 03:00:00,TS,10.5,60.0,30.0,1000.0,10,280
2019342N09062,2019,UNNAMED,2019-12-09 06:00:00,TS,10.6,59.4,30.0,1000.0,10,275
2019342N09062,2019,UNNAMED,2019-12-09 09:00:00,TS,10.6,59.0,28.0,1001.0,9,270
2019342N09062,2019,UNNAMED,2019-12-09 12:00:00,TS,10.6,58.5,25.0,1002.0,12,270
2019342N09062,2019,UNNAMED,2019-12-09 15:00:00,TS,10.6,57.8,25.0,1002.0,15,270
2019342N09062,2019,UNNAMED,2019-12-09 18:00:00,TS,10.6,57.0,25.0,1002.0,15,270
2019342N09062,2019,UNNAMED,2019-12-09 21:00:00,TS,10.6,56.3,25.0,1002.0,13,270
2019342N09062,2019,UNNAMED,2019-12-10 00:00:00,TS,10.6,55.7,25.0,1002.0,11,270
2019342N09062,2019,UNNAMED,2019-12-10 03:00:00,TS,10.6,55.2,25.0,1002.0,10,270
2020136N10088,2020,AMPHAN,2020-05-15 06:00:00,DS,9.5,87.5,,,5,270
2020136N10088,2020,AMPHAN,2020-05-15 09:00:00,DS,9.5,87.2,,,5,270
2020136N10088,2020,AMPHAN,2020-05-15 12:00:00,TS,9.5,87.0,,,5,265
2020136N10088,2020,AMPHAN,2020-05-15 15:00:00,TS,9.5,86.8,,,4,270
2020136N10088,2020,AMPHAN,2020-05-15 18:00:00,TS,9.5,86.6,,,3,285
2020136N10088,2020,AMPHAN,2020-05-15 21:00:00,TS,9.6,86.5,,,4,335
2020136N10088,2020,AMPHAN,2020-05-16 00:00:00,TS,9.8,86.4,25.0,1000.0,6,335
2020136N10088,2020,AMPHAN,2020-05-16 03:00:00,TS,10.1,86.2,25.0,1000.0,6,325
2020136N10088,2020,AMPHAN,2020-05-16 06:00:00,TS,10.3,86.1,25.0,1000.0,4,345
2020136N10088,2020,AMPHAN,2020-05-16 09:00:00,TS,10.5,86.1,30.0,998.0,3,15
2020136N10088,2020,AMPHAN,2020-05-16 12:00:00,TS,10.6,86.2,35.0,996.0,3,5
2020136N10088,2020,AMPHAN,2020-05-16 15:00:00,TS,10.8,86.1,40.0,995.0,3,350
2020136N10088,2020,AMPHAN,2020-05-16 18:00:00,TS,10.9,86.1,40.0,995.0,3,0
2020136N10088,2020,AMPHAN,2020-05-16 21:00:00,TS,11.1,86.1,45.0,994.0,3,0
2020136N10088,2020,AMPHAN,2020-05-17 00:00:00,TS,11.2,86.1,45.0,993.0,2,0
2020136N10088,2020,AMPHAN,2020-05-17 03:00:00,TS,11.3,86.1,50.0,990.0,3,15
2020136N10088,2020,AMPHAN,2020-05-17 06:00:00,TS,11.5,86.2,55.0,988.0,3,5
2020136N10088,2020,AMPHAN,2020-05-17 09:00:00,TS,11.6,86.2,65.0,980.0,5,5
2020136N10088,2020,AMPHAN,2020-05-17 12:00:00,TS,11.9,86.2,70.0,978.0,9,15
2020136N10088,2020,AMPHAN,2020-05-17 15:00:00,TS,12.5,86.4,75.0,972.0,6,15
2020136N10088,2020,AMPHAN,2020-05-17 18:00:00,TS,12.5,86.4,80.0,970.0,4,15
2020136N10088,2020,AMPHAN,2020-05-17 21:00:00,TS,12.9,86.5,90.0,962.0,7,0
2020136N10088,2020,AMPHAN,2020-05-18 00:00:00,TS,13.2,86.4,100.0,952.0,5,330
2020136N10088,2020,AMPHAN,2020-05-18 03:00:00,TS,13.3,86.2,115.0,936.0,3,330
2020136N10088,2020,AMPHAN,2020-05-18 06:00:00,TS,13.4,86.2,120.0,930.0,4,360
2020136N10088,2020,AMPHAN,2020-05-18 09:00:00,TS,13.7,86.2,120.0,930.0,7,15
2020136N10088,2020,AMPHAN,2020-05-18 12:00:00,TS,14.1,86.4,125.0,926.0,8,15
2020136N10088,2020,AMPHAN,2020-05-18 15:00:00,TS,14.5,86.5,125.0,926.0,8,15
2020136N10088,2020,AMPHAN,2020-05-18 18:00:00,TS,14.9,86.6,130.0,920.0,7,15
2020136N10088,2020,AMPHAN,2020-05-18 21:00:00,TS,15.2,86.7,130.0,920.0,7,15
2020136N10088,2020,AMPHAN,2020-05-19 00:00:00,TS,15.6,86.8,125.0,926.0,9,15
2020136N10088,2020,AMPHAN,2020-05-19 03:00:00,TS,16.0,86.9,120.0,930.0,10,10
2020136N10088,2020,AMPHAN,2020-05-19 06:00:00,TS,16.5,87.0,115.0,936.0,10,5
2020136N10088,2020,AMPHAN,2020-05-19 09:00:00,TS,16.9,87.0,110.0,942.0,9,5
2020136N10088,2020,AMPHAN,2020-05-19 12:00:00,TS,17.3,87.1,105.0,946.0,10,5
2020136N10088,2020,AMPHAN,2020-05-19 15:00:00,TS,17.9,87.1,100.0,948.0,10,10
2020136N10088,2020,AMPHAN,2020-05-19 18:00:00,TS,18.3,87.2,100.0,948.0,8,10
2020136N10088,2020,AMPHAN,2020-05-19 21:00:00,TS,18.7,87.3,100.0,948.0,9,20
2020136N10088,2020,AMPHAN,2020-05-20 00:00:00,TS,19.2,87.5,95.0,952.0,12,20
2020136N10088,2020,AMPHAN,2020-05-20 03:00:00,TS,19.8,87.7,95.0,954.0,15,15
2020136N10088,2020,AMPHAN,2020-05-20 06:00:00,TS,20.6,88.0,90.0,956.0,16,15
2020136N10088,2020,AMPHAN,2020-05-20 09:00:00,TS,21.4,88.1,90.0,960.0,16,15
2020136N10088,2020,AMPHAN,2020-05-20 12:00:00,TS,22.1,88.4,85.0,957.0,16,20
2020136N10088,2020,AMPHAN,2020-05-20 15:00:00,TS,22.8,88.6,65.0,968.0,16,25
2020136N10088,2020,AMPHAN,2020-05-20 18:00:00,TS,23.5,89.1,50.0,978.0,16,20
2020136N10088,2020,AMPHAN,2020-05-20 21:00:00,TS,24.3,89.3,45.0,986.0,13,25
2020136N10088,2020,AMPHAN,2020-05-21 00:00:00,TS,24.6,89.6,40.0,988.0,10,35
2020136N10088,2020,AMPHAN,2020-05-21 03:00:00,TS,25.1,89.9,35.0,990.0,8,25
2020136N10088,2020,AMPHAN,2020-05-21 06:00:00,TS,25.4,90.1,30.0,992.0,3,295
2020136N10088,2020,AMPHAN,2020-05-21 09:00:00,TS,25.2,89.6,25.0,994.0,4,275
2020136N10088,2020,AMPHAN,2020-05-21 12:00:00,TS,25.4,89.6,20.0,995.0,4,0
2020150N17054,2020,UNNAMED,2020-05-29 09:00:00,TS,17.3,54.3,25.0,1000.0,0,0
2020150N17054,2020,UNNAMED,2020-05-29 12:00:00,TS,17.3,54.3,25.0,1000.0,0,0
2020150N17054,2020,UNNAMED,2020-05-29 15:00:00,TS,17.3,54.3,25.0,1000.0,0,0
2020150N17054,2020,UNNAMED,2020-05-29 18:00:00,TS,17.3,54.3,25.0,1000.0,1,270
2020150N17054,2020,UNNAMED,2020-05-29 21:00:00,TS,17.3,54.2,25.0,1000.0,1,270
2020150N17054,2020,UNNAMED,2020-05-30 00:00:00,TS,17.3,54.2,25.0,1000.0,0,270
2020150N17054,2020,UNNAMED,2020-05-30 03:00:00,TS,17.3,54.2,25.0,1000.0,2,240
2020150N17054,2020,UNNAMED,2020-05-30 06:00:00,TS,17.2,54.0,25.0,1000.0,3,240
2020150N17054,2020,UNNAMED,2020-05-30 09:00:00,TS,17.2,54.0,25.0,1000.0,0,0
2020150N17054,2020,UNNAMED,2020-05-30 12:00:00,TS,17.2,54.0,25.0,1000.0,1,60
2020150N17054,2020,UNNAMED,2020-05-30 15:00:00,TS,17.2,54.0,25.0,1000.0,0,0
2020150N17054,2020,UNNAMED,2020-05-30 18:00:00,TS,17.2,54.0,25.0,1000.0,1,240
2020150N17054,2020,UNNAMED,2020-05-30 21:00:00,TS,17.1,53.9,25.0,1000.0,2,240
2020150N17054,2020,UNNAMED,2020-05-31 00:00:00,TS,17.1,53.8,25.0,1000.0,1,240
2020150N17054,2020,UNNAMED,2020-05-31 03:00:00,TS,17.1,53.8,25.0,1000.0,3,250
2020150N17054,2020,UNNAMED,2020-05-31 06:00:00,TS,17.0,53.5,25.0,1000.0,5,255
2020150N17054,2020,UNNAMED,2020-05-31 09:00:00,TS,16.9,53.3,25.0,1000.0,4,255
2020150N17054,2020,UNNAMED,2020-05-31 12:00:00,TS,16.9,53.1,25.0,1000.0,3,250
2020150N17054,2020,UNNAMED,2020-05-31 15:00:00,TS,16.9,53.0,25.0,1000.0,2,240
2020150N17054,2020,UNNAMED,2020-05-31 18:00:00,TS,16.8,52.9,25.0,1000.0,2,235
2020153N13072,2020,NISARGA,2020-05-31 18:00:00,DS,12.9,72.2,,,5,285
2020153N13072,2020,NISARGA,2020-05-31 21:00:00,DS,12.9,72.0,,,6,280
2020153N13072,2020,NISARGA,2020-06-01 00:00:00,MX,13.0,71.6,25.0,1004.0,6,285
2020153N13072,2020,NISARGA,2020-06-01 03:00:00,MX,13.1,71.4,25.0,1004.0,6,315
2020153N13072,2020,NISARGA,2020-06-01 06:00:00,TS,13.4,71.2,25.0,1004.0,7,340
2020153N13072,2020,NISARGA,2020-06-01 09:00:00,TS,13.7,71.1,25.0,1004.0,6,355
2020153N13072,2020,NISARGA,2020-06-01 12:00:00,TS,14.0,71.1,25.0,1003.0,5,5
2020153N13072,2020,NISARGA,2020-06-01 15:00:00,TS,14.2,71.2,25.0,1003.0,4,10
2020153N13072,2020,NISARGA,2020-06-01 18:00:00,TS,14.4,71.2,25.0,1003.0,5,5
2020153N13072,2020,NISARGA,2020-06-01 21:00:00,TS,14.7,71.2,28.0,1002.0,6,5
2020153N13072,2020,NISARGA,2020-06-02 00:00:00,TS,15.0,71.3,30.0,1000.0,6,0
2020153N13072,2020,NISARGA,2020-06-02 03:00:00,TS,15.3,71.3,30.0,1000.0,7,0
2020153N13072,2020,NISARGA,2020-06-02 06:00:00,TS,15.7,71.3,35.0,999.0,7,0
2020153N13072,2020,NISARGA,2020-06-02 09:00:00,TS,16.0,71.3,35.0,999.0,7,10
2020153N13072,2020,NISARGA,2020-06-02 12:00:00,TS,16.3,71.4,40.0,996.0,3,40
2020153N13072,2020,NISARGA,2020-06-02 15:00:00,TS,16.2,71.5,40.0,996.0,5,35
2020153N13072,2020,NISARGA,2020-06-02 18:00:00,TS,16.8,71.6,40.0,996.0,9,25
2020153N13072,2020,NISARGA,2020-06-02 21:00:00,TS,17.0,71.9,45.0,994.0,7,40
2020153N13072,2020,NISARGA,2020-06-03 00:00:00,TS,17.3,72.1,50.0,992.0,8,45
2020153N13072,2020,NISARGA,2020-06-03 03:00:00,TS,17.6,72.4,55.0,988.0,10,40
2020153N13072,2020,NISARGA,2020-06-03 06:00:00,TS,18.1,72.9,60.0,984.0,12,40
2020153N13072,2020,NISARGA,2020-06-03 09:00:00,TS,18.5,73.2,55.0,992.0,13,40
2020153N13072,2020,NISARGA,2020-06-03 12:00:00,TS,19.1,73.7,40.0,998.0,13,35
2020153N13072,2020,NISARGA,2020-06-03 15:00:00,TS,19.6,74.0,30.0,1000.0,13,45
2020153N13072,2020,NISARGA,2020-06-03 18:00:00,TS,20.0,74.7,30.0,1001.0,14,60
2020153N13072,2020,NISARGA,2020-06-03 21:00:00,TS,20.3,75.3,28.0,1003.0,16,55
2020153N13072,2020,NISARGA,2020-06-04 00:00:00,TS,20.9,76.0,25.0,1004.0,19,50
2020153N13072,2020,NISARGA,2020-06-04 03:00:00,TS,21.5,76.8,20.0,1005.0,19,50
2020153N13072,2020,NISARGA,2020-06-04 06:00:00,MX,22.2,77.6,20.0,1005.0,18,45
2020285N15087,2020,UNNAMED,2020-10-11 00:00:00,TS,15.3,86.5,20.0,999.0,6,290
2020285N15087,2020,UNNAMED,2020-10-11 03:00:00,TS,15.4,86.2,25.0,998.0,7,280
2020285N15087,2020,UNNAMED,2020-10-11 06:00:00,TS,15.4,85.8,25.0,998.0,6,275
2020285N15087,2020,UNNAMED,2020-10-11 09:00:00,TS,15.4,85.5,25.0,998.0,4,285
2020285N15087,2020,UNNAMED,2020-10-11 12:00:00,TS,15.5,85.4,25.0,998.0,3,295
2020285N15087,2020,UNNAMED,2020-10-11 15:00:00,TS,15.5,85.3,25.0,998.0,2,295
2020285N15087,2020,UNNAMED,2020-10-11 18:00:00,TS,15.6,85.2,25.0,998.0,2,300
2020285N15087,2020,UNNAMED,2020-10-11 21:00:00,TS,15.7,85.1,25.0,998.0,2,295
2020285N15087,2020,UNNAMED,2020-10-12 00:00:00,TS,15.7,85.0,25.0,998.0,1,295
2020285N15087,2020,UNNAMED,2020-10-12 03:00:00,TS,15.7,85.0,30.0,997.0,3,315
2020285N15087,2020,UNNAMED,2020-10-12 06:00:00,TS,15.9,84.8,30.0,997.0,4,320
2020285N15087,2020,UNNAMED,2020-10-12 09:00:00,TS,16.0,84.7,30.0,997.0,3,315
2020285N15087,2020,UNNAMED,2020-10-12 12:00:00,TS,16.1,84.6,30.0,997.0,7,295
2020285N15087,2020,UNNAMED,2020-10-12 15:00:00,TS,16.3,84.1,30.0,997.0,12,290
2020285N15087,2020,UNNAMED,2020-10-12 18:00:00,TS,16.5,83.4,30.0,997.0,12,290
2020285N15087,2020,UNNAMED,2020-10-12 21:00:00,TS,16.7,82.9,30.0,997.0,10,295
2020285N15087,2020,UNNAMED,2020-10-13 00:00:00,TS,16.9,82.5,30.0,997.0,8,290
2020285N15087,2020,UNNAMED,2020-10-13 03:00:00,TS,17.0,82.1,30.0,996.0,10,295
2020285N15087,2020,UNNAMED,2020-10-13 06:00:00,TS,17.3,81.5,25.0,998.0,12,295
2020285N15087,2020,UNNAMED,2020-10-13 09:00:00,TS,17.4,81.0,25.0,998.0,10,280
2020285N15087,2020,UNNAMED,2020-10-13 12:00:00,TS,17.5,80.5,25.0,998.0,9,275
2020285N15087,2020,UNNAMED,2020-10-13 15:00:00,TS,17.6,80.0,25.0,998.0,10,275
2020285N15087,2020,UNNAMED,2020-10-13 18:00:00,TS,17.6,79.5,25.0,998.0,12,275
2020285N15087,2020,UNNAMED,2020-10-13 21:00:00,TS,17.7,78.8,23.0,999.0,13,275
2020285N15087,2020,UNNAMED,2020-10-14 00:00:00,TS,17.7,78.1,20.0,1000.0,12,270
2020285N15087,2020,UNNAMED,2020-10-14 03:00:00,TS,17.7,77.5,20.0,1000.0,10,270
2020285N15087,2020,UNNAMED,2020-10-14 06:00:00,TS,17.7,77.0,20.0,1000.0,10,270
2020291N18069,2020,UNNAMED,2020-10-17 03:00:00,TS,17.8,69.0,20.0,1004.0,15,270
2020291N18069,2020,UNNAMED,2020-10-17 06:00:00,TS,17.8,68.2,20.0,1004.0,12,270
2020291N18069,2020,UNNAMED,2020-10-17 09:00:00,TS,17.8,67.8,23.0,1004.0,7,270
2020291N18069,2020,UNNAMED,2020-10-17 12:00:00,TS,17.8,67.5,25.0,1003.0,6,270
2020291N18069,2020,UNNAMED,2020-10-17 15:00:00,TS,17.8,67.1,25.0,1003.0,7,270
2020291N18069,2020,UNNAMED,2020-10-17 18:00:00,TS,17.8,66.8,25.0,1003.0,4,270
2020291N18069,2020,UNNAMED,2020-10-17 21:00:00,TS,17.8,66.7,25.0,1003.0,4,270
2020291N18069,2020,UNNAMED,2020-10-18 00:00:00,TS,17.8,66.4,25.0,1003.0,8,270
2020291N18069,2020,UNNAMED,2020-10-18 03:00:00,TS,17.8,65.8,20.0,1004.0,10,270
2020291N18069,2020,UNNAMED,2020-10-18 06:00:00,TS,17.8,65.3,20.0,1004.0,8,270
2020291N18069,2020,UNNAMED,2020-10-18 09:00:00,TS,17.8,65.0,20.0,1004.0,5,270
2020291N18069,2020,UNNAMED,2020-10-18 12:00:00,TS,17.8,64.8,20.0,1004.0,4,270
2020291N18069,2020,UNNAMED,2020-10-18 15:00:00,TS,17.8,64.6,20.0,1004.0,5,270
2020291N18069,2020,UNNAMED,2020-10-18 18:00:00,TS,17.8,64.3,20.0,1004.0,5,270
2020296N19087,2020,UNNAMED,2020-10-22 03:00:00,TS,18.7,87.0,20.0,999.0,6,0
2020296N19087,2020,UNNAMED,2020-10-22 06:00:00,TS,19.0,87.0,25.0,998.0,7,10
2020296N19087,2020,UNNAMED,2020-10-22 09:00:00,TS,19.4,87.1,25.0,998.0,8,20
2020296N19087,2020,UNNAMED,2020-10-22 12:00:00,TS,19.7,87.3,25.0,998.0,6,25
2020296N19087,2020,UNNAMED,2020-10-22 15:00:00,TS,19.9,87.4,25.0,998.0,6,30
2020296N19087,2020,UNNAMED,2020-10-22 18:00:00,TS,20.2,87.6,25.0,998.0,9,30
2020296N19087,2020,UNNAMED,2020-10-22 21:00:00,TS,20.7,87.9,25.0,998.0,12,30
2020296N19087,2020,UNNAMED,2020-10-23 00:00:00,TS,21.2,88.2,25.0,998.0,8,35
2020296N19087,2020,UNNAMED,2020-10-23 03:00:00,TS,21.4,88.4,25.0,998.0,6,30
2020296N19087,2020,UNNAMED,2020-10-23 06:00:00,TS,21.7,88.5,25.0,998.0,13,30
2020296N19087,2020,UNNAMED,2020-10-23 09:00:00,TS,22.5,89.1,25.0,998.0,19,30
2020296N19087,2020,UNNAMED,2020-10-23 12:00:00,TS,23.3,89.5,20.0,1000.0,14,25
2020296N19087,2020,UNNAMED,2020-10-23 15:00:00,TS,23.8,89.7,20.0,1000.0,8,30
2020296N19087,2020,UNNAMED,2020-10-23 18:00:00,TS,24.0,89.9,20.0,1000.0,6,35
2020326N11063,2020,GATI,2020-11-20 12:00:00,DS,11.2,62.6,,,10,240
2020326N11063,2020,GATI,2020-11-20 15:00:00,DS,11.0,62.2,,,9,250
2020326N11063,2020,GATI,2020-11-20 18:00:00,TS,10.9,61.7,,,9,275
2020326N11063,2020,GATI,2020-11-20 21:00:00,TS,11.1,61.2,,,12,290
2020326N11063,2020,GATI,2020-11-21 00:00:00,TS,11.3,60.6,,,15,280
2020326N11063,2020,GATI,2020-11-21 03:00:00,TS,11.3,59.7,,,18,270
2020326N11063,2020,GATI,2020-11-21 06:00:00,TS,11.3,58.8,,,18,270
2020326N11063,2020,GATI,2020-11-21 09:00:00,TS,11.3,57.9,,,17,270
2020326N11063,2020,GATI,2020-11-21 12:00:00,TS,11.3,57.1,,,17,260
2020326N11063,2020,GATI,2020-11-21 15:00:00,TS,11.1,56.2,,,13,250
2020326N11063,2020,GATI,2020-11-21 18:00:00,TS,10.9,55.8,25.0,1000.0,10,260
2020326N11063,2020,GATI,2020-11-21 21:00:00,TS,10.9,55.2,28.0,999.0,13,265
2020326N11063,2020,GATI,2020-11-22 00:00:00,TS,10.8,54.5,30.0,998.0,18,260
2020326N11063,2020,GATI,2020-11-22 03:00:00,TS,10.6,53.5,40.0,996.0,19,255
2020326N11063,2020,GATI,2020-11-22 06:00:00,TS,10.4,52.6,50.0,992.0,15,260
2020326N11063,2020,GATI,2020-11-22 09:00:00,TS,10.4,52.0,65.0,982.0,11,270
2020326N11063,2020,GATI,2020-11-22 12:00:00,TS,10.4,51.5,75.0,976.0,10,270
2020326N11063,2020,GATI,2020-11-22 15:00:00,TS,10.4,51.0,75.0,976.0,9,270
2020326N11063,2020,GATI,2020-11-22 18:00:00,TS,10.4,50.6,65.0,982.0,8,275
2020326N11063,2020,GATI,2020-11-22 21:00:00,TS,10.5,50.2,60.0,986.0,6,295
2020326N11063,2020,GATI,2020-11-23 00:00:00,TS,10.7,50.0,45.0,994.0,6,310
2020326N11063,2020,GATI,2020-11-23 03:00:00,TS,10.9,49.6,35.0,997.0,8,305
2020326N11063,2020,GATI,2020-11-23 06:00:00,TS,11.1,49.3,30.0,998.0,8,300
2020326N11063,2020,GATI,2020-11-23 09:00:00,TS,11.3,48.9,30.0,999.0,8,295
2020326N11063,2020,GATI,2020-11-23 12:00:00,TS,11.5,48.6,30.0,999.0,10,295
2020326N11063,2020,GATI,2020-11-23 15:00:00,TS,11.7,48.0,30.0,1000.0,11,290
2020326N11063,2020,GATI,2020-11-23 18:00:00,TS,11.8,47.5,30.0,1000.0,9,270
2020326N11063,2020,GATI,2020-11-23 21:00:00,TS,11.7,47.1,28.0,1001.0,8,245
2020326N11063,2020,GATI,2020-11-24 00:00:00,TS,11.5,46.8,25.0,1001.0,7,225
2020326N11063,2020,GATI,2020-11-24 03:00:00,TS,11.2,46.6,20.0,1002.0,6,205
2020326N11063,2020,GATI,2020-11-24 06:00:00,TS,10.9,46.5,,,6,195
2020326N11063,2020,GATI,2020-11-24 09:00:00,TS,10.7,46.4,,,5,200
2020326N11063,2020,GATI,2020-11-24 12:00:00,DS,10.4,46.3,,,6,205
2020327N08086,2020,NIVAR,2020-11-22 06:00:00,DS,7.8,86.1,,,9,325
2020327N08086,2020,NIVAR,2020-11-22 09:00:00,DS,8.2,85.9,,,9,325
2020327N08086,2020,NIVAR,2020-11-22 12:00:00,DS,8.5,85.6,,,8,320
2020327N08086,2020,NIVAR,2020-11-22 15:00:00,DS,8.8,85.3,,,7,315
2020327N08086,2020,NIVAR,2020-11-22 18:00:00,TS,9.0,85.1,,,5,305
2020327N08086,2020,NIVAR,2020-11-22 21:00:00,TS,9.0,85.0,25.0,1002.0,6,300
2020327N08086,2020,NIVAR,2020-11-23 00:00:00,TS,9.3,84.6,25.0,1002.0,9,300
2020327N08086,2020,NIVAR,2020-11-23 03:00:00,TS,9.5,84.2,25.0,1002.0,7,295
2020327N08086,2020,NIVAR,2020-11-23 06:00:00,TS,9.6,84.0,25.0,1001.0,5,300
2020327N08086,2020,NIVAR,2020-11-23 09:00:00,TS,9.7,83.8,28.0,1000.0,4,310
2020327N08086,2020,NIVAR,2020-11-23 12:00:00,TS,9.9,83.6,30.0,999.0,3,310
2020327N08086,2020,NIVAR,2020-11-23 15:00:00,TS,9.9,83.5,30.0,999.0,2,295
2020327N08086,2020,NIVAR,2020-11-23 18:00:00,TS,10.0,83.5,30.0,998.0,2,265
2020327N08086,2020,NIVAR,2020-11-23 21:00:00,TS,9.9,83.3,33.0,998.0,3,250
2020327N08086,2020,NIVAR,2020-11-24 00:00:00,TS,9.8,83.2,35.0,997.0,2,235
2020327N08086,2020,NIVAR,2020-11-24 03:00:00,TS,9.8,83.1,35.0,997.0,3,260
2020327N08086,2020,NIVAR,2020-11-24 06:00:00,TS,9.8,83.0,40.0,994.0,3,280
2020327N08086,2020,NIVAR,2020-11-24 09:00:00,TS,9.9,82.9,45.0,992.0,3,315
2020327N08086,2020,NIVAR,2020-11-24 12:00:00,TS,10.0,82.8,45.0,992.0,3,315
2020327N08086,2020,NIVAR,2020-11-24 15:00:00,TS,10.1,82.7,45.0,992.0,3,315
2020327N08086,2020,NIVAR,2020-11-24 18:00:00,TS,10.2,82.6,50.0,990.0,4,325
2020327N08086,2020,NIVAR,2020-11-24 21:00:00,TS,10.4,82.4,55.0,988.0,5,320
2020327N08086,2020,NIVAR,2020-11-25 00:00:00,TS,10.6,82.2,60.0,986.0,8,310
2020327N08086,2020,NIVAR,2020-11-25 03:00:00,TS,10.8,81.8,60.0,986.0,9,300
2020327N08086,2020,NIVAR,2020-11-25 06:00:00,TS,11.1,81.4,60.0,986.0,8,305
2020327N08086,2020,NIVAR,2020-11-25 09:00:00,TS,11.3,81.1,65.0,982.0,6,310
2020327N08086,2020,NIVAR,2020-11-25 12:00:00,TS,11.5,80.9,65.0,982.0,7,315
2020327N08086,2020,NIVAR,2020-11-25 15:00:00,TS,11.8,80.6,65.0,982.0,8,315
2020327N08086,2020,NIVAR,2020-11-25 18:00:00,TS,12.0,80.4,65.0,982.0,7,315
2020327N08086,2020,NIVAR,2020-11-25 21:00:00,TS,12.2,80.1,60.0,986.0,6,315
2020327N08086,2020,NIVAR,2020-11-26 00:00:00,TS,12.5,80.0,50.0,992.0,7,320
2020327N08086,2020,NIVAR,2020-11-26 03:00:00,TS,12.7,79.7,40.0,996.0,7,330
2020327N08086,2020,NIVAR,2020-11-26 06:00:00,TS,13.0,79.6,35.0,998.0,6,350
2020327N08086,2020,NIVAR,2020-11-26 09:00:00,TS,13.3,79.6,30.0,999.0,5,20
2020327N08086,2020,NIVAR,2020-11-26 12:00:00,TS,13.5,79.8,30.0,1000.0,5,50
2020327N08086,2020,NIVAR,2020-11-26 15:00:00,TS,13.6,80.0,25.0,1001.0,6,60
2020327N08086,2020,NIVAR,2020-11-26 18:00:00,TS,13.8,80.3,20.0,1002.0,6,70
2020327N08086,2020,NIVAR,2020-11-26 21:00:00,TS,13.8,80.6,,,4,55
2020327N08086,2020,NIVAR,2020-11-27 00:00:00,TS,14.0,80.7,,,3,5
2020327N08086,2020,NIVAR,2020-11-27 03:00:00,TS,14.2,80.6,,,4,335
2020327N08086,2020,NIVAR,2020-11-27 06:00:00,TS,14.4,80.5,,,6,325
2020327N08086,2020,NIVAR,2020-11-27 09:00:00,TS,14.7,80.3,,,7,325
2020327N08086,2020,NIVAR,2020-11-27 12:00:00,DS,15.0,80.1,,,8,330
2020335N06090,2020,BUREVI,2020-11-29 12:00:00,DS,6.4,90.4,,,13,290
2020335N06090,2020,BUREVI,2020-11-29 15:00:00,DS,6.6,89.8,,,14,290
2020335N06090,2020,BUREVI,2020-11-29 18:00:00,DS,6.9,89.1,,,15,295
2020335N06090,2020,BUREVI,2020-11-29 21:00:00,DS,7.2,88.4,,,14,295
2020335N06090,2020,BUREVI,2020-11-30 00:00:00,MX,7.5,87.8,20.0,1003.0,9,295
2020335N06090,2020,BUREVI,2020-11-30 03:00:00,MX,7.6,87.6,25.0,1002.0,5,285
2020335N06090,2020,BUREVI,2020-11-30 06:00:00,TS,7.6,87.4,25.0,1002.0,3,265
2020335N06090,2020,BUREVI,2020-11-30 09:00:00,TS,7.6,87.2,25.0,1002.0,3,245
2020335N06090,2020,BUREVI,2020-11-30 12:00:00,TS,7.5,87.1,25.0,1002.0,3,250
2020335N06090,2020,BUREVI,2020-11-30 15:00:00,TS,7.5,87.0,25.0,1002.0,3,270
2020335N06090,2020,BUREVI,2020-11-30 18:00:00,TS,7.5,86.8,25.0,1002.0,5,265
2020335N06090,2020,BUREVI,2020-11-30 21:00:00,TS,7.4,86.4,28.0,1001.0,7,260
2020335N06090,2020,BUREVI,2020-12-01 00:00:00,TS,7.4,86.1,30.0,1000.0,7,265
2020335N06090,2020,BUREVI,2020-12-01 03:00:00,TS,7.4,85.8,30.0,1000.0,7,275
2020335N06090,2020,BUREVI,2020-12-01 06:00:00,TS,7.5,85.4,30.0,1000.0,7,285
2020335N06090,2020,BUREVI,2020-12-01 09:00:00,TS,7.6,85.1,33.0,1000.0,6,295
2020335N06090,2020,BUREVI,2020-12-01 12:00:00,TS,7.7,84.9,35.0,999.0,6,295
2020335N06090,2020,BUREVI,2020-12-01 15:00:00,TS,7.8,84.6,35.0,999.0,7,295
2020335N06090,2020,BUREVI,2020-12-01 18:00:00,TS,8.0,84.3,35.0,999.0,10,300
2020335N06090,2020,BUREVI,2020-12-01 21:00:00,TS,8.3,83.7,35.0,999.0,10,295
2020335N06090,2020,BUREVI,2020-12-02 00:00:00,TS,8.5,83.3,40.0,998.0,8,295
2020335N06090,2020,BUREVI,2020-12-02 03:00:00,TS,8.6,82.9,40.0,998.0,7,290
2020335N06090,2020,BUREVI,2020-12-02 06:00:00,TS,8.7,82.6,45.0,996.0,7,285
2020335N06090,2020,BUREVI,2020-12-02 09:00:00,TS,8.8,82.2,45.0,996.0,7,280
2020335N06090,2020,BUREVI,2020-12-02 12:00:00,TS,8.8,81.9,45.0,996.0,6,280
2020335N06090,2020,BUREVI,2020-12-02 15:00:00,TS,8.9,81.6,45.0,996.0,7,280
2020335N06090,2020,BUREVI,2020-12-02 18:00:00,TS,9.0,81.2,45.0,996.0,8,280
2020335N06090,2020,BUREVI,2020-12-02 21:00:00,TS,9.0,80.9,40.0,998.0,7,275
2020335N06090,2020,BUREVI,2020-12-03 00:00:00,TS,9.0,80.5,40.0,998.0,5,285
2020335N06090,2020,BUREVI,2020-12-03 03:00:00,TS,9.1,80.4,40.0,998.0,5,310
2020335N06090,2020,BUREVI,2020-12-03 06:00:00,TS,9.3,80.1,40.0,998.0,6,290
2020335N06090,2020,BUREVI,2020-12-03 09:00:00,TS,9.4,79.8,35.0,999.0,5,280
2020335N06090,2020,BUREVI,2020-12-03 12:00:00,TS,9.4,79.6,30.0,1000.0,4,275
2020335N06090,2020,BUREVI,2020-12-03 15:00:00,TS,9.4,79.4,30.0,1000.0,3,250
2020335N06090,2020,BUREVI,2020-12-03 18:00:00,TS,9.3,79.3,30.0,1000.0,2,225
2020335N06090,2020,BUREVI,2020-12-03 21:00:00,TS,9.3,79.3,30.0,1000.0,1,205
2020335N06090,2020,BUREVI,2020-12-04 00:00:00,TS,9.2,79.3,30.0,1000.0,1,205
2020335N06090,2020,BUREVI,2020-12-04 03:00:00,TS,9.1,79.2,30.0,1001.0,1,155
2020335N06090,2020,BUREVI,2020-12-04 06:00:00,TS,9.2,79.3,30.0,1001.0,2,50
2020335N06090,2020,BUREVI,2020-12-04 09:00:00,TS,9.3,79.4,28.0,1002.0,3,35
2020335N06090,2020,BUREVI,2020-12-04 12:00:00,TS,9.4,79.4,25.0,1002.0,1,255
2020335N06090,2020,BUREVI,2020-12-04 15:00:00,TS,9.3,79.3,25.0,1003.0,3,225
2020335N06090,2020,BUREVI,2020-12-04 18:00:00,TS,9.2,79.2,25.0,1003.0,2,185
2020335N06090,2020,BUREVI,2020-12-04 21:00:00,TS,9.1,79.3,23.0,1004.0,2,105
2020335N06090,2020,BUREVI,2020-12-05 00:00:00,TS,9.1,79.4,20.0,1004.0,3,65
2020335N06090,2020,BUREVI,2020-12-05 03:00:00,TS,9.2,79.5,20.0,1006.0,8,60
2020335N06090,2020,BUREVI,2020-12-05 06:00:00,DS,9.5,80.1,,,13,60
2020353N06129,2020,KROVANH,2020-12-17 12:00:00,DS,5.8,129.0,,,15,300
2020353N06129,2020,KROVANH,2020-12-17 15:00:00,DS,6.2,128.4,,,14,300
2020353N06129,2020,KROVANH,2020-12-17 18:00:00,DS,6.5,127.8,,,11,295
2020353N06129,2020,KROVANH,2020-12-17 21:00:00,DS,6.7,127.4,,,9,310
2020353N06129,2020,KROVANH,2020-12-18 00:00:00,MX,7.1,127.2,,,11,325
2020353N06129,2020,KROVANH,2020-12-18 03:00:00,MX,7.6,126.7,,,15,310
2020353N06129,2020,KROVANH,2020-12-18 06:00:00,MX,8.1,126.1,,,18,305
2020353N06129,2020,KROVANH,2020-12-18 09:00:00,MX,8.6,125.2,,,20,295
2020353N06129,2020,KROVANH,2020-12-18 12:00:00,MX,8.9,124.3,,,19,280
2020353N06129,2020,KROVANH,2020-12-18 15:00:00,MX,8.9,123.3,,,19,265
2020353N06129,2020,KROVANH,2020-12-18 18:00:00,MX,8.8,122.4,,,17,265
2020353N06129,2020,KROVANH,2020-12-18 21:00:00,MX,8.8,121.6,,,14,275
2020353N06129,2020,KROVANH,2020-12-19 00:00:00,MX,8.9,121.0,,,12,280
2020353N06129,2020,KROVANH,2020-12-19 03:00:00,MX,9.0,120.4,,,12,285
2020353N06129,2020,KROVANH,2020-12-19 06:00:00,MX,9.2,119.8,,,14,290
2020353N06129,2020,KROVANH,2020-12-19 09:00:00,MX,9.5,119.1,,,15,290
2020353N06129,2020,KROVANH,2020-12-19 12:00:00,TS,9.7,118.4,,,15,280
2020353N06129,2020,KROVANH,2020-12-19 15:00:00,TS,9.7,117.6,,,14,270
2020353N06129,2020,KROVANH,2020-12-19 18:00:00,MX,9.8,116.9,,,13,275
2020353N06129,2020,KROVANH,2020-12-19 21:00:00,MX,9.9,116.2,,,13,280
2020353N06129,2020,KROVANH,2020-12-20 00:00:00,TS,10.0,115.6,,,10,280
2020353N06129,2020,KROVANH,2020-12-20 03:00:00,TS,10.1,115.3,,,6,280
2020353N06129,2020,KROVANH,2020-12-20 06:00:00,TS,10.1,115.0,,,6,265
2020353N06129,2020,KROVANH,2020-12-20 09:00:00,TS,10.0,114.7,,,7,255
2020353N06129,2020,KROVANH,2020-12-20 12:00:00,TS,9.9,114.4,,,6,245
2020353N06129,2020,KROVANH,2020-12-20 15:00:00,TS,9.7,114.1,,,6,230
2020353N06129,2020,KROVANH,2020-12-20 18:00:00,TS,9.5,113.9,,,6,225
2020353N06129,2020,KROVANH,2020-12-20 21:00:00,TS,9.3,113.7,,,6,240
2020353N06129,2020,KROVANH,2020-12-21 00:00:00,MX,9.2,113.4,,,6,250
2020353N06129,2020,KROVANH,2020-12-21 03:00:00,MX,9.1,113.2,,,6,250
2020353N06129,2020,KROVANH,2020-12-21 06:00:00,TS,9.0,112.9,,,6,245
2020353N06129,2020,KROVANH,2020-12-21 09:00:00,TS,8.9,112.6,,,7,250
2020353N06129,2020,KROVANH,2020-12-21 12:00:00,TS,8.8,112.3,,,7,250
2020353N06129,2020,KROVANH,2020-12-21 15:00:00,TS,8.6,111.9,,,8,245
2020353N06129,2020,KROVANH,2020-12-21 18:00:00,TS,8.5,111.6,,,7,235
2020353N06129,2020,KROVANH,2020-12-21 21:00:00,TS,8.2,111.3,,,8,225
2020353N06129,2020,KROVANH,2020-12-22 00:00:00,MX,7.9,111.0,,,7,225
2020353N06129,2020,KROVANH,2020-12-22 03:00:00,MX,7.7,110.7,,,5,260
2020353N06129,2020,KROVANH,2020-12-22 06:00:00,MX,7.8,110.5,,,5,280
2020353N06129,2020,KROVANH,2020-12-22 09:00:00,MX,7.8,110.3,,,5,280
2020353N06129,2020,KROVANH,2020-12-22 12:00:00,TS,7.9,110.0,,,6,285
2020353N06129,2020,KROVANH,2020-12-22 15:00:00,TS,7.9,109.6,,,7,280
2020353N06129,2020,KROVANH,2020-12-22 18:00:00,TS,8.0,109.3,,,7,280
2020353N06129,2020,KROVANH,2020-12-22 21:00:00,TS,8.1,108.9,,,7,280
2020353N06129,2020,KROVANH,2020-12-23 00:00:00,TS,8.1,108.5,,,9,280
2020353N06129,2020,KROVANH,2020-12-23 03:00:00,TS,8.2,108.0,,,11,280
2020353N06129,2020,KROVANH,2020-12-23 06:00:00,TS,8.3,107.4,,,11,265
2020353N06129,2020,KROVANH,2020-12-23 09:00:00,TS,8.2,106.9,,,12,255
2020353N06129,2020,KROVANH,2020-12-23 12:00:00,MX,8.0,106.3,,,11,260
2020353N06129,2020,KROVANH,2020-12-23 15:00:00,MX,8.0,105.8,,,11,265
2020353N06129,2020,KROVANH,2020-12-23 18:00:00,MX,7.9,105.2,,,12,265
2020353N06129,2020,KROVANH,2020-12-23 21:00:00,MX,7.8,104.6,,,13,265
2020353N06129,2020,KROVANH,2020-12-24 00:00:00,MX,7.8,103.9,,,12,270
2020353N06129,2020,KROVANH,2020-12-24 03:00:00,MX,7.8,103.3,,,12,275
2020353N06129,2020,KROVANH,2020-12-24 06:00:00,TS,7.8,102.7,,,11,280
2020353N06129,2020,KROVANH,2020-12-24 09:00:00,TS,8.0,102.2,,,11,285
2020353N06129,2020,KROVANH,2020-12-24 12:00:00,TS,8.2,101.6,,,11,290
2020353N06129,2020,KROVANH,2020-12-24 15:00:00,TS,8.3,101.1,,,10,295
2020353N06129,2020,KROVANH,2020-12-24 18:00:00,TS,8.6,100.7,,,12,300
2020353N06129,2020,KROVANH,2020-12-24 21:00:00,TS,8.9,100.2,,,14,310
2020353N06129,2020,KROVANH,2020-12-25 00:00:00,MX,9.4,99.6,,,15,300
2020353N06129,2020,KROVANH,2020-12-25 03:00:00,MX,9.7,98.9,,,16,295
2020353N06129,2020,KROVANH,2020-12-25 06:00:00,MX,10.0,98.1,,,18,300
2020353N06129,2020,KROVANH,2020-12-25 09:00:00,DS,10.6,97.3,,,17,320
2020353N06129,2020,KROVANH,2020-12-25 12:00:00,DS,11.3,97.0,,,15,340
2021092N11096,2021,UNNAMED,2021-04-02 00:00:00,TS,11.0,96.3,25.0,1000.0,0,0
2021092N11096,2021,UNNAMED,2021-04-02 03:00:00,TS,11.0,96.3,25.0,1000.0,2,25
2021092N11096,2021,UNNAMED,2021-04-02 06:00:00,TS,11.2,96.4,25.0,1000.0,6,30
2021092N11096,2021,UNNAMED,2021-04-02 09:00:00,TS,11.5,96.6,25.0,1000.0,7,35
2021092N11096,2021,UNNAMED,2021-04-02 12:00:00,TS,11.8,96.8,25.0,1000.0,7,35
2021092N11096,2021,UNNAMED,2021-04-02 15:00:00,TS,12.0,97.0,25.0,1000.0,6,40
2021092N11096,2021,UNNAMED,2021-04-02 18:00:00,TS,12.3,97.2,25.0,1000.0,7,30
2021092N11096,2021,UNNAMED,2021-04-02 21:00:00,TS,12.7,97.4,25.0,1001.0,8,25
2021092N11096,2021,UNNAMED,2021-04-03 00:00:00,TS,13.0,97.5,25.0,1002.0,6,25
2021092N11096,2021,UNNAMED,2021-04-03 03:00:00,TS,13.2,97.6,20.0,1004.0,4,25
2021133N10071,2021,TAUKTAE,2021-05-13 06:00:00,DS,10.0,70.9,,,5,65
2021133N10071,2021,TAUKTAE,2021-05-13 09:00:00,DS,10.1,71.1,,,4,65
2021133N10071,2021,TAUKTAE,2021-05-13 12:00:00,TS,10.2,71.3,,,4,50
2021133N10071,2021,TAUKTAE,2021-05-13 15:00:00,TS,10.3,71.4,,,4,35
2021133N10071,2021,TAUKTAE,2021-05-13 18:00:00,TS,10.5,71.5,,,4,35
2021133N10071,2021,TAUKTAE,2021-05-13 21:00:00,TS,10.7,71.6,,,5,35
2021133N10071,2021,TAUKTAE,2021-05-14 00:00:00,TS,10.9,71.8,,,5,50
2021133N10071,2021,TAUKTAE,2021-05-14 03:00:00,TS,11.0,72.0,25.0,997.0,5,55
2021133N10071,2021,TAUKTAE,2021-05-14 06:00:00,TS,11.2,72.2,25.0,996.0,7,35
2021133N10071,2021,TAUKTAE,2021-05-14 09:00:00,TS,11.5,72.4,30.0,995.0,6,30
2021133N10071,2021,TAUKTAE,2021-05-14 12:00:00,TS,11.7,72.6,30.0,995.0,5,30
2021133N10071,2021,TAUKTAE,2021-05-14 15:00:00,TS,12.0,72.7,33.0,994.0,6,20
2021133N10071,2021,TAUKTAE,2021-05-14 18:00:00,TS,12.3,72.8,35.0,993.0,5,20
2021133N10071,2021,TAUKTAE,2021-05-14 21:00:00,TS,12.4,72.8,40.0,992.0,6,10
2021133N10071,2021,TAUKTAE,2021-05-15 00:00:00,TS,12.8,72.9,40.0,992.0,6,10
2021133N10071,2021,TAUKTAE,2021-05-15 03:00:00,TS,13.0,72.9,40.0,992.0,5,15
2021133N10071,2021,TAUKTAE,2021-05-15 06:00:00,TS,13.3,73.0,45.0,990.0,6,10
2021133N10071,2021,TAUKTAE,2021-05-15 09:00:00,TS,13.6,73.0,45.0,990.0,6,355
2021133N10071,2021,TAUKTAE,2021-05-15 12:00:00,TS,13.9,73.0,55.0,985.0,6,350
2021133N10071,2021,TAUKTAE,2021-05-15 15:00:00,TS,14.2,72.9,55.0,984.0,6,345
2021133N10071,2021,TAUKTAE,2021-05-15 18:00:00,TS,14.5,72.8,60.0,982.0,5,350
2021133N10071,2021,TAUKTAE,2021-05-15 21:00:00,TS,14.7,72.8,60.0,982.0,6,355
2021133N10071,2021,TAUKTAE,2021-05-16 00:00:00,TS,15.0,72.8,65.0,979.0,7,0
2021133N10071,2021,TAUKTAE,2021-05-16 03:00:00,TS,15.4,72.8,70.0,976.0,8,5
2021133N10071,2021,TAUKTAE,2021-05-16 06:00:00,TS,15.8,72.8,70.0,976.0,9,355
2021133N10071,2021,TAUKTAE,2021-05-16 09:00:00,TS,16.3,72.7,70.0,976.0,10,345
2021133N10071,2021,TAUKTAE,2021-05-16 12:00:00,TS,16.8,72.5,75.0,972.0,11,340
2021133N10071,2021,TAUKTAE,2021-05-16 15:00:00,TS,17.3,72.3,80.0,968.0,10,330
2021133N10071,2021,TAUKTAE,2021-05-16 18:00:00,TS,17.7,72.0,85.0,964.0,9,330
2021133N10071,2021,TAUKTAE,2021-05-16 21:00:00,TS,18.0,71.8,90.0,960.0,8,335
2021133N10071,2021,TAUKTAE,2021-05-17 00:00:00,TS,18.4,71.7,100.0,950.0,8,345
2021133N10071,2021,TAUKTAE,2021-05-17 03:00:00,TS,18.8,71.6,100.0,950.0,9,350
2021133N10071,2021,TAUKTAE,2021-05-17 06:00:00,TS,19.3,71.5,100.0,950.0,8,350
2021133N10071,2021,TAUKTAE,2021-05-17 09:00:00,TS,19.6,71.4,100.0,950.0,8,350
2021133N10071,2021,TAUKTAE,2021-05-17 12:00:00,TS,20.1,71.4,95.0,955.0,9,350
2021133N10071,2021,TAUKTAE,2021-05-17 15:00:00,TS,20.5,71.3,90.0,960.0,9,350
2021133N10071,2021,TAUKTAE,2021-05-17 18:00:00,TS,20.9,71.2,85.0,964.0,7,355
2021133N10071,2021,TAUKTAE,2021-05-17 21:00:00,TS,21.2,71.2,75.0,972.0,6,0
2021133N10071,2021,TAUKTAE,2021-05-18 00:00:00,TS,21.5,71.2,65.0,978.0,4,15
2021133N10071,2021,TAUKTAE,2021-05-18 03:00:00,TS,21.7,71.3,55.0,984.0,7,30
2021133N10071,2021,TAUKTAE,2021-05-18 06:00:00,TS,22.1,71.6,45.0,990.0,10,20
2021133N10071,2021,TAUKTAE,2021-05-18 09:00:00,TS,22.6,71.7,40.0,992.0,12,25
2021133N10071,2021,TAUKTAE,2021-05-18 12:00:00,TS,23.2,72.1,35.0,993.0,13,35
2021133N10071,2021,TAUKTAE,2021-05-18 15:00:00,TS,23.7,72.5,30.0,994.0,13,40
2021133N10071,2021,TAUKTAE,2021-05-18 18:00:00,TS,24.1,73.1,30.0,995.0,11,45
2021133N10071,2021,TAUKTAE,2021-05-18 21:00:00,TS,24.4,73.4,28.0,996.0,6,40
2021133N10071,2021,TAUKTAE,2021-05-19 00:00:00,TS,24.6,73.6,25.0,996.0,6,30
2021133N10071,2021,TAUKTAE,2021-05-19 03:00:00,TS,24.9,73.7,20.0,997.0,16,45
2021133N10071,2021,TAUKTAE,2021-05-19 06:00:00,TS,25.8,74.8,20.0,997.0,27,50
2021143N15090,2021,YAAS,2021-05-23 00:00:00,DS,15.5,90.0,,,3,245
2021143N15090,2021,YAAS,2021-05-23 03:00:00,DS,15.4,89.9,,,2,295
2021143N15090,2021,YAAS,2021-05-23 06:00:00,TS,15.6,89.8,25.0,996.0,2,325
2021143N15090,2021,YAAS,2021-05-23 09:00:00,TS,15.6,89.7,25.0,995.0,3,310
2021143N15090,2021,YAAS,2021-05-23 12:00:00,TS,15.7,89.6,25.0,994.0,3,310
2021143N15090,2021,YAAS,2021-05-23 15:00:00,TS,15.8,89.5,28.0,993.0,2,305
2021143N15090,2021,YAAS,2021-05-23 18:00:00,MX,15.8,89.5,30.0,992.0,2,30
2021143N15090,2021,YAAS,2021-05-23 21:00:00,MX,16.0,89.6,33.0,991.0,4,45
2021143N15090,2021,YAAS,2021-05-24 00:00:00,TS,16.1,89.8,35.0,990.0,5,10
2021143N15090,2021,YAAS,2021-05-24 03:00:00,TS,16.5,89.7,40.0,988.0,5,350
2021143N15090,2021,YAAS,2021-05-24 06:00:00,TS,16.6,89.6,40.0,988.0,5,345
2021143N15090,2021,YAAS,2021-05-24 09:00:00,TS,16.9,89.6,40.0,988.0,6,335
2021143N15090,2021,YAAS,2021-05-24 12:00:00,TS,17.2,89.4,45.0,986.0,6,325
2021143N15090,2021,YAAS,2021-05-24 15:00:00,TS,17.4,89.2,45.0,986.0,6,320
2021143N15090,2021,YAAS,2021-05-24 18:00:00,TS,17.6,89.0,50.0,984.0,6,320
2021143N15090,2021,YAAS,2021-05-24 21:00:00,TS,17.8,88.9,55.0,982.0,6,325
2021143N15090,2021,YAAS,2021-05-25 00:00:00,TS,18.1,88.6,55.0,980.0,7,325
2021143N15090,2021,YAAS,2021-05-25 03:00:00,TS,18.4,88.4,55.0,980.0,8,330
2021143N15090,2021,YAAS,2021-05-25 06:00:00,TS,18.8,88.2,60.0,978.0,7,345
2021143N15090,2021,YAAS,2021-05-25 09:00:00,TS,19.1,88.2,60.0,978.0,7,355
2021143N15090,2021,YAAS,2021-05-25 12:00:00,TS,19.5,88.2,65.0,976.0,8,340
2021143N15090,2021,YAAS,2021-05-25 15:00:00,TS,19.9,88.0,65.0,976.0,8,335
2021143N15090,2021,YAAS,2021-05-25 18:00:00,TS,20.3,87.8,70.0,974.0,5,335
2021143N15090,2021,YAAS,2021-05-25 21:00:00,TS,20.4,87.7,75.0,970.0,4,325
2021143N15090,2021,YAAS,2021-05-26 00:00:00,TS,20.6,87.6,75.0,970.0,8,330
2021143N15090,2021,YAAS,2021-05-26 03:00:00,TS,21.1,87.2,75.0,970.0,11,325
2021143N15090,2021,YAAS,2021-05-26 06:00:00,TS,21.5,86.9,75.0,970.0,9,320
2021143N15090,2021,YAAS,2021-05-26 09:00:00,TS,21.7,86.6,55.0,978.0,6,315
2021143N15090,2021,YAAS,2021-05-26 12:00:00,TS,21.9,86.5,45.0,984.0,7,310
2021143N15090,2021,YAAS,2021-05-26 15:00:00,TS,22.2,86.1,40.0,986.0,9,315
2021143N15090,2021,YAAS,2021-05-26 18:00:00,TS,22.5,85.8,30.0,988.0,7,335
2021143N15090,2021,YAAS,2021-05-26 21:00:00,TS,22.8,85.7,30.0,988.0,6,350
2021143N15090,2021,YAAS,2021-05-27 00:00:00,TS,23.1,85.7,30.0,988.0,5,355
2021143N15090,2021,YAAS,2021-05-27 03:00:00,TS,23.3,85.7,30.0,990.0,5,345
2021143N15090,2021,YAAS,2021-05-27 06:00:00,MX,23.6,85.6,25.0,991.0,7,345
2021143N15090,2021,YAAS,2021-05-27 09:00:00,TS,23.9,85.5,25.0,992.0,8,340
2021143N15090,2021,YAAS,2021-05-27 12:00:00,TS,24.3,85.3,25.0,992.0,7,330
2021143N15090,2021,YAAS,2021-05-27 15:00:00,TS,24.5,85.1,25.0,992.0,6,310
2021143N15090,2021,YAAS,2021-05-27 18:00:00,TS,24.7,84.8,25.0,992.0,6,305
2021256N20087,2021,UNNAMED,2021-09-12 12:00:00,TS,20.3,87.4,25.0,992.0,4,285
2021256N20087,2021,UNNAMED,2021-09-12 15:00:00,TS,20.4,87.2,25.0,992.0,3,290
2021256N20087,2021,UNNAMED,2021-09-12 18:00:00,TS,20.4,87.1,25.0,992.0,1,325
2021256N20087,2021,UNNAMED,2021-09-12 21:00:00,TS,20.5,87.1,28.0,991.0,2,335
2021256N20087,2021,UNNAMED,2021-09-13 00:00:00,TS,20.6,87.0,30.0,990.0,7,305
2021256N20087,2021,UNNAMED,2021-09-13 03:00:00,TS,20.9,86.5,30.0,990.0,9,305
2021256N20087,2021,UNNAMED,2021-09-13 06:00:00,TS,21.1,86.2,30.0,990.0,7,300
2021256N20087,2021,UNNAMED,2021-09-13 09:00:00,TS,21.3,85.9,30.0,990.0,7,295
2021256N20087,2021,UNNAMED,2021-09-13 12:00:00,TS,21.4,85.5,30.0,990.0,7,290
2021256N20087,2021,UNNAMED,2021-09-13 15:00:00,TS,21.5,85.2,30.0,990.0,7,285
2021256N20087,2021,UNNAMED,2021-09-13 18:00:00,TS,21.6,84.8,30.0,990.0,10,290
2021256N20087,2021,UNNAMED,2021-09-13 21:00:00,TS,21.8,84.2,30.0,990.0,12,290
2021256N20087,2021,UNNAMED,2021-09-14 00:00:00,TS,22.0,83.6,30.0,990.0,8,295
2021256N20087,2021,UNNAMED,2021-09-14 03:00:00,TS,22.1,83.4,25.0,990.0,7,305
2021256N20087,2021,UNNAMED,2021-09-14 06:00:00,TS,22.4,83.0,25.0,990.0,8,305
2021256N20087,2021,UNNAMED,2021-09-14 09:00:00,TS,22.6,82.7,25.0,993.0,6,305
2021256N20087,2021,UNNAMED,2021-09-14 12:00:00,TS,22.7,82.5,25.0,996.0,5,300
2021256N20087,2021,UNNAMED,2021-09-14 15:00:00,TS,22.8,82.3,25.0,996.0,6,305
2021256N20087,2021,UNNAMED,2021-09-14 18:00:00,TS,23.0,82.0,25.0,996.0,6,305
2021264N13119,2021,DIANMU,2021-09-21 00:00:00,DS,12.9,119.0,,,12,210
2021264N13119,2021,DIANMU,2021-09-21 03:00:00,DS,12.4,118.7,,,11,215
2021264N13119,2021,DIANMU,2021-09-21 06:00:00,DS,12.0,118.4,,,9,225
2021264N13119,2021,DIANMU,2021-09-21 09:00:00,DS,11.8,118.0,,,8,250
2021264N13119,2021,DIANMU,2021-09-21 12:00:00,DS,11.7,117.6,,,10,265
2021264N13119,2021,DIANMU,2021-09-21 15:00:00,DS,11.7,117.0,,,12,270
2021264N13119,2021,DIANMU,2021-09-21 18:00:00,DS,11.7,116.4,,,11,275
2021264N13119,2021,DIANMU,2021-09-21 21:00:00,DS,11.8,115.9,,,11,280
2021264N13119,2021,DIANMU,2021-09-22 00:00:00,MX,11.9,115.3,,,12,290
2021264N13119,2021,DIANMU,2021-09-22 03:00:00,MX,12.2,114.7,,,13,295
2021264N13119,2021,DIANMU,2021-09-22 06:00:00,MX,12.5,114.1,,,10,295
2021264N13119,2021,DIANMU,2021-09-22 09:00:00,MX,12.6,113.7,,,7,290
2021264N13119,2021,DIANMU,2021-09-22 12:00:00,MX,12.7,113.5,,,7,295
2021264N13119,2021,DIANMU,2021-09-22 15:00:00,MX,12.9,113.1,,,9,300
2021264N13119,2021,DIANMU,2021-09-22 18:00:00,TS,13.2,112.7,,,11,300
2021264N13119,2021,DIANMU,2021-09-22 21:00:00,TS,13.5,112.1,,,13,305
2021264N13119,2021,DIANMU,2021-09-23 00:00:00,TS,13.9,111.6,,,14,305
2021264N13119,2021,DIANMU,2021-09-23 03:00:00,TS,14.3,111.0,,,14,305
2021264N13119,2021,DIANMU,2021-09-23 06:00:00,TS,14.7,110.5,,,13,305
2021264N13119,2021,DIANMU,2021-09-23 09:00:00,TS,15.1,109.9,,,13,295
2021264N13119,2021,DIANMU,2021-09-23 12:00:00,TS,15.3,109.3,,,12,290
2021264N13119,2021,DIANMU,2021-09-23 15:00:00,TS,15.4,108.7,,,12,285
2021264N13119,2021,DIANMU,2021-09-23 18:00:00,TS,15.6,108.1,,,14,280
2021264N13119,2021,DIANMU,2021-09-23 21:00:00,TS,15.7,107.2,,,16,280
2021264N13119,2021,DIANMU,2021-09-24 00:00:00,TS,15.8,106.5,,,14,280
2021264N13119,2021,DIANMU,2021-09-24 03:00:00,TS,16.0,105.9,,,11,285
2021264N13119,2021,DIANMU,2021-09-24 06:00:00,MX,16.1,105.4,,,8,290
2021264N13119,2021,DIANMU,2021-09-24 09:00:00,MX,16.2,105.0,,,7,285
2021264N13119,2021,DIANMU,2021-09-24 12:00:00,MX,16.3,104.7,,,9,260
2021264N13119,2021,DIANMU,2021-09-24 15:00:00,TS,16.1,104.1,,,12,255
2021264N13119,2021,DIANMU,2021-09-24 18:00:00,TS,16.0,103.5,,,10,260
2021264N13119,2021,DIANMU,2021-09-24 21:00:00,TS,16.0,103.0,,,9,265
2021264N13119,2021,DIANMU,2021-09-25 00:00:00,TS,16.0,102.6,,,9,270
2021264N13119,2021,DIANMU,2021-09-25 03:00:00,TS,16.0,102.1,,,9,275
2021264N13119,2021,DIANMU,2021-09-25 06:00:00,TS,16.0,101.6,,,8,275
2021264N13119,2021,DIANMU,2021-09-25 09:00:00,TS,16.0,101.2,,,6,275
2021264N13119,2021,DIANMU,2021-09-25 12:00:00,TS,16.1,101.0,,,6,275
2021264N13119,2021,DIANMU,2021-09-25 15:00:00,TS,16.1,100.7,,,6,275
2021264N13119,2021,DIANMU,2021-09-25 18:00:00,TS,16.1,100.4,,,7,270
2021264N13119,2021,DIANMU,2021-09-25 21:00:00,TS,16.1,99.9,,,9,270
2021264N13119,2021,DIANMU,2021-09-26 00:00:00,TS,16.1,99.5,,,9,270
2021267N18094,2021,GULAB:SHAHEEN-GU,2021-09-23 18:00:00,TS,18.4,94.1,,,9,240
2021267N18094,2021,GULAB:SHAHEEN-GU,2021-09-23 21:00:00,TS,18.2,93.7,,,8,250
2021267N18094,2021,GULAB:SHAHEEN-GU,2021-09-24 00:00:00,TS,18.1,93.3,,,8,270
2021267N18094,2021,GULAB:SHAHEEN-GU,2021-09-24 03:00:00,TS,18.2,92.9,,,9,285
2021267N18094,2021,GULAB:SHAHEEN-GU,2021-09-24 06:00:00,TS,18.3,92.4,,,9,280
2021267N18094,2021,GULAB:SHAHEEN-GU,2021-09-24 09:00:00,TS,18.3,91.9,,,10,270
2021267N18094,2021,GULAB:SHAHEEN-GU,2021-09-24 12:00:00,TS,18.3,91.4,25.0,1000.0,10,270
2021267N18094,2021,GULAB:SHAHEEN-GU,2021-09-24 15:00:00,TS,18.3,90.9,25.0,1000.0,9,275
2021267N18094,2021,GULAB:SHAHEEN-GU,2021-09-24 18:00:00,TS,18.3,90.5,25.0,1000.0,7,270
2021267N18094,2021,GULAB:SHAHEEN-GU,2021-09-24 21:00:00,TS,18.3,90.1,28.0,1000.0,7,265
2021267N18094,2021,GULAB:SHAHEEN-GU,2021-09-25 00:00:00,TS,18.3,89.8,30.0,999.0,7,265
2021267N18094,2021,GULAB:SHAHEEN-GU,2021-09-25 03:00:00,TS,18.3,89.4,30.0,998.0,8,270
2021267N18094,2021,GULAB:SHAHEEN-GU,2021-09-25 06:00:00,TS,18.3,88.9,30.0,998.0,7,270
2021267N18094,2021,GULAB:SHAHEEN-GU,2021-09-25 09:00:00,TS,18.3,88.6,33.0,998.0,4,265
2021267N18094,2021,GULAB:SHAHEEN-GU,2021-09-25 12:00:00,TS,18.3,88.5,35.0,997.0,3,265
2021267N18094,2021,GULAB:SHAHEEN-GU,2021-09-25 15:00:00,TS,18.2,88.4,35.0,997.0,3,270
2021267N18094,2021,GULAB:SHAHEEN-GU,2021-09-25 18:00:00,TS,18.3,88.2,35.0,996.0,6,270
2021267N18094,2021,GULAB:SHAHEEN-GU,2021-09-25 21:00:00,TS,18.3,87.7,35.0,996.0,9,275
2021267N18094,2021,GULAB:SHAHEEN-GU,2021-09-26 00:00:00,TS,18.3,87.3,40.0,994.0,11,275
2021267N18094,2021,GULAB:SHAHEEN-GU,2021-09-26 03:00:00,TS,18.4,86.5,40.0,994.0,12,275
2021267N18094,2021,GULAB:SHAHEEN-GU,2021-09-26 06:00:00,TS,18.5,86.0,45.0,992.0,12,270
2021267N18094,2021,GULAB:SHAHEEN-GU,2021-09-26 09:00:00,TS,18.4,85.3,45.0,992.0,14,270
2021267N18094,2021,GULAB:SHAHEEN-GU,2021-09-26 12:00:00,TS,18.4,84.6,45.0,992.0,14,265
2021267N18094,2021,GULAB:SHAHEEN-GU,2021-09-26 15:00:00,TS,18.3,83.9,45.0,992.0,11,265
2021267N18094,2021,GULAB:SHAHEEN-GU,2021-09-26 18:00:00,TS,18.3,83.4,35.0,994.0,9,265
2021267N18094,2021,GULAB:SHAHEEN-GU,2021-09-26 21:00:00,TS,18.2,82.9,30.0,996.0,8,255
2021267N18094,2021,GULAB:SHAHEEN-GU,2021-09-27 00:00:00,TS,18.2,82.6,30.0,996.0,7,270
2021267N18094,2021,GULAB:SHAHEEN-GU,2021-09-27 03:00:00,TS,18.2,82.2,30.0,996.0,10,290
2021267N18094,2021,GULAB:SHAHEEN-GU,2021-09-27 06:00:00,TS,18.5,81.7,30.0,996.0,14,285
2021267N18094,2021,GULAB:SHAHEEN-GU,2021-09-27 09:00:00,TS,18.6,80.8,28.0,997.0,17,280
2021267N18094,2021,GULAB:SHAHEEN-GU,2021-09-27 12:00:00,MX,18.8,80.0,25.0,998.0,12,285
2021267N18094,2021,GULAB:SHAHEEN-GU,2021-09-27 15:00:00,MX,18.9,79.5,25.0,998.0,8,290
2021267N18094,2021,GULAB:SHAHEEN-GU,2021-09-27 18:00:00,MX,19.1,79.2,25.0,998.0,8,290
2021267N18094,2021,GULAB:SHAHEEN-GU,2021-09-27 21:00:00,MX,19.2,78.8,25.0,998.0,10,295
2021267N18094,2021,GULAB:SHAHEEN-GU,2021-09-28 00:00:00,MX,19.5,78.3,25.0,998.0,11,300
2021267N18094,2021,GULAB:SHAHEEN-GU,2021-09-28 03:00:00,MX,19.8,77.8,20.0,999.0,10,310
2021267N18094,2021,GULAB:SHAHEEN-GU,2021-09-28 06:00:00,DS,20.1,77.5,,,9,305
2021267N18094,2021,GULAB:SHAHEEN-GU,2021-09-28 09:00:00,DS,20.3,77.0,,,10,295
2021267N18094,2021,GULAB:SHAHEEN-GU,2021-09-28 12:00:00,DS,20.5,76.5,,,11,290
2021267N18094,2021,GULAB:SHAHEEN-GU,2021-09-28 15:00:00,DS,20.7,75.9,,,12,290
2021267N18094,2021,GULAB:SHAHEEN-GU,2021-09-28 18:00:00,DS,20.9,75.3,,,12,295
2021267N18094,2021,GULAB:SHAHEEN-GU,2021-09-28 21:00:00,DS,21.2,74.7,,,13,300
2021267N18094,2021,GULAB:SHAHEEN-GU,2021-09-29 00:00:00,DS,21.5,74.1,,,15,300
2021267N18094,2021,GULAB:SHAHEEN-GU,2021-09-29 03:00:00,DS,21.9,73.3,,,16,295
2021267N18094,2021,GULAB:SHAHEEN-GU,2021-09-29 06:00:00,TS,22.2,72.6,,,13,295
2021267N18094,2021,GULAB:SHAHEEN-GU,2021-09-29 09:00:00,TS,22.4,72.0,,,11,290
2021267N18094,2021,GULAB:SHAHEEN-GU,2021-09-29 12:00:00,TS,22.6,71.5,,,12,280
2021267N18094,2021,GULAB:SHAHEEN-GU,2021-09-29 15:00:00,TS,22.7,70.8,,,13,275
2021267N18094,2021,GULAB:SHAHEEN-GU,2021-09-29 18:00:00,TS,22.7,70.1,,,11,270
2021267N18094,2021,GULAB:SHAHEEN-GU,2021-09-29 21:00:00,TS,22.7,69.6,,,8,265
2021267N18094,2021,GULAB:SHAHEEN-GU,2021-09-30 00:00:00,TS,22.6,69.3,25.0,,8,265
2021267N18094,2021,GULAB:SHAHEEN-GU,2021-09-30 03:00:00,TS,22.6,68.7,25.0,,9,270
2021267N18094,2021,GULAB:SHAHEEN-GU,2021-09-30 06:00:00,TS,22.6,68.3,25.0,,9,280
2021267N18094,2021,GULAB:SHAHEEN-GU,2021-09-30 09:00:00,TS,22.8,67.7,25.0,,10,285
2021267N18094,2021,GULAB:SHAHEEN-GU,2021-09-30 12:00:00,TS,22.9,67.2,25.0,,9,280
2021267N18094,2021,GULAB:SHAHEEN-GU,2021-09-30 15:00:00,TS,22.9,66.8,28.0,,7,275
2021267N18094,2021,GULAB:SHAHEEN-GU,2021-09-30 18:00:00,TS,23.0,66.4,30.0,,8,275
2021267N18094,2021,GULAB:SHAHEEN-GU,2021-09-30 21:00:00,TS,23.0,65.9,33.0,,9,275
2021267N18094,2021,GULAB:SHAHEEN-GU,2021-10-01 00:00:00,TS,23.1,65.4,35.0,,9,280
2021267N18094,2021,GULAB:SHAHEEN-GU,2021-10-01 03:00:00,TS,23.1,64.9,40.0,,8,280
2021267N18094,2021,GULAB:SHAHEEN-GU,2021-10-01 06:00:00,TS,23.2,64.6,45.0,,7,290
2021267N18094,2021,GULAB:SHAHEEN-GU,2021-10-01 09:00:00,TS,23.3,64.2,45.0,,7,290
2021267N18094,2021,GULAB:SHAHEEN-GU,2021-10-01 12:00:00,TS,23.5,63.9,55.0,,7,295
2021267N18094,2021,GULAB:SHAHEEN-GU,2021-10-01 15:00:00,TS,23.6,63.5,55.0,,6,290
2021267N18094,2021,GULAB:SHAHEEN-GU,2021-10-01 18:00:00,TS,23.7,63.2,60.0,,6,290
2021267N18094,2021,GULAB:SHAHEEN-GU,2021-10-01 21:00:00,TS,23.8,62.8,60.0,,7,285
2021267N18094,2021,GULAB:SHAHEEN-GU,2021-10-02 00:00:00,TS,23.8,62.5,60.0,,7,285
2021267N18094,2021,GULAB:SHAHEEN-GU,2021-10-02 03:00:00,TS,24.0,62.1,60.0,,7,290
2021267N18094,2021,GULAB:SHAHEEN-GU,2021-10-02 06:00:00,TS,24.1,61.7,60.0,,8,290
2021267N18094,2021,GULAB:SHAHEEN-GU,2021-10-02 09:00:00,TS,24.2,61.3,60.0,,8,290
2021267N18094,2021,GULAB:SHAHEEN-GU,2021-10-02 12:00:00,TS,24.4,60.9,60.0,,8,280
2021267N18094,2021,GULAB:SHAHEEN-GU,2021-10-02 15:00:00,TS,24.4,60.5,60.0,,7,270
2021267N18094,2021,GULAB:SHAHEEN-GU,2021-10-02 18:00:00,TS,24.3,60.1,60.0,,7,265
2021267N18094,2021,GULAB:SHAHEEN-GU,2021-10-02 21:00:00,TS,24.3,59.7,60.0,,6,255
2021267N18094,2021,GULAB:SHAHEEN-GU,2021-10-03 00:00:00,TS,24.2,59.5,60.0,,6,255
2021267N18094,2021,GULAB:SHAHEEN-GU,2021-10-03 03:00:00,TS,24.1,59.1,60.0,,6,260
2021267N18094,2021,GULAB:SHAHEEN-GU,2021-10-03 06:00:00,TS,24.1,58.8,60.0,,6,265
2021267N18094,2021,GULAB:SHAHEEN-GU,2021-10-03 09:00:00,TS,24.1,58.4,60.0,,6,260
2021267N18094,2021,GULAB:SHAHEEN-GU,2021-10-03 12:00:00,TS,24.0,58.1,60.0,,5,260
2021267N18094,2021,GULAB:SHAHEEN-GU,2021-10-03 15:00:00,TS,24.0,57.8,60.0,,5,260
2021267N18094,2021,GULAB:SHAHEEN-GU,2021-10-03 18:00:00,TS,23.9,57.6,55.0,,5,250
2021267N18094,2021,GULAB:SHAHEEN-GU,2021-10-03 21:00:00,TS,23.8,57.3,55.0,,6,250
2021267N18094,2021,GULAB:SHAHEEN-GU,2021-10-04 00:00:00,TS,23.7,56.9,40.0,,8,250
2021267N18094,2021,GULAB:SHAHEEN-GU,2021-10-04 03:00:00,TS,23.5,56.5,30.0,,8,250
2021267N18094,2021,GULAB:SHAHEEN-GU,2021-10-04 06:00:00,TS,23.4,56.1,20.0,,8,250
2021280N14068,2021,UNNAMED,2021-10-07 03:00:00,TS,14.0,67.5,25.0,1002.0,7,305
2021280N14068,2021,UNNAMED,2021-10-07 06:00:00,TS,14.2,67.2,25.0,1002.0,5,305
2021280N14068,2021,UNNAMED,2021-10-07 09:00:00,TS,14.3,67.1,25.0,1002.0,2,295
2021280N14068,2021,UNNAMED,2021-10-07 12:00:00,TS,14.3,67.0,25.0,1002.0,2,310
2021280N14068,2021,UNNAMED,2021-10-07 15:00:00,TS,14.4,66.9,25.0,1002.0,3,315
2021280N14068,2021,UNNAMED,2021-10-07 18:00:00,TS,14.5,66.8,25.0,1002.0,2,310
2021280N14068,2021,UNNAMED,2021-10-07 21:00:00,TS,14.5,66.7,25.0,1002.0,2,295
2021280N14068,2021,UNNAMED,2021-10-08 00:00:00,TS,14.6,66.6,25.0,1002.0,3,295
2021280N14068,2021,UNNAMED,2021-10-08 03:00:00,TS,14.7,66.4,25.0,1002.0,4,285
2021280N14068,2021,UNNAMED,2021-10-08 06:00:00,TS,14.7,66.2,25.0,1002.0,4,265
2021280N14068,2021,UNNAMED,2021-10-08 09:00:00,TS,14.7,66.0,25.0,1003.0,3,250
2021280N14068,2021,UNNAMED,2021-10-08 12:00:00,TS,14.6,65.9,25.0,1003.0,2,240
2021280N14068,2021,UNNAMED,2021-10-08 15:00:00,TS,14.5,65.8,25.0,1003.0,1,225
2021280N14068,2021,UNNAMED,2021-10-08 18:00:00,TS,14.5,65.8,25.0,1003.0,1,215
2021312N07090,2021,UNNAMED,2021-11-08 06:00:00,DS,7.4,90.1,,,10,315
2021312N07090,2021,UNNAMED,2021-11-08 09:00:00,DS,7.7,89.8,,,9,310
2021312N07090,2021,UNNAMED,2021-11-08 12:00:00,DS,8.0,89.4,,,8,295
2021312N07090,2021,UNNAMED,2021-11-08 15:00:00,DS,8.1,89.0,,,8,285
2021312N07090,2021,UNNAMED,2021-11-08 18:00:00,DS,8.2,88.6,,,8,285
2021312N07090,2021,UNNAMED,2021-11-08 21:00:00,DS,8.4,88.2,,,8,295
2021312N07090,2021,UNNAMED,2021-11-09 00:00:00,DS,8.5,87.9,,,5,305
2021312N07090,2021,UNNAMED,2021-11-09 03:00:00,DS,8.6,87.8,,,2,335
2021312N07090,2021,UNNAMED,2021-11-09 06:00:00,DS,8.7,87.8,,,3,330
2021312N07090,2021,UNNAMED,2021-11-09 09:00:00,DS,8.8,87.7,,,4,315
2021312N07090,2021,UNNAMED,2021-11-09 12:00:00,DS,9.0,87.5,,,6,320
2021312N07090,2021,UNNAMED,2021-11-09 15:00:00,DS,9.3,87.3,,,8,315
2021312N07090,2021,UNNAMED,2021-11-09 18:00:00,DS,9.6,86.9,,,9,300
2021312N07090,2021,UNNAMED,2021-11-09 21:00:00,DS,9.8,86.5,,,10,285
2021312N07090,2021,UNNAMED,2021-11-10 00:00:00,DS,9.9,85.9,,,14,285
2021312N07090,2021,UNNAMED,2021-11-10 03:00:00,DS,10.1,85.1,,,17,285
2021312N07090,2021,UNNAMED,2021-11-10 06:00:00,DS,10.3,84.2,,,16,285
2021312N07090,2021,UNNAMED,2021-11-10 09:00:00,DS,10.5,83.5,,,12,295
2021312N07090,2021,UNNAMED,2021-11-10 12:00:00,TS,10.8,83.1,25.0,1000.0,13,310
2021312N07090,2021,UNNAMED,2021-11-10 15:00:00,TS,11.4,82.6,25.0,1000.0,14,320
2021312N07090,2021,UNNAMED,2021-11-10 18:00:00,TS,11.9,82.1,25.0,1000.0,10,315
2021312N07090,2021,UNNAMED,2021-11-10 21:00:00,TS,12.1,81.8,25.0,1000.0,7,305
2021312N07090,2021,UNNAMED,2021-11-11 00:00:00,TS,12.3,81.6,25.0,1000.0,8,305
2021312N07090,2021,UNNAMED,2021-11-11 03:00:00,TS,12.5,81.2,25.0,1000.0,9,300
2021312N07090,2021,UNNAMED,2021-11-11 06:00:00,TS,12.8,80.8,25.0,1000.0,8,295
2021312N07090,2021,UNNAMED,2021-11-11 09:00:00,TS,12.9,80.4,25.0,1000.0,7,285
2021312N07090,2021,UNNAMED,2021-11-11 12:00:00,TS,13.0,80.1,25.0,1000.0,11,275
2021312N07090,2021,UNNAMED,2021-11-11 15:00:00,TS,12.9,79.4,23.0,1000.0,15,270
2021312N07090,2021,UNNAMED,2021-11-11 18:00:00,TS,12.9,78.5,20.0,1000.0,17,265
2021322N11082,2021,UNNAMED,2021-11-18 03:00:00,TS,11.0,82.3,25.0,1000.0,12,290
2021322N11082,2021,UNNAMED,2021-11-18 06:00:00,TS,11.2,81.7,25.0,1000.0,12,295
2021322N11082,2021,UNNAMED,2021-11-18 09:00:00,TS,11.5,81.2,25.0,1000.0,10,305
2021322N11082,2021,UNNAMED,2021-11-18 12:00:00,TS,11.8,80.9,25.0,1000.0,8,315
2021322N11082,2021,UNNAMED,2021-11-18 15:00:00,TS,12.0,80.7,25.0,1000.0,6,315
2021322N11082,2021,UNNAMED,2021-11-18 18:00:00,TS,12.2,80.5,25.0,1000.0,5,310
2021322N11082,2021,UNNAMED,2021-11-18 21:00:00,TS,12.3,80.3,25.0,1000.0,6,300
2021322N11082,2021,UNNAMED,2021-11-19 00:00:00,TS,12.5,80.0,25.0,1000.0,7,305
2021322N11082,2021,UNNAMED,2021-11-19 03:00:00,TS,12.7,79.7,20.0,1002.0,7,305
2021335N08096,2021,JAWAD,2021-11-30 18:00:00,DS,8.4,96.3,,,8,205
2021335N08096,2021,JAWAD,2021-11-30 21:00:00,DS,8.0,96.1,,,8,225
2021335N08096,2021,JAWAD,2021-12-01 00:00:00,DS,7.8,95.7,,,12,260
2021335N08096,2021,JAWAD,2021-12-01 03:00:00,DS,7.8,94.9,,,17,275
2021335N08096,2021,JAWAD,2021-12-01 06:00:00,DS,8.0,94.0,,,15,280
2021335N08096,2021,JAWAD,2021-12-01 09:00:00,DS,8.1,93.4,,,11,280
2021335N08096,2021,JAWAD,2021-12-01 12:00:00,DS,8.2,92.9,,,11,295
2021335N08096,2021,JAWAD,2021-12-01 15:00:00,DS,8.5,92.3,,,13,305
2021335N08096,2021,JAWAD,2021-12-01 18:00:00,TS,8.9,91.8,,,12,305
2021335N08096,2021,JAWAD,2021-12-01 21:00:00,TS,9.2,91.3,,,12,305
2021335N08096,2021,JAWAD,2021-12-02 00:00:00,TS,9.6,90.8,,,15,300
2021335N08096,2021,JAWAD,2021-12-02 03:00:00,TS,10.0,90.1,,,17,300
2021335N08096,2021,JAWAD,2021-12-02 06:00:00,TS,10.5,89.3,,,16,305
2021335N08096,2021,JAWAD,2021-12-02 09:00:00,TS,11.0,88.7,,,13,315
2021335N08096,2021,JAWAD,2021-12-02 12:00:00,TS,11.4,88.4,25.0,1004.0,11,315
2021335N08096,2021,JAWAD,2021-12-02 15:00:00,TS,11.8,87.9,25.0,1004.0,13,310
2021335N08096,2021,JAWAD,2021-12-02 18:00:00,TS,12.2,87.3,25.0,1004.0,16,315
2021335N08096,2021,JAWAD,2021-12-02 21:00:00,TS,12.9,86.7,28.0,1003.0,18,320
2021335N08096,2021,JAWAD,2021-12-03 00:00:00,TS,13.6,86.2,30.0,1002.0,14,325
2021335N08096,2021,JAWAD,2021-12-03 03:00:00,TS,14.0,85.9,30.0,1002.0,10,320
2021335N08096,2021,JAWAD,2021-12-03 06:00:00,TS,14.4,85.6,35.0,1001.0,8,320
2021335N08096,2021,JAWAD,2021-12-03 09:00:00,TS,14.7,85.3,35.0,1001.0,8,325
2021335N08096,2021,JAWAD,2021-12-03 12:00:00,TS,15.0,85.1,40.0,1000.0,6,330
2021335N08096,2021,JAWAD,2021-12-03 15:00:00,TS,15.2,85.0,40.0,1000.0,5,335
2021335N08096,2021,JAWAD,2021-12-03 18:00:00,TS,15.5,84.9,40.0,1000.0,5,340
2021335N08096,2021,JAWAD,2021-12-03 21:00:00,TS,15.7,84.9,40.0,1000.0,5,345
2021335N08096,2021,JAWAD,2021-12-04 00:00:00,TS,16.0,84.8,40.0,1000.0,5,350
2021335N08096,2021,JAWAD,2021-12-04 03:00:00,TS,16.2,84.8,40.0,1000.0,4,15
2021335N08096,2021,JAWAD,2021-12-04 06:00:00,TS,16.3,84.9,35.0,1001.0,4,20
2021335N08096,2021,JAWAD,2021-12-04 09:00:00,TS,16.5,84.9,35.0,1001.0,5,20
2021335N08096,2021,JAWAD,2021-12-04 12:00:00,TS,16.8,85.1,30.0,1002.0,6,20
2021335N08096,2021,JAWAD,2021-12-04 15:00:00,TS,17.1,85.1,30.0,1002.0,5,25
2021335N08096,2021,JAWAD,2021-12-04 18:00:00,TS,17.3,85.3,30.0,1002.0,4,40
2021335N08096,2021,JAWAD,2021-12-04 21:00:00,TS,17.4,85.4,30.0,1002.0,6,45
2021335N08096,2021,JAWAD,2021-12-05 00:00:00,TS,17.7,85.7,30.0,1002.0,10,25
2021335N08096,2021,JAWAD,2021-12-05 03:00:00,TS,18.3,85.8,30.0,1003.0,11,20
2021335N08096,2021,JAWAD,2021-12-05 06:00:00,TS,18.7,86.1,30.0,1003.0,9,30
2021335N08096,2021,JAWAD,2021-12-05 09:00:00,TS,19.0,86.3,25.0,1004.0,10,35
2021335N08096,2021,JAWAD,2021-12-05 12:00:00,MX,19.5,86.7,25.0,1004.0,12,35
2021335N08096,2021,JAWAD,2021-12-05 15:00:00,MX,20.0,87.0,25.0,1004.0,13,25
2021335N08096,2021,JAWAD,2021-12-05 18:00:00,MX,20.7,87.2,25.0,1004.0,12,20
2021335N08096,2021,JAWAD,2021-12-05 21:00:00,DS,21.2,87.4,,,9,30
2021335N08096,2021,JAWAD,2021-12-06 00:00:00,DS,21.5,87.7,,,9,40
2021335N08096,2021,JAWAD,2021-12-06 03:00:00,DS,21.9,88.1,,,11,45
2021335N08096,2021,JAWAD,2021-12-06 06:00:00,DS,22.3,88.5,,,12,45
